name,website,source_url,category,lat,lon
Evangelische Hoffnungsgemeinde Karlsruhe,https://hoffnungsgemeinde-karlsruhe.de,https://www.openstreetmap.org/node/25642789,religion,48.9969841,8.3385619
Textil Perle,,https://www.openstreetmap.org/node/27005346,dressmaker,49.0279436,8.35093
Stadtmobil CarSharing GmbH & Co. KG,http://karlsruhe.stadtmobil.de,https://www.openstreetmap.org/node/31261875,car_sharing,49.0096536,8.4226286
Büro KGV Rennichwiesen,,https://www.openstreetmap.org/node/251523941,association,49.0057864,8.4612997
TEAM - PACK GmbH,http://www.team-pack.de/,https://www.openstreetmap.org/node/295468140,factory,49.0199363,8.3565599
Erste Reserve,https://www.erste-reserve.de,https://www.openstreetmap.org/node/305533088,company,49.0096059,8.4067785
knubben & lunker,https://knubben-lunker.de/,https://www.openstreetmap.org/node/311191469,architect,48.9970577,8.3935212
Geofabrik,https://geofabrik.de,https://www.openstreetmap.org/node/312915889,company,49.009606,8.3902072
Schreinerei Kalesse,http://www.schreinerkalesse.de/,https://www.openstreetmap.org/node/333175901,carpenter,49.0070551,8.4182891
UNISENSOR Sensorsysteme GmbH,,https://www.openstreetmap.org/node/415816949,company,49.0437485,8.3925565
Schweikert Schilling,https://www.schweikert-schilling.de/,https://www.openstreetmap.org/node/446135458,architect,48.9992868,8.4050083
Radsport & Schlüsseldienst,,https://www.openstreetmap.org/node/524507023,locksmith,49.0089749,8.4152002
BPB,,https://www.openstreetmap.org/node/539626759,yes,48.9942803,8.3932082
RE/MAX Immobilien,http://www.remax-premiumgroup.de/,https://www.openstreetmap.org/node/539627688,estate_agent,48.9945468,8.3923709
Smandra,https://smandra-mpu.de/,https://www.openstreetmap.org/node/540131068,yes,48.9945546,8.3922047
MegaCycle,https://megacycle-gmbh.de/,https://www.openstreetmap.org/node/540998399,it,49.0053468,8.4090403
Starface GmbH,https://starface.com/,https://www.openstreetmap.org/node/610908804,company,49.0045037,8.4094757
Artmann Immobilien,,https://www.openstreetmap.org/node/656279908,estate_agent,49.0023654,8.3648597
Entropia e.V.,https://entropia.de,https://www.openstreetmap.org/node/671024080,ngo,49.0065018,8.4071868
RockHold Immobilien,,https://www.openstreetmap.org/node/802519377,estate_agent,49.01059,8.3775793
Landesoberkasse Baden-Württemberg,https://www.service-bw.de/zufi/organisationseinheiten/6017313,https://www.openstreetmap.org/node/804654083,government,49.0026321,8.3815573
R+V Versicherungen,,https://www.openstreetmap.org/node/814646760,insurance,49.0015397,8.380739
Institut für Geschichte,,https://www.openstreetmap.org/node/830188958,research,49.0131466,8.4136921
International Student Hub,,https://www.openstreetmap.org/node/834261965,university,49.0096533,8.4110657
Skriptenverkauf / Information,,https://www.openstreetmap.org/node/982371850,university,49.0113328,8.4174919
BARMER Krankenkasse,https://www.barmer.de/,https://www.openstreetmap.org/node/990262313,insurance,49.0062558,8.4006941
FDP,https://www.fdp-karlsruhe.de/,https://www.openstreetmap.org/node/990930802,political_party,49.0119463,8.3745218
Vicky & Steve,https://vickysteve-schneiderei.de/,https://www.openstreetmap.org/node/1005874606,dressmaker,49.0088069,8.3895271
Fachschaft Wirtschaftswissenschaften,https://www.fachschaft.org/,https://www.openstreetmap.org/node/1154481441,association,49.0091598,8.4088942
CodeWrights GmbH,https://www.codewrights.de/,https://www.openstreetmap.org/node/1249060110,it,48.9965398,8.4038286
Smartpunkt.,,https://www.openstreetmap.org/node/1305923004,electronics_repair,49.0100484,8.3969465
ADAC Hauptgeschäftsstelle Karlsruhe,https://www.adac.de/adac_vor_ort/Nordbaden/adressen/karlsruhe.aspx,https://www.openstreetmap.org/node/1336892556,association,48.996871,8.3803057
CB Präsentwerbung,http://www.cb-praesentwerbung.de/de/,https://www.openstreetmap.org/node/1510129022,company,48.9983962,8.4397824
Curious About,,https://www.openstreetmap.org/node/1547914554,architect,49.006149,8.4062409
Die Podologen Karlsruhe,https://www.die-podologen-karlsruhe.de/,https://www.openstreetmap.org/node/1557102919,podologist,49.0111813,8.4236702
Filmboard Karlsruhe e.V. - Filmproduktion,,https://www.openstreetmap.org/node/1659431397,company,49.0048705,8.4302201
"Pasoplan - Architekturbüro, Schreinerei",http://www.pasoplan.de/,https://www.openstreetmap.org/node/1659452991,architect,49.0048877,8.4298265
Institut für Literaturwissenschaft,,https://www.openstreetmap.org/node/1681598682,research,49.0131635,8.4133735
GS Sanierung,https://www.karlsruher-handwerker.de,https://www.openstreetmap.org/node/1707282692,company,49.0123462,8.3624009
Eichamt,https://www.service-bw.de/zufi/organisationseinheiten/6008425,https://www.openstreetmap.org/node/1709231908,government,49.0111701,8.3927503
DB Engineering & Consulting GmbH,,https://www.openstreetmap.org/node/1719104555,company,48.9907543,8.3970682
HS Heinrich Schmid,https://www.heinrich-schmid.com/,https://www.openstreetmap.org/node/1772899668,company,48.9946565,8.3723469
alfatraining Bildungszentrum,https://www.alfatraining.de/,https://www.openstreetmap.org/node/1866924740,company,49.0057752,8.4051039
Schneider Anwälte,https://www.schneideranwaelte.de/,https://www.openstreetmap.org/node/1919756745,lawyer,49.0049408,8.430742
Schwarz Weiss Reinigung,,https://www.openstreetmap.org/node/2050369527,cleaning,49.0093274,8.3895637
Helble & Richter,https://www.helble-richter.de/,https://www.openstreetmap.org/node/2062749518,estate_agent,49.0082538,8.3768845
Veselcic Bauengineering GmbH,,https://www.openstreetmap.org/node/2274404243,architect,49.0023804,8.4051879
ViDia Personalabteilung,https://www.vidia-kliniken.de/ueber-uns/verwaltung-und-dienstleistungen,https://www.openstreetmap.org/node/2280908414,company,49.0009651,8.3802477
consultive gmbh,,https://www.openstreetmap.org/node/2392730442,it,49.0094916,8.4098618
Neon Martin,https://www.neon-martin.de/,https://www.openstreetmap.org/node/2465902893,company,49.0242853,8.3526798
SAP SE,https://www.sap.com/,https://www.openstreetmap.org/node/2472329180,company,49.013053,8.4241566
exgenio GmbH & Co. KG,https://exgenio.com,https://www.openstreetmap.org/node/2554094020,educational_institution,49.0051689,8.4289705
Pianowerkstatt Karlsruhe,,https://www.openstreetmap.org/node/2554095061,musical_instrument,49.0052743,8.4289644
bonding-studierndeninitiative e.V.,http://bonding.de/karlsruhe,https://www.openstreetmap.org/node/2602079585,association,49.0037317,8.4048666
inovex GmbH,https://www.inovex.de/,https://www.openstreetmap.org/node/2622320478,company,49.004763,8.4161179
Technische Glasbläserei Paris,http://www.glasblaeserei.com,https://www.openstreetmap.org/node/2625309024,glassblower,49.0078459,8.413812
Lesser,http://www.lesser-ing.de/,https://www.openstreetmap.org/node/2635505433,geodesist,48.9963578,8.3715349
Fachschaft Geodäsie und Geoinformatik,https://www.fs-geod.kit.edu/,https://www.openstreetmap.org/node/2652802034,association,49.0111088,8.4106245
OBERMEYER Infrastruktur GmbH & Co. KG,https://www.obermeyer-group.com/kontakt/nationale-standorte,https://www.openstreetmap.org/node/2673463493,company,49.0009267,8.4679378
Atelier für Gestaltung,https://www.fuer-gestaltung.de/,https://www.openstreetmap.org/node/2710898139,graphic_design,49.0094832,8.3754404
Moderatorenschule Baden-Württemberg,https://moderatorenschule-bw.de/,https://www.openstreetmap.org/node/2788387950,educational_institution,49.0141637,8.3815716
K + A Finanzdienstleistungen GmbH,,https://www.openstreetmap.org/node/2841442587,financial_advisor,49.0004007,8.4201306
Handwerkskammer Karlsruhe,https://www.hwk-karlsruhe.de/,https://www.openstreetmap.org/node/2935895761,association,49.0084822,8.4013598
Techniker Krankenkasse,,https://www.openstreetmap.org/node/2998265443,insurance,49.0090607,8.3984488
Gastronomie-Service Thomas Glaser,,https://www.openstreetmap.org/node/3071631069,dispensing equipment,49.0074731,8.3911646
Bahlinger,,https://www.openstreetmap.org/node/3073259636,carpenter;glaziery,49.0098471,8.3795694
frischeWelt,https://www.frischewelt.net/,https://www.openstreetmap.org/node/3073259638,advertising_agency,49.0105595,8.3787009
Podologie Praxis kaviar,https://www.podologie-kaviar.de/,https://www.openstreetmap.org/node/3073259645,podologist,49.0104835,8.3803303
Geschäftsstelle Karlsruher SC,https://www.ksc.de/,https://www.openstreetmap.org/node/3073822098,club,49.0196238,8.4123481
Ralf Gurock,,https://www.openstreetmap.org/node/3074620171,insurance,49.0104625,8.3806624
Thermo Fisher Scientific,http://www.thermofisher.com,https://www.openstreetmap.org/node/3124265965,company,48.9949074,8.4449884
Disy Informationssysteme GmbH,http://www.disy.net/en/about-disy/location.html,https://www.openstreetmap.org/node/3129586255,company,49.0048394,8.4155852
Gameforge AG,http://corporate.gameforge.com/,https://www.openstreetmap.org/node/3150443443,company,49.0199056,8.4410518
Debeka Versicherungen,,https://www.openstreetmap.org/node/3154541712,insurance,49.0135975,8.4298485
Ingenieurbüro Struck,https://sv-struck.de,https://www.openstreetmap.org/node/3158129231,company,49.0092692,8.444898
BBBank Schulungszentrum,,https://www.openstreetmap.org/node/3174659861,company,49.0108673,8.3992033
Ed. Züblin AG,,https://www.openstreetmap.org/node/3215970711,company,49.0254121,8.462743
STRABAG,,https://www.openstreetmap.org/node/3215970712,company,49.0254438,8.4627752
Berufsgenossenschaft der Bauwirtschaft,,https://www.openstreetmap.org/node/3218524324,yes,49.0026898,8.3808105
Techniker Krankenkasse,https://www.tk.de/tk/kundenberatungen-a-z/k/0784-karlsruhe-campus/150668,https://www.openstreetmap.org/node/3241202670,insurance,49.0090574,8.4126586
ISCL - Internet Security Consulting Lang,http://www.iscl.de,https://www.openstreetmap.org/node/3267801586,it,49.0097171,8.3990214
European Institute for Energy Research,https://www.eifer.kit.edu/,https://www.openstreetmap.org/node/3287769705,company,49.019837,8.4392036
Turan,,https://www.openstreetmap.org/node/3294325217,tailor,49.0093168,8.4063775
Fachschaft Physik,https://fachschaft.physik.kit.edu,https://www.openstreetmap.org/node/3327096891,association,49.0124128,8.4108478
Präsidium,http://www.kit.edu/ps/,https://www.openstreetmap.org/node/3327096892,university,49.0103039,8.4124213
Zentrale Studienberatung (ZSB),https://www.zsb.kit.edu/,https://www.openstreetmap.org/node/3327109593,university,49.0102712,8.4124239
BD Management,https://bd-management.de/,https://www.openstreetmap.org/node/3337450088,consulting,49.0021032,8.3940633
PDMLab e.K.,https://pdmlab.com,https://www.openstreetmap.org/node/3374741649,it,49.0042261,8.4184275
Debeka,,https://www.openstreetmap.org/node/3377137351,insurance,49.0085119,8.37934
Evangelisch Lutherisches Pfarramt,https://lutherisch-karlsruhe.org/,https://www.openstreetmap.org/node/3381799066,religion,49.0132986,8.3978125
C. R. Bard GmbH,http://www.bard.de/,https://www.openstreetmap.org/node/3387845459,company,48.9933321,8.4457603
bunte büffel,,https://www.openstreetmap.org/node/3389289730,company,48.9952168,8.4492246
Deutsche Vermögensberatung,,https://www.openstreetmap.org/node/3395691621,company,48.9952001,8.4492927
Generali Versicherung,,https://www.openstreetmap.org/node/3395691623,insurance,48.995143,8.4494392
planting,,https://www.openstreetmap.org/node/3395691643,company,48.9952498,8.4495511
Alexander Ochs Wärmetechnik,http://ochs-gruppe.com,https://www.openstreetmap.org/node/3412413112,hvac,48.9977972,8.4641408
MHG Heiztechnik,https://mhg.de/,https://www.openstreetmap.org/node/3412507734,hvac,49.0198864,8.4611044
Bureau Remise,http://www.bureau-remise.de/,https://www.openstreetmap.org/node/3415262236,shared,49.0051069,8.4289705
Atelier Remise,http://www.atelierremise.com/,https://www.openstreetmap.org/node/3415262237,artist,49.0050443,8.4289746
GoTo Technologies Germany GmbH,https://www.goto.com/,https://www.openstreetmap.org/node/3415262239,company,49.0055819,8.4318129
Rechtsanwältin Buket Yildiz-Özdemir Fachanwältin für Strafrecht,,https://www.openstreetmap.org/node/3424873322,lawyer,49.0173429,8.4434659
Regierungspräsidium Karlsruhe,https://rp.baden-wuerttemberg.de/,https://www.openstreetmap.org/node/3426925515,government,49.0081938,8.4052066
K-Quadrat Kfz-Sachverständige,http://k-quadrat.de,https://www.openstreetmap.org/node/3449390460,company,49.0056665,8.3840492
R+V,https://www.ruv.de/,https://www.openstreetmap.org/node/3449390461,insurance,49.0057149,8.3819868
Pranke Consulting,http://www.pranke.com/de/,https://www.openstreetmap.org/node/3454699508,consulting,49.0093141,8.394779
Fachschaft Architektur,https://www.arch.kit.edu/fakultaet/3900.php,https://www.openstreetmap.org/node/3467690546,association,49.0110607,8.4110308
isd,https://isd-ka.de/,https://www.openstreetmap.org/node/3484748195,printer,49.0069568,8.381444
Versicherungsbüro Dr. Savas,,https://www.openstreetmap.org/node/3484748203,insurance,49.0089111,8.3852198
Oberfinanzdirektion Karlsruhe Landeszentrum für Datenverarbeitung,,https://www.openstreetmap.org/node/3489585140,government,49.0165753,8.377787
Rechnungshof,,https://www.openstreetmap.org/node/3489585141,government,49.016556,8.3781761
Kreisbüro der LINKEN,,https://www.openstreetmap.org/node/3491830771,political_party,49.0098943,8.4050346
Brennecke & Partner Rechtsanwälte Fachanwälte,https://www.brennecke-rechtsanwaelte.de/Brennecke--Partner-Rechtsanwaelte-Karlsruhe_186,https://www.openstreetmap.org/node/3506002964,lawyer,48.9948623,8.3953637
Deutsche Bahn Aktiengesellschaft Fernverkehr,https://www.deutschebahn.com/,https://www.openstreetmap.org/node/3506002969,company,48.9936414,8.3997031
atelier B:,https://bodelschwingh.de/atelier-b/,https://www.openstreetmap.org/node/3506002985,handicraft,49.0010669,8.3939134
Regus Business Center,,https://www.openstreetmap.org/node/3506705161,yes,49.00423,8.4184094
Lohnsteuerhilfe City e.V.,,https://www.openstreetmap.org/node/3510886811,tax_advisor,49.0095144,8.4088329
"Regierungspräsidium Tübingen, Abteilung 11 - Marktüberwachung",,https://www.openstreetmap.org/node/3520551329,government,49.0061325,8.3948899
Röser,http://roeser-online.de/,https://www.openstreetmap.org/node/3526802122,publisher,49.0063469,8.4106805
VDE Bezirksverein Mittelbaden e.V.,http://www.vde-mittelbaden.de,https://www.openstreetmap.org/node/3526802127,association,49.0063679,8.4106383
borell Immobilien,http://borellimmobilien.de/,https://www.openstreetmap.org/node/3528913661,estate_agent,49.0048619,8.3948512
AOK Studentenservice,https://www.aok.de/baden-wuerttemberg/die-aok/112502.php,https://www.openstreetmap.org/node/3534156916,insurance,49.0089506,8.4156053
Welfen Schuh- und Schlüsseldienst,,https://www.openstreetmap.org/node/3534156925,shoemaker,48.9961192,8.3934034
Immobilien Throm,http://throm.de/,https://www.openstreetmap.org/node/3547526509,estate_agent,48.9952936,8.3933401
Baden TV,http://www.baden-tv.com,https://www.openstreetmap.org/node/3559289184,company,49.0125512,8.42722
ITUS Insurance Broker,http://www.itusgmbh.com,https://www.openstreetmap.org/node/3559403994,insurance,49.0241502,8.4486044
Deutsche Umschlaggesellschaft Schiene - Straße mbH,,https://www.openstreetmap.org/node/3564355288,company,48.9990921,8.4244458
AWIKA Absolventenbücher,http://www.awika.de/,https://www.openstreetmap.org/node/3575330093,company,49.0101492,8.3974061
Siemens Digital Logistics,https://www.siemens-digital-logistics.com,https://www.openstreetmap.org/node/3575330099,company,49.0133916,8.4272316
Änderungsschneiderei Ercan,,https://www.openstreetmap.org/node/3578191193,tailor,49.0087491,8.4067835
C-Concept Bausanierung,,https://www.openstreetmap.org/node/3578191196,engineer,49.0089039,8.4059652
Stadt Karlsruhe Wirtschaftsförderung,,https://www.openstreetmap.org/node/3579302579,government,49.0088444,8.4047148
Geschäftsstelle DIE LINKE,,https://www.openstreetmap.org/node/3581700279,political_party,49.0022831,8.4076641
AXA Versicherung,,https://www.openstreetmap.org/node/3584193700,insurance,48.9986479,8.3936082
Klimaschutz- und Energieagentur Baden-Württemberg,,https://www.openstreetmap.org/node/3584193703,company,49.0099164,8.4006884
Tiefbauamt S3 Straßenwesen Bauausführung,,https://www.openstreetmap.org/node/3584193704,administrative,49.0096788,8.4055082
Zollfahndungsamt Stuttgart - Dienstsitz Karlsruhe,https://www.zoll.de/,https://www.openstreetmap.org/node/3588269416,government,49.0100249,8.3539456
LAMPEvier,https://www.lampevier.de/,https://www.openstreetmap.org/node/3595384084,architect;estate_agent,49.0064453,8.3818837
Jugendamt Jugendgerichtshilfe,,https://www.openstreetmap.org/node/3598614047,administrative,49.0096698,8.4055085
Bartsch Rechtsanwälte,http://www.bartsch-rechtsanwaelte.de/,https://www.openstreetmap.org/node/3608506959,lawyer,49.0001261,8.3957163
Die Fotofabrik,https://www.ff-studio.de,https://www.openstreetmap.org/node/3609170892,photographer,49.0225682,8.3556689
Goldschmiede Cifci,https://www.goldschmiede-cifci.de/,https://www.openstreetmap.org/node/3609171296,jeweller,49.0103334,8.3983069
"Jugendberatung, Drogenberatung, Präventionsbüro, Interner Beratungsdienst",,https://www.openstreetmap.org/node/3611324606,administrative,49.0096651,8.4055082
Grabmale Heinz Schmidt,,https://www.openstreetmap.org/node/3620742819,stonemason,49.0137152,8.4288864
Sun Logistik Service GmbH,http://www.4px-germany.de/,https://www.openstreetmap.org/node/3621949448,company,48.9949582,8.4471803
Seeburger Haus- und Grundbesitz,http://www.hug-seeburger.de,https://www.openstreetmap.org/node/3633376973,company,49.0039847,8.4099789
Thomas Fabrinsky,http://www.fabrinsky.com,https://www.openstreetmap.org/node/3634042241,architect,49.0007951,8.3909923
Max Blum KG,,https://www.openstreetmap.org/node/3646153670,company,49.0017886,8.4102632
KIT Gründerschmiede,https://kit-gruenderschmiede.de/,https://www.openstreetmap.org/node/3656667013,consulting,49.0094915,8.4092416
Orizon,https://www.orizon.de/,https://www.openstreetmap.org/node/3656667015,company,49.0098456,8.4021012
K³ Kultur- und Kreativwirtschaftsbüro Karlsruhe,http://www.k3-karlsruhe.de,https://www.openstreetmap.org/node/3656667023,company,49.0047493,8.4330327
zwo/elf - Büro für Gestaltung,http://www.zwo-elf.de/,https://www.openstreetmap.org/node/3656667407,company,49.005327,8.4304315
Pâtisserie Ludwig,,https://www.openstreetmap.org/node/3657164257,bakery,48.9956405,8.4025697
Immobilien Frick,http://www.immo-frick.de/,https://www.openstreetmap.org/node/3665155435,estate_agent,48.9948107,8.394061
Altium Europe GmbH,http://www.altium.com,https://www.openstreetmap.org/node/3666250051,company,49.0047882,8.4121305
Berufsgenossenschaft für Gesundheitsdienst und Wohlfahrtspflege,https://www.bgw-online.de,https://www.openstreetmap.org/node/3666250053,association,49.0047892,8.4125429
Unicon Software,http://www.unicon-software.com,https://www.openstreetmap.org/node/3666250059,company,49.0035264,8.4215338
CyberForum e.V.,https://www.cyberforum.de/,https://www.openstreetmap.org/node/3670245742,company,49.0125126,8.4274202
CyberLab,https://www.cyberlab-karlsruhe.de/,https://www.openstreetmap.org/node/3670249790,company,49.0125953,8.4273639
Alpha Consult KG,http://www.alphaconsult.org/,https://www.openstreetmap.org/node/3675643525,company,49.0097027,8.3974698
DERR Immobilien,https://www.immobilien-derr.de/,https://www.openstreetmap.org/node/3675643528,estate_agent,49.0042279,8.3947321
lennermann krämer architekten,http://www.lennermannarchitekten.de,https://www.openstreetmap.org/node/3675643537,architect,49.0095691,8.4004057
DIS AG,http://www.dis-ag.com,https://www.openstreetmap.org/node/3686189859,company,49.0093069,8.4061814
Datex,http://www.datex.de,https://www.openstreetmap.org/node/3686189860,company,49.0047289,8.3943053
Hammer + Helbling Wilser Grundstücksverwaltung GmbH,,https://www.openstreetmap.org/node/3686189864,company,49.0095765,8.4004107
Horst Kaufmann Allianz Generalvertretung,https://vertretung.allianz.de/horst.kaufmann/,https://www.openstreetmap.org/node/3686189865,insurance,49.0109723,8.4230799
Verbraucherzentrale Baden-Württemberg,https://www.vz-bawue.de,https://www.openstreetmap.org/node/3686189876,association,49.0095824,8.4004111
Wolfgang Pauls Freier Architekt,http://www.wolfgang-pauls.de/,https://www.openstreetmap.org/node/3686189877,architect,49.0095607,8.4004019
DPlan,http://www.dplangmbh.de/,https://www.openstreetmap.org/node/3690026248,company,48.9981924,8.393551
Ungerboeck Software,https://ungerboeck.com/,https://www.openstreetmap.org/node/3691999452,company,49.0097542,8.4044686
cinemo,http://www.cinemo.com/,https://www.openstreetmap.org/node/3691999453,company,49.009762,8.4044833
Elke Ukas,http://ukas.de,https://www.openstreetmap.org/node/3694453683,landscape_architect,49.004507,8.4045072
Volkswohnung,https://volkswohnung.com/,https://www.openstreetmap.org/node/3694453687,estate_agent,49.0045636,8.4039783
1&1 Mail & Media GmbH,,https://www.openstreetmap.org/node/3705530440,company,48.9995737,8.3854306
Dr. jur. Herbert Geisler,,https://www.openstreetmap.org/node/3708646407,lawyer,49.004847,8.3948814
Mailänder Consult,http://www.mic.de/,https://www.openstreetmap.org/node/3708646412,company,49.0015094,8.3945014
Mailänder Consult,http://www.mic.de/,https://www.openstreetmap.org/node/3708646413,company,49.0022304,8.3946028
Müller + Hereth,http://www.mueller-hereth.com,https://www.openstreetmap.org/node/3708646415,company,49.0047068,8.3943058
Grenke Technology Center,http://www.grenke.de,https://www.openstreetmap.org/node/3717670808,it,49.0055366,8.4318389
mariposa,,https://www.openstreetmap.org/node/3718868222,yes,49.0091169,8.4113481
United Internet Media,http://united-internet-media.de,https://www.openstreetmap.org/node/3718877125,company,48.9995617,8.3851922
Krankengymnastik Christian Konz,https://www.krankengymnastik-konz.de/,https://www.openstreetmap.org/node/3731921094,therapist,49.0018842,8.402101
Ingenieurgruppe Bauen,http://www.ingenieurgruppe-bauen.de,https://www.openstreetmap.org/node/3734373115,company,49.0063226,8.4107
Tabel-Subbert-Weins,http://suedstadt-physio.de,https://www.openstreetmap.org/node/3748096204,therapist,49.0018901,8.4071556
fred & komplizen*,https://fred-komplizen.de/,https://www.openstreetmap.org/node/3748617229,advertising_agency,49.007766,8.3725342
Heinz Laible,https://www.schmuck-concepte.de/,https://www.openstreetmap.org/node/3748617231,goldsmith,49.0086013,8.3787917
Alpenchalets Touristik GmbH,https://alpenchalets.com/,https://www.openstreetmap.org/node/3753664425,travel_agent,49.0057991,8.3580803
DEKRA Arbeit GmbH Karlsruhe,https://www.dekra-arbeit.de/de/geschaeftsstellen/baden-wuerttemberg/karlsruhe/dekra-arbeit-karlsruhe.html,https://www.openstreetmap.org/node/3755122723,company,49.0096793,8.3939904
Deltavista,http://www.deltavista.de,https://www.openstreetmap.org/node/3755122724,company,49.0097619,8.3939828
Huber Möbius Koch,http://www.kanzleihmk.de/,https://www.openstreetmap.org/node/3755136433,lawyer,49.0097013,8.3975504
RGM,,https://www.openstreetmap.org/node/3755136437,company,49.0096885,8.3939214
RosyWave,,https://www.openstreetmap.org/node/3755136438,company,49.0067207,8.3949301
Jamit Labs GmbH,,https://www.openstreetmap.org/node/3778727239,company,49.0125802,8.427012
BPM Zeitarbeit,http://www.bpm-zeitarbeit.de,https://www.openstreetmap.org/node/3781163460,company,49.0137043,8.4288495
krumedia GmbH,https://www.krumedia.de/,https://www.openstreetmap.org/node/3787301352,company,48.9933526,8.4074322
Mohr,http://frank-mohrgmbh.de,https://www.openstreetmap.org/node/3803860081,plumber,49.0065402,8.3832263
FotoFoxx,https://www.fotofoxx.com/,https://www.openstreetmap.org/node/3830025873,yes,49.015266,8.4440619
BIT Ingenieure AG,http://www.bit-ingenieure.de,https://www.openstreetmap.org/node/3837889691,company,49.0197742,8.4616193
BAI - Böcherer Angewandte Informatik,https://www.bai.de/,https://www.openstreetmap.org/node/3851429093,it,49.0109328,8.3703861
PROCAD,http://www.procad.de,https://www.openstreetmap.org/node/3876938333,company,49.013819,8.4241234
CCS Service,http://www.ccs-service.com,https://www.openstreetmap.org/node/3935624016,company,49.0404349,8.3931919
Dr. med. Josef Gatti,,https://www.openstreetmap.org/node/3964629530,physician,49.0130612,8.359331
HMS Industrial Networks,https://www.hms-networks.com,https://www.openstreetmap.org/node/3972340713,company,49.0215047,8.4370427
K2L GmbH,,https://www.openstreetmap.org/node/3972340714,company,49.0211143,8.4380497
Microchip Technology,,https://www.openstreetmap.org/node/3972340715,company,49.0210607,8.4381462
Ametek,https://www.ametek.de/,https://www.openstreetmap.org/node/3972340716,company,49.0198848,8.4392393
Institut für Technikfolgenabschätzung und Systemanalyse,https://www.itas.kit.edu/,https://www.openstreetmap.org/node/3977827938,research,49.0111345,8.3953881
DB Fernverkehr AG,,https://www.openstreetmap.org/node/4004213508,company,48.9940632,8.3999881
DB InfraGO AG,,https://www.openstreetmap.org/node/4004213509,company,48.9940866,8.3999737
Daum Rechtsanwälte,,https://www.openstreetmap.org/node/4004213510,lawyer,48.9978266,8.3934488
Domicilia Hausverwaltung,,https://www.openstreetmap.org/node/4004213513,estate_agent,49.0101386,8.3957247
Hausverwaltung Egon Nock,http://hv-nock.de/,https://www.openstreetmap.org/node/4004213515,estate_agent,49.0098382,8.4019503
Nero AG,http://www.nero.com,https://www.openstreetmap.org/node/4004213516,company,49.0051184,8.4112431
Übersetzungsbüro Salex GmbH,,https://www.openstreetmap.org/node/4004213891,translation,49.0095398,8.408836
Anwaltskanzlei Küster · Klas & Kollegen,http://www.kkk-law.de,https://www.openstreetmap.org/node/4017875989,lawyer,49.0047851,8.412224
vivida bkk,https://www.vividabkk.de/,https://www.openstreetmap.org/node/4017875993,insurance,49.0033204,8.4224669
Dr. Harald Wozniewski,http://www.kanzlei.dr-wo.de/,https://www.openstreetmap.org/node/4017875994,lawyer,49.0036256,8.4041614
think tecture,http://www.thinktecture.com,https://www.openstreetmap.org/node/4017876006,company,49.0006663,8.4240656
Vector,,https://www.openstreetmap.org/node/4017876008,company,49.0047631,8.4115927
hww,http://www.hww.eu/de/ueber-uns/standorte/karlsruhe,https://www.openstreetmap.org/node/4017876009,lawyer,49.0047269,8.4159624
Anwaltskanzlei Schimanek,https://rechtsanwalt-schimanek.de/,https://www.openstreetmap.org/node/4029917617,lawyer,49.0102492,8.3860063
MDK (Med.Dienst der Krankenkassen),https://mdkbw.de/,https://www.openstreetmap.org/node/4041920889,insurance,49.0031531,8.3815303
ALTEN GmbH,https://de.alten.com,https://www.openstreetmap.org/node/4057041484,company,49.0240942,8.4485943
Aticon,http://www.aticon.de,https://www.openstreetmap.org/node/4057041486,tax_advisor,49.0049802,8.4108831
BNN - Redaktion Karlsruhe-Stadt,http://www.bnn.de/,https://www.openstreetmap.org/node/4057041487,newspaper,49.0099561,8.4029143
cci Dialog GmbH,https://www.cci-dialog.de/,https://www.openstreetmap.org/node/4057041990,company,48.9945639,8.402576
Engel & Völkers,https://www.engelvoelkers.com/de/karlsruhe/,https://www.openstreetmap.org/node/4057041992,estate_agent,49.0052042,8.3949025
Kunz-Schulze Immobilien,http://www.kunz-schulze.de,https://www.openstreetmap.org/node/4057041999,estate_agent,49.0051466,8.4111845
Postbeamtenkrankenkasse,https://www.pbeakk.de/,https://www.openstreetmap.org/node/4057042001,insurance,49.0049327,8.4108936
Stiftung Aufwind,http://www.psd-aufwind.de,https://www.openstreetmap.org/node/4057042002,foundation,49.0047719,8.4109092
Strabag,,https://www.openstreetmap.org/node/4057042003,company,49.0051258,8.411341
USU Software AG,https://www.usu.de,https://www.openstreetmap.org/node/4057042004,company,49.0057255,8.4110495
Vogt Medical,http://www.vogt-medical.com,https://www.openstreetmap.org/node/4057042005,company,49.0051279,8.4116284
mdbm,https://www.mdbm-baumanagement.de/,https://www.openstreetmap.org/node/4057042006,yes,49.0038439,8.3939965
arconsis,http://www.arconsis.com,https://www.openstreetmap.org/node/4057042007,company,49.017981,8.4653569
Badischer Landesverein für Innere Mission,https://www.badischer-landesverein.de/,https://www.openstreetmap.org/node/4057042227,association,48.9956039,8.3933374
ver.di Bezirk Mittelbaden-Nordschwarzwald,https://mittelbaden.verdi.de/,https://www.openstreetmap.org/node/4057042228,union,49.0050389,8.410876
Service-Center Bagmaci,,https://www.openstreetmap.org/node/4060056290,shoemaker,49.0056886,8.4113748
Schlüsseldienst Bolzhauser,https://www.bolzhauser.com/,https://www.openstreetmap.org/node/4067576801,locksmith,49.0099661,8.4066063
Connexity,http://connexity.com/,https://www.openstreetmap.org/node/4069223107,company,49.0232935,8.4535014
Kanzlei Link,http://www.stb-link.de/,https://www.openstreetmap.org/node/4069223109,tax_advisor,49.0078162,8.3944817
Kern,https://www.e-kern.com/de/kern-welten/standorte/karlsruhe/,https://www.openstreetmap.org/node/4069223110,translator,49.0098594,8.4022127
Röser Media,http://www.roeser-media.de/,https://www.openstreetmap.org/node/4069223113,company,49.0063101,8.4106266
Röser Verlag International,https://www.roeser-international.de/,https://www.openstreetmap.org/node/4069223114,publisher,49.0063,8.4106628
SingLiesel,https://www.singliesel.de,https://www.openstreetmap.org/node/4069223115,publisher,49.0063338,8.41063
Spie,http://www.spie-de.com,https://www.openstreetmap.org/node/4069223116,company,49.0228292,8.4535201
Verlag Röser & Partner GmbH,https://www.roeser-partner.de,https://www.openstreetmap.org/node/4069223117,publisher,49.0063163,8.4106588
aicas,https://www.aicas.com,https://www.openstreetmap.org/node/4069223119,company,49.012602,8.4272043
Conemis,http://www.conemis.com,https://www.openstreetmap.org/node/4069223120,company,49.0037826,8.3939845
BridgingIT,http://www.bridging-it.de,https://www.openstreetmap.org/node/4078945376,company,49.0039826,8.4098854
Chrono24,https://about.chrono24.com/,https://www.openstreetmap.org/node/4078945377,company,49.0125528,8.4271177
Geschäftsstelle Diabetiker Baden-Württemberg e.V.,http://www.diabetiker-bw.de/,https://www.openstreetmap.org/node/4078945379,association,49.0048113,8.3948875
Idea Service,http://www.idea-personal.de,https://www.openstreetmap.org/node/4078945381,company,49.0078244,8.3953365
Mkmetric,http://www.mkm.de/,https://www.openstreetmap.org/node/4078945384,company,49.0039908,8.4100742
init,https://www.initse.com/,https://www.openstreetmap.org/node/4078945387,company,49.0089349,8.440718
msales,http://msales.com,https://www.openstreetmap.org/node/4078945388,company,49.0125337,8.4270442
Praxis für Lebensenergie Karlsruhe,http://www.praxis-fuer-lebensenergie-karlsruhe.de/,https://www.openstreetmap.org/node/4087118088,therapist,48.992948,8.3902881
Destillerie Kammer-Kirsch Verkauf,https://www.kammer-kirsch.de/kontakt/,https://www.openstreetmap.org/node/4090612219,distillery,49.0133412,8.3587053
HPC Das Ingenieurunternehmen,https://www.hpc.ag/de/standorte/?city=Karlsruhe,https://www.openstreetmap.org/node/4092510088,company,49.0241065,8.4486365
Geschäftsstelle ASB Baden-Württemberg e. V. Region Karlsruhe,https://www.asb-ka.de/,https://www.openstreetmap.org/node/4109424155,association,49.0039851,8.4684216
Berufsgenossenschaft für Gesundheitsdienst und Wohlfahrtspflege,https://www.bgw-online.de,https://www.openstreetmap.org/node/4109525426,association,49.0051545,8.4114323
Excipio,http://excipio.de,https://www.openstreetmap.org/node/4109525427,it,49.0031897,8.4230688
HeCoPa GmbH,http://www.hecopa-gmbh.de,https://www.openstreetmap.org/node/4109525429,company,48.9991212,8.4044682
Key-Work,https://key-work.de/,https://www.openstreetmap.org/node/4109525431,consulting,49.0020539,8.4097269
Orthopädie-Schuhtechnik Granget,http://www.granget.de,https://www.openstreetmap.org/node/4109525433,shoemaker,49.0066277,8.3949286
borellimmobilien,http://borellimmobilien.de/,https://www.openstreetmap.org/node/4109525436,estate_agent,49.00992,8.4002012
DFS Deutsche Flugsicherung,https://www.dfs.de/,https://www.openstreetmap.org/node/4117239770,company,49.0242811,8.4271628
Elektro Schmitt,https://www.elektroschmitt-durlach.de/,https://www.openstreetmap.org/node/4127537297,electrician,48.9996079,8.4677542
ICF Karlsruhe,https://www.icf-karlsruhe.de,https://www.openstreetmap.org/node/4128205291,religion,49.0015998,8.3654086
BKK VerbundPlus,https://www.bkk-verbundplus.de,https://www.openstreetmap.org/node/4128275404,insurance,49.0098099,8.3966882
Coface,http://www.coface.de,https://www.openstreetmap.org/node/4128275405,company,49.0195632,8.4399689
Intel Automotive Innovation and Product Development Center,,https://www.openstreetmap.org/node/4128275406,company,49.0196107,8.4398348
FlexJob,https://www.flexjob-personal.de/,https://www.openstreetmap.org/node/4128275407,employment_agency,48.9947649,8.3948636
Technidata,https://www.its-technidata.de/,https://www.openstreetmap.org/node/4128275408,it,49.0195199,8.4400289
Trippe + Partner Ingenieurgesellschaft,http://www.tpi-online.de,https://www.openstreetmap.org/node/4128275409,company,49.0087978,8.410492
Ziegler & Partner,http://www.steuerkanzlei-ziegler.de/,https://www.openstreetmap.org/node/4128275410,tax_advisor,49.0195843,8.4398938
Technologiepark Karlsruhe GmbH,http://www.techpark.de,https://www.openstreetmap.org/node/4153925966,company,49.0211547,8.4414026
Deutsche BKK,,https://www.openstreetmap.org/node/4158244001,insurance,49.0087407,8.4104459
KIT Forschungsförderung,http://www.for.kit.edu,https://www.openstreetmap.org/node/4158244005,university,49.0087486,8.4104077
Anthroposophische Gesellschaft,,https://www.openstreetmap.org/node/4159669335,association,49.0189111,8.4453502
Cognex Germany,http://www.cognex.com,https://www.openstreetmap.org/node/4161777080,company,49.019908,8.4393247
Körber Pharma Consulting GmbH,https://www.koerber-pharma.com/,https://www.openstreetmap.org/node/4161777081,company,49.0230225,8.4392713
cluetec,https://www.cluetec.de,https://www.openstreetmap.org/node/4161777082,company,49.0233687,8.4395513
Autosattlerei Anderer,http://www.autosattlerei-anderer.de/,https://www.openstreetmap.org/node/4168011152,saddler,49.0284115,8.4562473
Verint,https://verint.de/,https://www.openstreetmap.org/node/4198350505,company,49.0205804,8.4378449
Dr.Glutsch,,https://www.openstreetmap.org/node/4219890889,physician,49.0464723,8.3816612
Dr.Ansa,,https://www.openstreetmap.org/node/4219890890,physician,49.0464002,8.3815419
Industrie- und Handelskammer Karlsruhe,https://www.karlsruhe.ihk.de/ihre-ihk/ueber-uns/anfahrt-2451544,https://www.openstreetmap.org/node/4225635194,chamber,49.0076959,8.4018195
TelemaxX,https://www.telemaxx.de/,https://www.openstreetmap.org/node/4231017084,it,48.9957209,8.4639946
Deutsche Gesellschaft für Recht und Informatik e.V.,https://www.dgri.de/,https://www.openstreetmap.org/node/4237203985,association,49.0203868,8.4379044
enOware,http://www.enoware.de,https://www.openstreetmap.org/node/4237203986,company,49.0206193,8.4377561
KIT Finanzmanagement,http://www.fima.kit.edu,https://www.openstreetmap.org/node/4237245703,university,49.0099768,8.4110612
Systec & Solutions GmbH,https://www.systec-solutions.com/de/startseite,https://www.openstreetmap.org/node/4254917190,company,49.0229946,8.4393216
Dassault Systèmes,,https://www.openstreetmap.org/node/4267035351,company,49.0213845,8.4416305
cab,https://www.cab.de/,https://www.openstreetmap.org/node/4267035354,company,49.0221211,8.4398227
CAS InnovationCenter,,https://www.openstreetmap.org/node/4278622334,research,49.0214781,8.4401638
YellowMap AG,https://www.yellowmap.com/,https://www.openstreetmap.org/node/4278622335,company,49.0216281,8.4393615
Antweiler Zahntechnik CAD-CAM Zentrum,http://www.antweiler-zahntechnik.de/,https://www.openstreetmap.org/node/4281094354,dental_technician,49.020722,8.4410945
Bürkert Fluid Control Systems,https://www.buerkert.de,https://www.openstreetmap.org/node/4281094356,company,49.0214183,8.441652
Dokuschmiede,http://www.dokuschmiede.de,https://www.openstreetmap.org/node/4281094357,company,49.0211965,8.4414462
Energy4U,http://energy4u.org/,https://www.openstreetmap.org/node/4281094358,company,49.0213697,8.4415887
NanoFocus,http://www.nanofocus.de,https://www.openstreetmap.org/node/4281094363,company,49.0211874,8.4414947
Gameforge 4D GmbH,,https://www.openstreetmap.org/node/4281094366,company,49.0204445,8.4415316
CAS Software AG,https://www.cas.de/,https://www.openstreetmap.org/node/4286328905,company,49.0216112,8.4394013
Mosaik Versicherungs-Konzepte,https://mosaik-online.eu/,https://www.openstreetmap.org/node/4286921938,insurance,48.9957699,8.3553066
Hans Huber Grabmale,https://grabmale-huber.de/,https://www.openstreetmap.org/node/4288621044,stonemason,48.9703301,8.4016761
Deutsche Post Direkt Marketing Center,https://www.direktmarketingcenter.de/karlsruhe.html,https://www.openstreetmap.org/node/4288958930,marketing,49.0213951,8.4422595
SV Generalagentur Alexandre Hofman,https://www.sparkassenversicherung.de/alexandre.hofman,https://www.openstreetmap.org/node/4299226291,insurance,49.0016111,8.3829077
Schul- und Sportamt,,https://www.openstreetmap.org/node/4306367901,government,49.0077495,8.3982695
Bezirksärztekammer Nordbaden,http://www.bezirksaerztekammer-nordbaden.de,https://www.openstreetmap.org/node/4309792429,association,49.001155,8.4244772
Günther Dürr GmbH,http://www.duerr-ka.de/,https://www.openstreetmap.org/node/4315971815,plumber,49.009525,8.4244326
Geschäftstelle Deutscher Alpenverein Sektion Karlsruhe,,https://www.openstreetmap.org/node/4329623092,association,49.0258965,8.4458456
Leonhard Denkler,,https://www.openstreetmap.org/node/4329623094,floorer,49.0246443,8.447447
Vogel & Partner Rechtsanwälte,http://www.vogel-partner.eu,https://www.openstreetmap.org/node/4331299598,lawyer,49.0204448,8.4379634
Netze BW,,https://www.openstreetmap.org/node/4348497735,company,49.0058632,8.4367181
Karlsruhe Event GmbH,http://www.karlsruhe-event.de/,https://www.openstreetmap.org/node/4348572873,company,49.0056421,8.429249
Helm & Partner,https://stb-helm-partner.de/,https://www.openstreetmap.org/node/4348572876,tax_advisor,49.0049814,8.4307567
ausgeschlachtet e.V.,http://alterschlachthof-karlsruhe.de/ausgeschlachtet/,https://www.openstreetmap.org/node/4348572877,association,49.0053421,8.4295645
emtrion,https://www.emtrion.de/,https://www.openstreetmap.org/node/4348572878,company,49.0048494,8.4306991
Bauersachs Rechtsanwälte,https://www.rechtsanwaelte-bauersachs.biz/,https://www.openstreetmap.org/node/4358025694,lawyer,48.9988754,8.3941729
MANN Immobilien Management GmbH,https://mann-immobilien.com/,https://www.openstreetmap.org/node/4361866501,company,49.0043557,8.4443757
ARES,https://ares-bauelemente.de/,https://www.openstreetmap.org/node/4365264308,carpenter,48.9951744,8.345151
Dachdeckerbetrieb Stolzenburg GmbH,https://www.stolzenburg-dach.de/,https://www.openstreetmap.org/node/4365264311,roofer,49.0056811,8.3555889
Zulassungsdienst Haden,https://www.zulassungsdienst-haden.de/,https://www.openstreetmap.org/node/4365264312,yes,49.0058752,8.3555258
Heß,http://www.hess-installateur.de,https://www.openstreetmap.org/node/4365275298,plumber,49.0066233,8.3566134
Rudi Winter,,https://www.openstreetmap.org/node/4365275397,heating_engineer,49.0064651,8.3566137
Acor Malerbetrieb GmbH,,https://www.openstreetmap.org/node/4365275398,painter,49.005619,8.3554526
Verocel,http://www.verocel.com,https://www.openstreetmap.org/node/4366871554,company,49.0198667,8.4392928
Bürgerbüro K8,https://web1.karlsruhe.de/service/Buergerdienste/organisation.php?id=6006603,https://www.openstreetmap.org/node/4368522078,government,49.0109113,8.3825147
Biochem,https://www.biochem.de/,https://www.openstreetmap.org/node/4376858754,company,49.0258672,8.3554548
Ratiodata SE,http://www.ratiodata.de/,https://www.openstreetmap.org/node/4382036435,it,48.9963428,8.4633393
Institut für Wasser und Gewässerentwicklung - Bereich Wasserwirtschaft und Kulturtechnik,http://www.iwg.kit.edu/,https://www.openstreetmap.org/node/4393877182,research,49.0106644,8.4151548
Hammer+BuchmüllerMalermeister,,https://www.openstreetmap.org/node/4401519789,painter,49.0019679,8.3528536
Bundesamt für Migration und Flüchtlinge,,https://www.openstreetmap.org/node/4405674847,government,49.0241158,8.456179
Corpoccino,,https://www.openstreetmap.org/node/4410545199,therapist,49.0092976,8.421463
Pfarrbüro St. Bernhard,https://www.st-raphael-ka.de,https://www.openstreetmap.org/node/4410545202,parish,49.0088903,8.4208716
a3architekten,,https://www.openstreetmap.org/node/4410545233,architect,49.0094863,8.4209105
Maisenbacher Hort + Partner,https://mhp-kanzlei.de/kontakt/standorte/karlsruhe/,https://www.openstreetmap.org/node/4417370168,tax_advisor,49.0120126,8.4352295
DB Schenker Rail Deutschland AG,,https://www.openstreetmap.org/node/4417968603,company,49.015136,8.3453283
Edgar Ganz Rolladenbau GmbH,https://www.rolladenbau-ganz.de/,https://www.openstreetmap.org/node/4423999198,sun_protection,48.9986431,8.3447069
Kurt Eichsteller Baggerbetrieb,,https://www.openstreetmap.org/node/4434013887,yes,49.0363827,8.3984033
Clausmark,https://www.clausmark.com/,https://www.openstreetmap.org/node/4437493536,company,49.0209578,8.4419265
Unic GmbH,https://www.unic.com/,https://www.openstreetmap.org/node/4461286920,it,49.0097884,8.396678
BÄKO Mittelbaden eG,http://www.baeko-mittelbaden.de/,https://www.openstreetmap.org/node/4475736864,company,48.9961354,8.4445823
Genossenschaft für Wohnungsbau Karlsruhe 1921,https://www.gwk1921-wohnbau.de/,https://www.openstreetmap.org/node/4482095989,estate_agent,48.9989148,8.4130442
raumkontakt werbeagentur,http://www.raumkontakt.de/,https://www.openstreetmap.org/node/4488635637,company,49.0048926,8.4295397
Forstrevier Waldstadt,,https://www.openstreetmap.org/node/4497213000,forestry,49.0416843,8.4379041
Kieback&Peter,https://www.kieback-peter.com/de/,https://www.openstreetmap.org/node/4503942735,company,48.9811156,8.3715295
Rüdiger Benz,https://www.generali.de,https://www.openstreetmap.org/node/4535593680,insurance,49.0132106,8.4456941
Kanzlei Wangler,https://www.kanzlei-wangler.de,https://www.openstreetmap.org/node/4554007203,accountant,49.0054087,8.3798296
econda,http://www.econda.com/,https://www.openstreetmap.org/node/4575985533,company,49.0006123,8.4240357
Dickemann Steuerberatungsgesellschaft mbH,,https://www.openstreetmap.org/node/4579371050,tax_advisor,49.0118574,8.3604701
Stadt Karlsruhe Personal- und Organisationsamt,,https://www.openstreetmap.org/node/4585870065,government,49.0088791,8.4075518
Simon Hegele Logistik und Service,,https://www.openstreetmap.org/node/4587557028,company,49.0254129,8.4592233
Kaufland Warenannahme,,https://www.openstreetmap.org/node/4609654425,goods_receiving,49.0053971,8.4490628
MEC Centermanagement,,https://www.openstreetmap.org/node/4609654432,company,49.0043209,8.4492825
Gasmet Ansyco Gasmesstechnik und analytische Systeme,http://www.ansyco.de,https://www.openstreetmap.org/node/4621981805,company,49.0110589,8.438705
Fraunhofer-Institut für Werkstoffmechanik,,https://www.openstreetmap.org/node/4622429973,research,49.0132142,8.4153349
DVGW Prüflaboratorium Gas,http://www.dvgw-ebi.de/prueflaboratorium.htm,https://www.openstreetmap.org/node/4622429976,certification,49.0147183,8.4148561
Objektkultur Software GmbH,http://www.objektkultur.de/,https://www.openstreetmap.org/node/4622541491,company,49.009337,8.4011785
Center Management,,https://www.openstreetmap.org/node/4622655478,company,49.006468,8.4030262
Schwerdtfeger Holzbau,,https://www.openstreetmap.org/node/4665702430,carpenter,48.9994081,8.4620878
Stadtkämmerei: Sachgebiet Kommunale Steuern,,https://www.openstreetmap.org/node/4677039621,government,49.008383,8.4067322
Liede Hausverwaltung,http://www.hausverwaltung-liede.de/,https://www.openstreetmap.org/node/4693852435,company,49.0096327,8.4446354
Karlsruher Energie- und Klimaschutzagentur,https://www.kek-karlsruhe.de/,https://www.openstreetmap.org/node/4694068957,association,49.008114,8.4030061
RehaGym,,https://www.openstreetmap.org/node/4702332261,therapist,49.0088897,8.3673438
Vermögen und Bau Baden-Württemberg - Amt Karlsruhe,http://www.vba-karlsruhe.de,https://www.openstreetmap.org/node/4704304447,administrative,49.0131952,8.4076571
Projektträger Karlsruhe,https://www.ptka.kit.edu/,https://www.openstreetmap.org/node/4705285004,company,49.0209052,8.4418733
Lesser Rechtsanwälte,https://lesser-rechtsanwaelte.de/,https://www.openstreetmap.org/node/4705498947,lawyer,49.0098522,8.4019755
Unicef-Arbeitsgruppe Karlsruhe,,https://www.openstreetmap.org/node/4715572955,ngo,49.0057132,8.3936338
Deutsche Presse-Agentur,https://www.dpa.com/de/kontakt/redaktion/,https://www.openstreetmap.org/node/4715572956,newspaper,49.0057079,8.3908376
Deluxe Gebäudemanagement,http://www.deluxe-gebaeudemanagement.de/,https://www.openstreetmap.org/node/4718761373,company,49.0096684,8.4445475
Schuhmachermeister Haffner,,https://www.openstreetmap.org/node/4720618322,shoemaker,49.0023264,8.4037747
Mosaik Digital Network GmbH,,https://www.openstreetmap.org/node/4726157504,it,49.0059638,8.4078476
Krankengymnastikpraxis A. Klohe,,https://www.openstreetmap.org/node/4729773096,therapist,49.0099397,8.4303827
Stadtgärtnerei Stadt Karlsruhe,,https://www.openstreetmap.org/node/4732212222,gardener,48.9708214,8.4185278
Michael Jakob Allianz Hauptvertretung,,https://www.openstreetmap.org/node/4732787160,insurance,48.9996471,8.4645222
Stadt Karlsruhe Stadtkämmerei,,https://www.openstreetmap.org/node/4756332032,government,49.0087229,8.4066068
Pfarrbüro St. Stephan,https://www.allerheiligen-ka.de/ueber-uns/pfarrbueros,https://www.openstreetmap.org/node/4770398434,religion,49.0101829,8.3997561
"Christian Schweitz Garten, Landschaftsbau und Pflege",http://www.schweitz-galabau.de,https://www.openstreetmap.org/node/4771468884,gardener,49.0153305,8.4370011
DB Fahrwegdienste GmbH,,https://www.openstreetmap.org/node/4771468885,company,48.99445,8.4122788
WWK Versicherungen Bezirksdirektion Karlsruhe-Nord,,https://www.openstreetmap.org/node/4771468904,insurance,49.0052663,8.4208381
Baufinanzierungspool 24,http://www.baufinanzierungspool24.de/,https://www.openstreetmap.org/node/4771469061,financial_advisor,49.0006487,8.4240115
MatSec Security & Transport GmbH,,https://www.openstreetmap.org/node/4793460912,security,49.0048772,8.394357
Dipl.-Kfm. Bruno Scheurer & Co. Steuerberatungsgesellschaft mbH,,https://www.openstreetmap.org/node/4799358233,tax_advisor,49.0112046,8.4375865
Gründerzentrum Perfekt Futur,http://www.perfekt-futur.de,https://www.openstreetmap.org/node/4799843324,shared,49.0049228,8.4321689
Happyend Concerts,http://www.happyend-concerts.de/,https://www.openstreetmap.org/node/4799843341,company,49.0062123,8.4301533
Kulturevaluation Wegner,http://www.kulturevaluation-wegner.de/,https://www.openstreetmap.org/node/4799843342,company,49.0062378,8.4301673
Urbane Lichtkonzepte,http://www.barbarabenkert.de/,https://www.openstreetmap.org/node/4799843343,architect,49.006233,8.4301318
Stadt Karlsruhe Ordnungs- und Bürgeramt Lebensmittelüberwachung und Veterinärwesen,https://www.karlsruhe.de/b4/buergerdienste/luv.de,https://www.openstreetmap.org/node/4799843344,administrative,49.0061934,8.4303967
Stadt Karlsruhe Ordnungs- und Bürgeramt Lebensmittelüberwachung und Veterinärwesen,https://www.karlsruhe.de/b4/buergerdienste/luv.de,https://www.openstreetmap.org/node/4799843345,government,49.0062629,8.4301586
Karlsruher Fächer Werkstatt,,https://www.openstreetmap.org/node/4799843361,workshop,49.0046328,8.4298027
Independent Days Karlsruhe e. V.,https://www.independentdays-filmfest.com,https://www.openstreetmap.org/node/4799843364,association,49.0048563,8.4302735
Rosebud Productions,https://www.markus-rose.com/,https://www.openstreetmap.org/node/4799843365,company,49.0048594,8.4301876
Südwestfilm,http://www.suedwestfilm.de/,https://www.openstreetmap.org/node/4799843366,company,49.0050043,8.4302584
tema,http://www.tema-medien.de/,https://www.openstreetmap.org/node/4799843367,company,49.0051017,8.430315
Bau4 Architekten,http://www.bau4.de/,https://www.openstreetmap.org/node/4799843382,architect,49.0053265,8.4309219
netzstrategen,http://www.netzstrategen.com/,https://www.openstreetmap.org/node/4799843383,company,49.0053309,8.4308924
Bündnis90 / Die Grünen Kreisverband Karlsruhe,https://gruenekarlsruhe.de,https://www.openstreetmap.org/node/4806521821,political_party,49.0032848,8.3934715
Schucker,http://www.sanieren-dekorieren-karlsruhe.de,https://www.openstreetmap.org/node/4814082951,painter,49.0113772,8.4412256
Grosser Speditions- und Vermittlungs GmbH,,https://www.openstreetmap.org/node/4825738740,company,48.9981934,8.4491205
Andreas Merkle Spedition und Transport GmbH,,https://www.openstreetmap.org/node/4825738741,company,48.9976259,8.4492816
Südwestbus Betrieb Karlsruhe,,https://www.openstreetmap.org/node/4825738743,company,48.9978152,8.4476873
digitales bauen,http://www.digitales-bauen.de/,https://www.openstreetmap.org/node/4825738747,company,48.9994472,8.4043328
initial,http://initial-karlsruhe.de/,https://www.openstreetmap.org/node/4825738749,association,48.9994833,8.4043703
Karlsruhe Technology Consulting,https://k-tc.de,https://www.openstreetmap.org/node/4825738750,company,48.9994701,8.4043368
Pharmakon,http://www.pharmakon-software.de,https://www.openstreetmap.org/node/4825738751,company,48.9994842,8.4043019
Berker,https://www.hager.de/,https://www.openstreetmap.org/node/4825738754,company,48.9995528,8.4043422
Hager,https://www.hager.de/,https://www.openstreetmap.org/node/4825738755,company,48.9995537,8.4042791
AWO Karlsruhe,https://www.awo-karlsruhe.de/,https://www.openstreetmap.org/node/4825738765,company,49.0008963,8.4167632
Atelier B2,,https://www.openstreetmap.org/node/4825738766,artist,49.0054822,8.429175
Aikyou,https://aikyou.de/,https://www.openstreetmap.org/node/4825738767,company,49.0055385,8.4291958
Meister Bagci Service,,https://www.openstreetmap.org/node/4825738783,key_cutter,49.0089682,8.394064
SIERRA Hotel Management GmbH,http://www.sierrahotels.com/,https://www.openstreetmap.org/node/4825738789,company,49.0033833,8.4222096
Greenpeace Karlsruhe,,https://www.openstreetmap.org/node/4825818954,ngo,49.0067231,8.4072038
Waldpädagogik Karlsruhe,http://www.waldpaedagogik-karlsruhe.de,https://www.openstreetmap.org/node/4827878035,government,49.0302669,8.4064424
Lauinger Verlag,http://derkleinebuchverlag.de/,https://www.openstreetmap.org/node/4836649850,company,49.0086817,8.3903208
Seeger & Russwurm Immobilien GmbH,https://www.seeger-russwurm.de/,https://www.openstreetmap.org/node/4838882159,estate_agent,49.0061612,8.3944456
ias health & safety,https://www.ias-gruppe.de/die-ias-gruppe/standorte/details/standort/karlsruhe-1.html,https://www.openstreetmap.org/node/4838895665,company,49.0010074,8.3813429
kr3m. media GmbH,,https://www.openstreetmap.org/node/4841370429,company,49.0101978,8.393701
Forstamt Stadt Karlsruhe,https://www.karlsruhe.de/stadt-rathaus/verwaltung-stadtpolitik/aemter-dienststellen/detailseite/46-forstamt,https://www.openstreetmap.org/node/4850703655,forestry,49.0307324,8.4064019
Schleith,http://www.schleith.de,https://www.openstreetmap.org/node/4852093877,company,49.0222275,8.4422899
scdsoft Software Consulting & Development,http://www.scdsoft.de,https://www.openstreetmap.org/node/4852093878,company,49.0224514,8.4424709
InnoEnergy,http://www.innoenergy.com,https://www.openstreetmap.org/node/4852093879,company,49.0223021,8.4423502
PDTec,https://www.pdtec.de,https://www.openstreetmap.org/node/4852093880,company,49.0223768,8.4424106
Exxeta AG,https://exxeta.com/,https://www.openstreetmap.org/node/4852093881,company,48.9931077,8.3972622
DB InfraGO AG,,https://www.openstreetmap.org/node/4853070269,company,48.9907018,8.3969002
solute GmbH,https://www.solute.de/,https://www.openstreetmap.org/node/4863297693,company,49.0022979,8.3562819
flexlog,http://www.flexlog.de,https://www.openstreetmap.org/node/4875956559,company,49.0005356,8.4672041
Casino Catering,http://www.casinocatering.de/,https://www.openstreetmap.org/node/4892544392,caterer,49.0133356,8.4259839
Synergie,https://synergie.de/,https://www.openstreetmap.org/node/4893790737,employment_agency,49.0085378,8.3967589
Gartenbauamt,,https://www.openstreetmap.org/node/4897347381,government,49.0023261,8.3992597
Böhling Rohrleitungs- und Apparatebau GmbH,,https://www.openstreetmap.org/node/4909416891,plumber,49.0428333,8.3945739
PhysioMediKA,https://www.physiomedika.de/,https://www.openstreetmap.org/node/4912678603,therapist,49.002249,8.4636151
Internext Consulting Group,https://www.internext.de/,https://www.openstreetmap.org/node/4972439315,company,49.0084561,8.4014498
Karstadt Service-Center,,https://www.openstreetmap.org/node/4972621994,customer_service,49.0092918,8.4021324
Fotostudio,,https://www.openstreetmap.org/node/4972621995,photographer,49.0092567,8.4020278
Mehrwerk,https://www.mehrwerk-ag.de/,https://www.openstreetmap.org/node/4973749182,company,49.0240678,8.4485836
Dr. Dickgießer Assekuranz - Makler OHG,http://www.iat.de/,https://www.openstreetmap.org/node/4973749183,insurance,49.024183,8.4485581
Welcome Center TechnologieRegion Karlsruhe,https://technologieregion-karlsruhe.de,https://www.openstreetmap.org/node/4985600648,company,49.0198985,8.4392703
Glockengießerei Bachert,https://www.bachert-glocken.de/,https://www.openstreetmap.org/node/5002887264,bell_foundry,49.0113829,8.3504416
diconium digital solutions,https://diconium.com,https://www.openstreetmap.org/node/5003469009,company,49.020503,8.4378302
Falk,https://falk-co.de/,https://www.openstreetmap.org/node/5003469010,tax_advisor,49.0205028,8.4380224
ibnconsult,,https://www.openstreetmap.org/node/5003469011,company,49.0204256,8.4378156
macio,https://www.macio.de/,https://www.openstreetmap.org/node/5003469014,company,49.0204645,8.4377268
Knappschaft,http://www.Knappschaft.de,https://www.openstreetmap.org/node/5032785871,insurance,49.0044868,8.3795911
Evangelische Petrus-Jakobus-Gemeinde Karlsruhe,,https://www.openstreetmap.org/node/5045358344,religion,49.0285927,8.3692566
Mercedes-Benz Tech Innovation,https://www.mercedes-benz-techinnovation.com/,https://www.openstreetmap.org/node/5075066000,company,49.0205988,8.4409788
Martin Heck,https://heck-immobilien.de/,https://www.openstreetmap.org/node/5079934002,estate_agent,48.9830138,8.3902197
Kanzlei Vieten,http://www.kanzlei-vieten.de/,https://www.openstreetmap.org/node/5080945742,tax_advisor,49.0165962,8.3669197
Vieten Treuhand & Revisions- gesellschaft mbH,http://www.kanzlei-vieten.de/,https://www.openstreetmap.org/node/5080945743,accountant,49.0165566,8.3669451
Kränzle+Fischer-Wasels Architekten,http://kraenzle-fischerwasels.de,https://www.openstreetmap.org/node/5107767494,architect,49.0016775,8.4068519
Pfarrbüro St. Nikolaus,https://www.st-nikolaus-ka.de/,https://www.openstreetmap.org/node/5121530122,parish,48.9941045,8.389809
IBS Ingenieurbüro Dr. Klaus Schnürer GmbH,http://www.ibs-ka.de/,https://www.openstreetmap.org/node/5140921444,company,49.0127761,8.3752218
Zetcon Ingenieure,http://www.zetcon.de,https://www.openstreetmap.org/node/5154962451,company,49.0035138,8.4216213
finanzen.net GmbH,http://www.finanzen.net,https://www.openstreetmap.org/node/5155656753,company,49.0039273,8.3849582
abas Software AG,https://abas-erp.com,https://www.openstreetmap.org/node/5155656754,company,49.0039809,8.3849609
Volkswohnung Servicebüro Waldstadt,https://volkswohnung.de,https://www.openstreetmap.org/node/5162438704,property_management,49.0318913,8.4394152
Feldmann Consulting,http://www.feldmannconsulting.de/,https://www.openstreetmap.org/node/5196380839,company,49.0036493,8.4208623
Implenia,http://www.regiobau.implenia.com,https://www.openstreetmap.org/node/5196380841,company,49.003702,8.4208488
Sapienti AG,http://sapienti-ag.de/,https://www.openstreetmap.org/node/5196585502,tax_advisor,49.0083919,8.4016489
Signal Iduna,https://www.signal-iduna.de/gs.karlsruhe,https://www.openstreetmap.org/node/5196585503,insurance,49.008406,8.4016013
Schreinerei Keller Pichi Mangold,,https://www.openstreetmap.org/node/5209139516,carpenter,49.0066616,8.4087363
erste reserve,,https://www.openstreetmap.org/node/5209292392,employment_agency,49.0096032,8.4069996
Anwaltskanzlei Pichottka,,https://www.openstreetmap.org/node/5209292393,lawyer,49.0096112,8.4069335
Übersetzungsbüro Pichottka,,https://www.openstreetmap.org/node/5209292394,translation,49.0096125,8.4069141
Übersetzungsbüro BOZIG,,https://www.openstreetmap.org/node/5209292395,translation,49.0096142,8.4068933
synyx,https://www.synyx.de/,https://www.openstreetmap.org/node/5209398233,company,49.00409,8.3848952
Engel & Völkers,https://www.engelvoelkers.com/de-de/karlsruhecommercial/,https://www.openstreetmap.org/node/5211213695,estate_agent,49.0037768,8.4204096
new&able,http://www.newandable.com/,https://www.openstreetmap.org/node/5211213697,company,49.0037878,8.4204593
Günther Lehmann GmbH & Co. KG,,https://www.openstreetmap.org/node/5211213698,company,49.0037342,8.4204378
ITscope,https://www.itscope.com,https://www.openstreetmap.org/node/5211213699,company,49.0065067,8.4323095
Baufinanzierungspool24,http://www.baufinanzierungspool24.de,https://www.openstreetmap.org/node/5211213700,finance,49.0037557,8.4203318
Crown Software GmbH,http://www.crown.de/,https://www.openstreetmap.org/node/5211213701,company,49.0037588,8.420303
Asconda,http://www.asconda.de/,https://www.openstreetmap.org/node/5211213702,finance,49.0037447,8.4203506
diva-e Digital Value Excellence,https://www.diva-e.com/,https://www.openstreetmap.org/node/5211213704,company,49.003805,8.4203218
ILI Consulting,https://ili-consulting.de,https://www.openstreetmap.org/node/5211213705,company,49.00379,8.4203929
Immosecuritas Immobilienverwaltungs-GmbH,https://www.immosecuritas.de/,https://www.openstreetmap.org/node/5211213706,estate_agent,49.0037751,8.4204559
Aras & Kollegen,http://ra-aras.de/,https://www.openstreetmap.org/node/5211213707,lawyer,49.0037522,8.4204063
Steuerberatungskanzlei Önder Aydin,http://www.steuerberatungskanzlei-aydin.de/,https://www.openstreetmap.org/node/5211213708,tax_advisor,49.003768,8.4203634
CNT AG,http://www.cnt.net/,https://www.openstreetmap.org/node/5211213709,company,49.0037812,8.4203057
Dr. Klein,https://www.drklein.de/,https://www.openstreetmap.org/node/5211213733,financial_advisor,49.0047314,8.4162596
interhyp,https://www.interhyp.de,https://www.openstreetmap.org/node/5211213736,finance,49.0046971,8.4162019
"Hauptzollamt Karlsruhe, Zollamt Karlsruhe",https://www.zoll.de/SharedDocs/Dienststellen/DE/1_DSSD_Importer/Hauptzollamt/HZA_Karlsruhe/ZA/ZA_Karlsruhe_5880/ZA_Karlsruhe_5880.html,https://www.openstreetmap.org/node/5212350421,government,49.0115121,8.3476191
S&O GmbH,https://s-und-o.de/,https://www.openstreetmap.org/node/5212850434,company,49.0355542,8.4359021
Badischer Sportbund e.V.,http://www.badischer-sportbund.de,https://www.openstreetmap.org/node/5212850512,association,49.0253711,8.4477534
Versorgungsanstalt des Bundes und der Länder,https://www.vbl.de/de/app/Kontakt?s=LyL4zpiCZtRW0TkchP,https://www.openstreetmap.org/node/5223604119,insurance,49.0138062,8.3977899
Oberfinanzdirektion Karlsruhe,http://www.ofd-karlsruhe.de/,https://www.openstreetmap.org/node/5223604120,government,49.0151604,8.3816247
ISB,https://www.conet-isb.de/,https://www.openstreetmap.org/node/5230110411,company,49.0002001,8.4673419
Emons Spedition GmbH,http://www.emons.de/,https://www.openstreetmap.org/node/5237175721,logistics,49.0007309,8.4326063
Schmal Fotografie,https://schmal-fotografie.jimdofree.com/,https://www.openstreetmap.org/node/5238037254,photographer,48.9827294,8.3673804
SBB Cargo,,https://www.openstreetmap.org/node/5238421276,company,48.9945946,8.4126681
Gartenbauamt Bezirk Mitte und Stadtgarten,https://www.karlsruhe.de/b3/freizeit/gruenflaechen/kontakt.de,https://www.openstreetmap.org/node/5238637321,government,49.0018651,8.3994445
Gartenbauamt Bezirk Ost,,https://www.openstreetmap.org/node/5238637322,government,49.005923,8.4185201
Leonhard Weiss Bauunternehmung,http://www.leonhard-weiss.de,https://www.openstreetmap.org/node/5275319597,company,49.0228098,8.4536697
dataqube,http://www.dataqube.de/,https://www.openstreetmap.org/node/5290213120,company,49.0213007,8.4422113
Qudosoft,https://www.qudosoft.de/,https://www.openstreetmap.org/node/5290218821,company,49.0213376,8.4422596
Marsilli,http://www.marsilli.com,https://www.openstreetmap.org/node/5290218822,company,49.0208302,8.4406636
Dental Genial,,https://www.openstreetmap.org/node/5298479528,dental_technician,49.0148243,8.4344825
KwK Akademie,https://kwk-akademie.de/selbststaendig-machen-karlsruhe/,https://www.openstreetmap.org/node/5311722713,educational_institution,49.0445759,8.3903033
handicap-event-management,http://www.handicap-event-management.de,https://www.openstreetmap.org/node/5344553821,company,49.0006849,8.4179232
Malerfachbetrieb Essig,,https://www.openstreetmap.org/node/5352361506,painter,49.0103008,8.4298517
Änderungsschneiderei Sibel,,https://www.openstreetmap.org/node/5352590685,tailor,49.0288855,8.4568253
Intel Deutschland GmbH PFZ1 Building E,,https://www.openstreetmap.org/node/5387912392,company,49.023567,8.4557712
Reich + Seiler,http://reich-seiler.de/,https://www.openstreetmap.org/node/5417989574,architect,48.9963272,8.4035633
Slanted Publishers,https://www.slanted.de/,https://www.openstreetmap.org/node/5417989576,company,49.0168056,8.3453455
AOK Baden-Württemberg,https://bw.aok.de/,https://www.openstreetmap.org/node/5420222472,insurance,49.0046144,8.3961698
BM Bahndienste,http://www.bm-bahndienste.de/,https://www.openstreetmap.org/node/5420612496,company,48.9985445,8.4405792
Allgemeiner Studierendenausschuss am KIT,https://www.asta-kit.de/,https://www.openstreetmap.org/node/5435790532,student_union,49.0120628,8.4159294
Freie evangelische Gemeinde,https://feg-karlsruhe.de/,https://www.openstreetmap.org/node/5470384911,religion,49.009647,8.3994168
Kilicer Bau GmbH,http://kilicerbau.de/,https://www.openstreetmap.org/node/5471017807,builder,49.006973,8.4194085
SAM,,https://www.openstreetmap.org/node/5476258025,signmaker,49.0106967,8.4230952
Schorn & Groh Furniere,http://www.sg-veneers.com,https://www.openstreetmap.org/node/5523202509,company,49.0237701,8.4622388
Frey Fenster + Türen,https://www.fenster-frey.de/,https://www.openstreetmap.org/node/5523202518,window_construction,49.0217096,8.46488
GA-tec GmbH,http://www.ga-tec.de,https://www.openstreetmap.org/node/5523202754,hvac,49.0211591,8.4613368
Gartenbauverband Baden-Württemberg-Hessen e.V. - Geschäftsstelle Karlsruhe,https://www.gvbwh.de/,https://www.openstreetmap.org/node/5525439841,association,49.0031997,8.46137
erdling | der Schmied fürs feine Geschmeide,https://www.erdling.me,https://www.openstreetmap.org/node/5531759675,handicraft,49.0044446,8.4292294
LandesArbeitsgemeinschaft der Kulturinitiativen und Soziokulturellen Zentren in Baden-Württemberg e.V.,http://www.laks-bw.de,https://www.openstreetmap.org/node/5531759677,association,49.0060237,8.4291409
Hirsch Reisen,https://www.hirschreisen.de/,https://www.openstreetmap.org/node/5531978137,company,49.0092555,8.3958103
Nilaplan Karlsruhe,http://nilaplan-karlsruhe.de/,https://www.openstreetmap.org/node/5554854892,company,49.0327588,8.3944505
Martin Rechtsanwälte,https://www.martin-anwaelte.de,https://www.openstreetmap.org/node/5554854893,lawyer,49.0327579,8.3944103
Hief + Heinzmann,https://www.hief-heinzmann.de,https://www.openstreetmap.org/node/5555231591,company,49.0321987,8.3580677
Blue Yonder,http://www.blue-yonder.com,https://www.openstreetmap.org/node/5590612822,company,49.0319495,8.3945522
KIT Dienstleistungseinheit Studium und Lehre,http://www.sle.kit.edu,https://www.openstreetmap.org/node/5599248486,university,49.0100607,8.4110668
AKD - Allgemeiner Krankenpflegedienst Karlsruhe,https://www.akd-karlsruhe.de/,https://www.openstreetmap.org/node/5619346731,company,49.0018585,8.3910677
Siemens-Betriebskrankenkasse,,https://www.openstreetmap.org/node/5637277508,insurance,49.0275532,8.3509794
Kassenärztliche Vereinigung Baden-Württemberg,,https://www.openstreetmap.org/node/5645664074,government,49.0044214,8.3652511
Dr. Oskar Trinks,,https://www.openstreetmap.org/node/5667806823,accountant,49.0187616,8.447974
DEVK Patrick Menze,https://patrick-menze.devk.de/,https://www.openstreetmap.org/node/5680052933,insurance,49.0095311,8.4243974
Fachschaft W - Hochschule Karlsruhe,https://fachschaftw.de,https://www.openstreetmap.org/node/5682572644,association,49.0132181,8.3923704
Baam,https://www.baam-transporte.de/,https://www.openstreetmap.org/node/5694991158,logistics,48.997689,8.3439746
ka-news.de,https://www.ka-news.de,https://www.openstreetmap.org/node/5713943867,newspaper,49.0067504,8.4232964
Komm.ONE,https://www.komm.one/,https://www.openstreetmap.org/node/5739216507,it,49.0081285,8.344695
fix Umzüge,https://www.fixumzuege.de,https://www.openstreetmap.org/node/5772572759,moving_company,49.0034013,8.3868593
InterConnect,https://www.interconnect.de/,https://www.openstreetmap.org/node/5774073863,company,49.0256899,8.4476857
schnittmuskel,https://schnittmuskel.de,https://www.openstreetmap.org/node/5777281364,dressmaker,49.0042405,8.4293059
Biffar Studio,https://www.biffar.de/studiosuche/studio-karlsruhe/,https://www.openstreetmap.org/node/5809534199,window_construction,49.0199718,8.4608527
Sales & Promotion Marketing Vertriebsagentur,https://www.sundpmarketing.de,https://www.openstreetmap.org/node/5821280060,advertising_agency,49.0055865,8.4093475
Sean Dundee Fußballschule,,https://www.openstreetmap.org/node/5821280061,sport,49.0055913,8.4093697
Heinz Kutt e.K. Generalagentur,,https://www.openstreetmap.org/node/5821280062,insurance,49.005594,8.4093965
Ingenieurbüro H. Rothenhöfer,http://www.ing-rothenhoefer.de/,https://www.openstreetmap.org/node/5821280063,engineer,49.0055969,8.40943
Helmut Schlachter GmbH,https://www.schlachtergmbh.de/,https://www.openstreetmap.org/node/5837226736,metal_construction,49.0072122,8.4191389
Hallenkind,https://www.hallenkind.com/,https://www.openstreetmap.org/node/5838434483,company,49.0098098,8.3743015
Pander Visuelle Komunikation,,https://www.openstreetmap.org/node/5838435085,graphic_design,49.004429,8.385607
Staatliches Hochbauamt Karlsruhe,"https://www.ofd-karlsruhe.de/pb/,Lde/317736",https://www.openstreetmap.org/node/5844773285,government,49.0046195,8.3834194
Toto-Lotto Bezirksdirektion Mittlerer Oberrhein,,https://www.openstreetmap.org/node/5856882940,company,49.0251908,8.4477125
Stadtjugendausschuss e.V. Karlsruhe,https://stja.de,https://www.openstreetmap.org/node/5857270469,association,49.0152566,8.3930343
ICnova AG,,https://www.openstreetmap.org/node/5858947191,company,48.9967707,8.464011
Schreinerei Sonfheimer,,https://www.openstreetmap.org/node/5863209799,carpenter,49.0065564,8.3818719
Badischer Leichtathletik-Verband e.V.,http://www.blv-online.de,https://www.openstreetmap.org/node/5864289963,association,49.0252084,8.4476843
Bauordnungsamt Stadt Karlsruhe,,https://www.openstreetmap.org/node/5888375733,government,49.0075307,8.4035017
Stadtplanungsamt Stadt Karlsruhe,,https://www.openstreetmap.org/node/5888375734,government,49.0077119,8.4030966
merz kley partner,,https://www.openstreetmap.org/node/5890338959,engineer,49.0016126,8.4063263
joa - Studio für Architektur,https://joa-architektur.de,https://www.openstreetmap.org/node/5890338960,architect,49.0013563,8.4055541
Imkerei Junge,http://www.bienen-junge.de/,https://www.openstreetmap.org/node/5893368181,beekeeper,49.030463,8.3457185
Rhenus Port Logistics Karlsruhe Verwaltungs GmbH,,https://www.openstreetmap.org/node/5896664839,yes,49.0165498,8.3402886
Heizung & Sanitär Installationsbetrieb,,https://www.openstreetmap.org/node/5906084407,plumber,48.9981534,8.4077532
CAS InnovationCenter,,https://www.openstreetmap.org/node/5922983048,research,49.0211133,8.4398617
Stratec,https://www.stratec.com,https://www.openstreetmap.org/node/5922983208,company,49.0223877,8.4416547
Sick AG,https://www.sick.com,https://www.openstreetmap.org/node/5922983209,company,49.0225688,8.4417821
Müller Kälte & Klima,https://www.mueller-klima.de/,https://www.openstreetmap.org/node/5940933579,hvac,49.0371593,8.3928828
EF Logistik GmbH,https://www.emilfrey.de/de/ef-logistik-gmbh,https://www.openstreetmap.org/node/5962690664,company,49.0197924,8.4682783
4you GmbH,http://4you-gmbh.eu/,https://www.openstreetmap.org/node/5962690935,company,49.0193684,8.4678391
"Obermeier, Hubert & Co.",https://www.q-cnc.de/,https://www.openstreetmap.org/node/5962690944,metal_construction,49.0194281,8.4675799
ID Ingenieure,,https://www.openstreetmap.org/node/5968284389,engineer,49.0096639,8.3886252
Cammerer Lenz,,https://www.openstreetmap.org/node/5974071411,tax_advisor,49.0105876,8.3936787
Rechtsbeistand Tatjana Supper,http://www.rechtsbeistand-tsupper.de/,https://www.openstreetmap.org/node/5974804583,lawyer,49.0099838,8.3912068
Logo Team,http://www.logo-team.com,https://www.openstreetmap.org/node/5974804584,logistics,49.0100439,8.3912101
Seniorenbüro/Pflegestützpunkt,https://www.karlsruhe.de/b3/soziales/personengruppen/senioren/seniorenwegweiser/beratung/seniorenbuero.de,https://www.openstreetmap.org/node/5974805785,government,49.0100592,8.3912109
"Schmitt, Kasimir + Partner",http://www.skp-architects.com,https://www.openstreetmap.org/node/5974805786,architect,49.010024,8.391209
Arcos Hausverwaltung,https://www.arcos-hausverwaltung.de/,https://www.openstreetmap.org/node/5974805787,yes,49.0100033,8.3912078
Recklies Rechtsanwälte,https://www.rae-recklies.de/,https://www.openstreetmap.org/node/5974805788,lawyer,49.0100468,8.3914803
Kommunaler Versorgungsverband Baden-Württemberg,https://www.kvbw.de/,https://www.openstreetmap.org/node/5983193830,insurance,49.0045642,8.4200817
M-A-U-S Erste Hilfe Kurse,https://www.erstehilfe.de,https://www.openstreetmap.org/node/5998331543,educational_institution,49.0100146,8.3914773
K&S Personal,https://www.ks-personal.jobs/,https://www.openstreetmap.org/node/5998331544,employment_agency,49.0099955,8.3914755
KHW-Kübler GmbH,https://www.khw-immobilien.de,https://www.openstreetmap.org/node/5998331545,estate_agent,49.0099758,8.3914736
Fidelitas Sicherheit,,https://www.openstreetmap.org/node/6018042352,security,49.0096476,8.405791
Staatsanwaltschaft Karlsruhe,http://www.stakarlsruhe.de/,https://www.openstreetmap.org/node/6018385949,lawyer,49.0118745,8.3979079
Sick Vertriebs GmbH,https://www.sick.com,https://www.openstreetmap.org/node/6019045329,company,49.0225398,8.441758
HaKü Werbetechnik,http://hakue-werbetechnik.de/,https://www.openstreetmap.org/node/6030288424,marketing,49.0239381,8.463681
Like@Home,https://www.likehome.immo,https://www.openstreetmap.org/node/6032901113,estate_agent,49.028674,8.4561688
Dr. Baier - Brenk - Störtz GbR,http://www.dr-baier-partner.de,https://www.openstreetmap.org/node/6053235858,lawyer,49.0117399,8.4362045
Goldschmied Günter Ketterer,,https://www.openstreetmap.org/node/6053265633,goldsmith,49.0110054,8.4238596
Hoepfner WertInvest,https://hoepfner-wertinvest.de/,https://www.openstreetmap.org/node/6053265638,company,49.0116792,8.4288485
Stadt Karlsruhe Amt für Hochbau und Gebäudewirtschaft Außenstelle Wettbewerbsbüro,,https://www.openstreetmap.org/node/6068904397,administrative,49.0058812,8.4293997
Büro marotte Figurentheater,http://marotte-figurentheater.de,https://www.openstreetmap.org/node/6069130780,company,49.0101683,8.3846122
Deutsche Vermögensberatung,,https://www.openstreetmap.org/node/6070521687,financial_advisor,49.0039959,8.394177
Dipl. Betriebswirt (BA) Ulrich F. Sinn,,https://www.openstreetmap.org/node/6070923534,tax_advisor,48.9761091,8.4069727
Gabelstaplerfahrschule Köhler,https://www.fuehrerschein-gabelstapler.de/,https://www.openstreetmap.org/node/6089912495,company,49.0134209,8.4423856
Private Schwimmschule Köhler,https://www.schwimmschule-koehler.de,https://www.openstreetmap.org/node/6089912496,company,49.0134411,8.4423374
DB Bahnbau Gruppe,,https://www.openstreetmap.org/node/6090397017,company,49.0028381,8.4394205
Pittroff Elektro,http://www.pittroff-elektro.de/,https://www.openstreetmap.org/node/6152650098,electrician,49.0123003,8.442281
Weber Parkett Bodenbeläge,http://weber-parkettboden.de,https://www.openstreetmap.org/node/6157021390,floorer,49.0314386,8.4588759
KaTeX Atelier für Dekorationen,,https://www.openstreetmap.org/node/6168842279,tailor,49.0235837,8.461082
ZZ DriveTech,http://www.zzdrivetech.com/,https://www.openstreetmap.org/node/6168842387,company,49.0229804,8.4605335
Leopold Siegrist GmbH,http://www.siegrist.de,https://www.openstreetmap.org/node/6168842428,company,49.0219814,8.459368
Bernd Höllstern GmbH - Schädlingsbekämpfung,https://hoellstern.de/,https://www.openstreetmap.org/node/6169454951,pest_control,49.0142178,8.4426337
Analytica,http://www.analytica-gmbh.de,https://www.openstreetmap.org/node/6181000428,company,48.9948744,8.3733403
Badischer Landesverein für Innere Mission,https://www.badischer-landesverein.de,https://www.openstreetmap.org/node/6181010677,association,48.9985551,8.3928721
Amnesty International Regionalbüro Karlsruhe,,https://www.openstreetmap.org/node/6200998411,ngo,49.0104355,8.3980745
Education Support Centre,https://www.escde.net/,https://www.openstreetmap.org/node/6203314077,company,49.0205613,8.437697
Steinhaus Informationssysteme,http://www.steinhaus-informationssysteme.de,https://www.openstreetmap.org/node/6203314079,company,49.0205033,8.437638
Fraunhofer-Institut für Werkstoffmechanik,https://www.mikrotribologiecentrum.de,https://www.openstreetmap.org/node/6221626615,research,49.0229971,8.433136
Servicezentrum Auto und Verkehr,,https://www.openstreetmap.org/node/6235652333,government,48.9969942,8.3799371
Corps Alemannia,https://alemannen.de/,https://www.openstreetmap.org/node/6238607302,association,49.0032208,8.4040757
KA Real Estate GmbH,https://ka-real-estate.de/,https://www.openstreetmap.org/node/6254552785,estate_agent,49.0422714,8.4435734
KA Immo Management GmbH,https://www.ka-immo.eu/,https://www.openstreetmap.org/node/6254552786,estate_agent,49.0422649,8.4436025
BP Projektentwicklung GmbH,https://www.bp-projektentwicklung.de/,https://www.openstreetmap.org/node/6254552787,estate_agent,49.0422583,8.4436316
GUF Objektgesellschaft mbH,,https://www.openstreetmap.org/node/6254552788,company,49.0422423,8.4436232
HAL Objektgesellschaft mbH,,https://www.openstreetmap.org/node/6254552789,company,49.0422489,8.4435941
SWG Objektgesellschaft mbH,,https://www.openstreetmap.org/node/6254552790,company,49.0422555,8.443565
SDK Regionaldirektion Karlsruhe,https://www.sdk.de/kontakt/beratersuche/regionaldirektion-karlsruhe/,https://www.openstreetmap.org/node/6267933248,insurance,49.0107562,8.4381677
KGM-Verlag GmbH,https://kgm-verlag.de,https://www.openstreetmap.org/node/6267933251,company,49.0107526,8.4380775
Schöffler + Wörner Verwaltung,http://swweb.de/,https://www.openstreetmap.org/node/6268697497,company,49.0220895,8.4635161
ReTech,http://www.retech-gmbh.de,https://www.openstreetmap.org/node/6268697548,company,49.019645,8.4617923
Immo VBV,,https://www.openstreetmap.org/node/6268697565,estate_agent,49.0199229,8.4610067
S-FM,https://www.s-fm-gmbh.de/,https://www.openstreetmap.org/node/6268697566,estate_agent,49.0199293,8.4609865
Baidenger Finanzberatung,https://www.baidenger-finanzberatung.de/,https://www.openstreetmap.org/node/6274677483,insurance,49.0124762,8.3712674
DIS AG,https://www.dis-ag.com/ueber-uns/kontakt/niederlassungssuche/karlsruhe-office/,https://www.openstreetmap.org/node/6282917276,company,49.0051185,8.4201367
Immadio,,https://www.openstreetmap.org/node/6283009839,facility_management,49.0115275,8.3664301
Swiss Life Select,https://www.swisslife-select.de/content/vor-ort/michael-bofinger/de/home.html,https://www.openstreetmap.org/node/6283375292,insurance,49.0430441,8.3922171
MVZ Labor Diagnostik Karlsruhe GmbH,https://www.labor-karlsruhe.de/,https://www.openstreetmap.org/node/6283375293,company,49.0430761,8.3925925
Balcke Dürr,https://www.balcke-duerr.com/,https://www.openstreetmap.org/node/6283375294,company,49.0430655,8.3924674
Call a Trucker,https://www.callatrucker.de/unsere-standorte/karlsruhe/,https://www.openstreetmap.org/node/6283375295,company,49.0430548,8.3923422
DER Business Travel Center Karlsruhe,https://www.derbusinesstravel.com/,https://www.openstreetmap.org/node/6283375300,travel_agent,49.0444283,8.3902146
Brewgreen Engineering,https://brewgreen-engineering.de/,https://www.openstreetmap.org/node/6283375301,engineering,49.0444844,8.3902032
SÜBA,https://www.sbw-karlsruhe.de,https://www.openstreetmap.org/node/6283375303,estate_agent,49.0445882,8.3904448
Softronic,http://www.softronic.de/,https://www.openstreetmap.org/node/6283375304,company,49.0445821,8.3903741
ascent AG,https://www.ascent.de/,https://www.openstreetmap.org/node/6283375305,company,49.0445149,8.3902366
Heiss Immobilien,,https://www.openstreetmap.org/node/6296486425,estate_agent,49.0143396,8.4466524
Siemens Power Academy PS CD,,https://www.openstreetmap.org/node/6302779241,educational_institution,49.0277273,8.3543956
b.i.g.-Gruppe Management,https://www.big-gruppe.com/de/standorte/karlsruhe-management,https://www.openstreetmap.org/node/6348251290,company,49.0014452,8.3822232
Hoffmanns Bistro & Restaurant - Partyservice - Catering in der Metro Gastro,,https://www.openstreetmap.org/node/6352265167,caterer,49.0100519,8.4481725
Spark Software Engineering GmbH,https://sparkteams.de,https://www.openstreetmap.org/node/6398667524,it,49.0047637,8.4329552
Prüfstelle für Straßenbau- und Geotechnik,,https://www.openstreetmap.org/node/6410106736,government,49.0041015,8.4565156
AOK,,https://www.openstreetmap.org/node/6414046176,insurance,48.9986439,8.4650027
Karlsruher TV e.V.,,https://www.openstreetmap.org/node/6416988484,association,49.027643,8.407875
Bagci Service,,https://www.openstreetmap.org/node/6425338443,key_cutter,49.0095344,8.3989764
Strippel,https://www.strippel-dach.de/,https://www.openstreetmap.org/node/6426712516,roofer,48.9906119,8.4407254
Gebäudereinigung Schoch,https://www.gebaeudereinigung-schoch.de/,https://www.openstreetmap.org/node/6426714892,company,48.9911258,8.4394352
Texys Sensoren GmbH,https://www.texense.com/de/,https://www.openstreetmap.org/node/6431747645,research,49.0038134,8.3652107
bibo Tragwerksplanung GmbH,https://www.bibo-tragwerksplanung.de/,https://www.openstreetmap.org/node/6432414842,architect,48.9966919,8.4541234
Secorvo Security Consulting GmbH,https://www.secorvo.de,https://www.openstreetmap.org/node/6436931403,company,48.9963647,8.4041864
KS LED-Konzepte Kassensysteme,https://ks-kassen.de/,https://www.openstreetmap.org/node/6450221131,company,49.0210913,8.4613945
ISOMEDIA – Samsung Customer Service,https://isomedia.de/,https://www.openstreetmap.org/node/6466763896,electronics_repair,49.008735,8.3931926
studentec,https://www.studentec.de/,https://www.openstreetmap.org/node/6466808351,company,49.009642,8.3984256
"Löffler, Steigelmann, Krieger & Partner",http://www.lsk-partner.de/,https://www.openstreetmap.org/node/6466834469,lawyer,49.0136487,8.3897044
"Regierungspräsidium Karlsruhe Referat 16 - Polizeirecht, Höhere Straßenverkehrsbehörde",,https://www.openstreetmap.org/node/6466836601,government,49.0133197,8.3889775
Dr. Willmar Schwabe Business Services,,https://www.openstreetmap.org/node/6467977271,company,48.9972353,8.4346649
Deutsche Homöopathie-Union,https://www.dhu.de,https://www.openstreetmap.org/node/6467977272,company,48.9971033,8.4325594
Whiteout Studio,https://www.whiteoutstudio.com/,https://www.openstreetmap.org/node/6468167339,media,49.0043967,8.4328802
Nils Menrad Film- & Medienproduktion,http://www.nils-menrad.de/,https://www.openstreetmap.org/node/6468167340,media,49.0044112,8.4328027
dokKa,,https://www.openstreetmap.org/node/6468167341,association,49.0045982,8.4329673
Print Instruments,https://printinstruments.de/,https://www.openstreetmap.org/node/6468167342,it,49.0048141,8.4329769
t2consult,https://t2consult.net/,https://www.openstreetmap.org/node/6468167343,company,49.0047997,8.4330545
Famigo,,https://www.openstreetmap.org/node/6468167344,it,49.0047134,8.4329334
Digital Cinema Mastering,https://digital-cinema-mastering.com,https://www.openstreetmap.org/node/6468167345,media,49.004663,8.4329116
Dorfjungs,https://www.dorfjungs.com/,https://www.openstreetmap.org/node/6468167346,company,49.0046126,8.4328898
Lorenz Richardt Architekten,https://lrarchitekten.de/,https://www.openstreetmap.org/node/6468167347,architect,49.0045478,8.4329455
Mapstar AG,https://www.mapstar.io/,https://www.openstreetmap.org/node/6468167348,company,49.0044615,8.4328244
Kenforx,http://www.kenforx.com/,https://www.openstreetmap.org/node/6468167349,company,49.0045119,8.4328462
PowMio,https://www.powmio.com,https://www.openstreetmap.org/node/6468167350,it,49.0045623,8.432868
avee GmbH,,https://www.openstreetmap.org/node/6468167351,company,49.0046486,8.4329891
Funkybooth,https://funkybooth.eu/,https://www.openstreetmap.org/node/6468167352,company,49.0046989,8.4330109
let's dev,https://letsdev.de,https://www.openstreetmap.org/node/6468167353,company,49.0044975,8.4329238
ZG Raiffeisen,https://www.zg-raiffeisen.de,https://www.openstreetmap.org/node/6471047246,company,48.9966836,8.4056099
Servicebüro Nordstadt,https://volkswohnung.de/,https://www.openstreetmap.org/node/6480223603,property_management,49.0268315,8.3909722
car inside,https://www.car-inside.com/,https://www.openstreetmap.org/node/6482550175,saddler,48.9953795,8.4490375
nübold architekten,https://www.nuebold.de/,https://www.openstreetmap.org/node/6482550176,architect,48.9953039,8.4485587
Baker Hicks,https://bakerhicks.com/,https://www.openstreetmap.org/node/6488296263,company,49.0213618,8.4422147
GPK Gesellschaft für medizinische Prävention und Kommunikation,https://gpk.de,https://www.openstreetmap.org/node/6488736359,company,49.0365774,8.4457777
Finanzberatung Fred Gartner,https://www.baufi-gartner.de/,https://www.openstreetmap.org/node/6488736360,financial,49.0362174,8.4454133
Immo Gartner,https://immo-gartner.de/,https://www.openstreetmap.org/node/6488736361,estate_agent,49.036178,8.4453735
Bioscientia,https://www.labor-karlsruhe.de/,https://www.openstreetmap.org/node/6495296672,company,48.9813929,8.4051123
Wolff & Müller,https://www.wolff-mueller.de/,https://www.openstreetmap.org/node/6495296675,company,48.981495,8.4050292
Fotostudio Graf,,https://www.openstreetmap.org/node/6512038013,photographer,49.0493161,8.3820426
Jobcenter,,https://www.openstreetmap.org/node/6513845737,employment_agency,49.0024592,8.3847595
FIX Personaldienstleistungen,https://fix-perso.de/,https://www.openstreetmap.org/node/6557463322,company,49.0100765,8.3971093
ITfab,http://www.itfab.com,https://www.openstreetmap.org/node/6578972453,company,49.0210021,8.4419793
Werum Körber Solutions,https://www.werum.com,https://www.openstreetmap.org/node/6578972454,company,49.0233242,8.4398496
dm-drogerie markt GmbH + Co. KG,,https://www.openstreetmap.org/node/6597207390,company,49.0030044,8.4556794
Urich Transporte,,https://www.openstreetmap.org/node/6597572768,company,49.0197137,8.4615749
Pröll Miltner,https://www.proell-miltner.de/,https://www.openstreetmap.org/node/6597572771,architect,49.0197055,8.4618367
GkB Gesellschaft für kommunale Baulanderschließung mbH,https://www.gkb-ag.de/,https://www.openstreetmap.org/node/6597572772,company,49.0197398,8.461728
Power Projekt,http://www.powerprojekt.de/,https://www.openstreetmap.org/node/6597595145,company,49.0221379,8.4651335
Dr. Kern - Reflexive Kompetenz,https://reflexive-kompetenz.de/,https://www.openstreetmap.org/node/6635157985,consulting,49.0040954,8.3978088
Karlsruher Verkehrsverbund GmbH,https://www.kvv.de,https://www.openstreetmap.org/node/6653949032,company,49.0066139,8.4316569
Albtal-Verkehrs-Gesellschaft mbH,https://www.avg.info/,https://www.openstreetmap.org/node/6653949034,company,49.0065984,8.4316885
Verkehrsbetriebe Karlsruhe GmbH,https://www.vbk.info,https://www.openstreetmap.org/node/6653949035,company,49.0066531,8.4316579
ZG Raiffeisen Agrar,,https://www.openstreetmap.org/node/6680277941,company,49.0158327,8.3385962
Deutsche Lebens-Rettungs-Gesellschaft Landesverband Baden e. V. Geschäftstelle,https://baden.dlrg.de/ueber-uns/geschaeftsstelle/,https://www.openstreetmap.org/node/6680389521,association,49.0171186,8.3427536
adesso,https://www.adesso.de,https://www.openstreetmap.org/node/6688483711,it,49.005261,8.4198403
AAT Controls GmbH,http://www.aat-gmbh.de,https://www.openstreetmap.org/node/6689780037,company,49.0201072,8.3411604
AAT Automation GmbH,http://www.aat-gmbh.de,https://www.openstreetmap.org/node/6689780038,company,49.0201811,8.3409888
Pfarramt Laurentiusgemeinde,,https://www.openstreetmap.org/node/6716835673,religion,49.0282765,8.4605945
punkt.de GmbH,https://punkt.de/,https://www.openstreetmap.org/node/6737420733,it,49.0094384,8.3674137
Körner Gartenbau,,https://www.openstreetmap.org/node/6787708677,gardener,48.9921988,8.3428484
Bildungs- und Wissenschaftszentrum der Bundesfinanzverwaltung - Dienstsitz Karlsruhe,,https://www.openstreetmap.org/node/6796984169,government,49.0224791,8.3668935
dm-Vermögensverwaltungsgesellschaft mbH,,https://www.openstreetmap.org/node/6848347044,company,49.0028889,8.4564879
Futura Drogerie-Marken Vertriebsgesellschaft mbH,,https://www.openstreetmap.org/node/6848347045,company,49.0027733,8.4572965
dmTECH GmbH,,https://www.openstreetmap.org/node/6848347046,company,49.0028311,8.4568922
dm-drogerie markt Verwaltungs-GmbH,,https://www.openstreetmap.org/node/6848347047,company,49.0029466,8.4560837
Design Offices,https://www.designoffices.de,https://www.openstreetmap.org/node/6918848575,coworking,48.9945955,8.3988936
Interhyp,,https://www.openstreetmap.org/node/6918881499,estate_agent,49.0073847,8.3945283
WWK Versicherungen,,https://www.openstreetmap.org/node/6956166566,insurance,49.006672,8.3895624
ChurchTools Innovations GmbH,https://church.tools,https://www.openstreetmap.org/node/6960633811,company,49.0086805,8.3955985
Weber EDV-Consulting,https://www.weber-edv.net/,https://www.openstreetmap.org/node/6992520266,it,49.0295359,8.4570762
Augenzentrum Eckert: Augenarzt Karlsruhe Stadtmitte,https://augenzentrum-eckert.de/standorte/karlsruhe-stadtmitte/,https://www.openstreetmap.org/node/7005855517,physician,49.0101504,8.3979857
Bawey Gebäudemanagement,http://bawey.de/,https://www.openstreetmap.org/node/7056424320,company,49.0283658,8.454646
Kundencenter Stadtwerke Karlsruhe,https://www.karlsruhe-erleben.de/,https://www.openstreetmap.org/node/7057899959,energy_supplier,49.0097299,8.4041534
aicas,https://www.aicas.com,https://www.openstreetmap.org/node/7091758558,company,49.0195435,8.439914
BürgerBüro Ost,https://web1.karlsruhe.de/service/Buergerdienste/organisation.php?id=6006606,https://www.openstreetmap.org/node/7093711829,government,49.0292698,8.4573162
Gemeindebüro Evangelische Emmausgemeinde Karlsruhe,https://emmausgemeinde-karlsruhe.de/,https://www.openstreetmap.org/node/7108930189,religion,49.0326322,8.44083
Plan B Immobilien,https://planb-karlsruhe.de/,https://www.openstreetmap.org/node/7155076307,property_management,49.0016117,8.4153487
Pure Soundsystems,https://www.puresoundsystems.de/,https://www.openstreetmap.org/node/7155085640,company,48.9996963,8.4180478
Allianz Generalvertretung Bernd Hamann,https://vertretung.allianz.de/bernd.hamann/,https://www.openstreetmap.org/node/7161089794,insurance,49.0346667,8.4478824
Studierendenwerk Karlsruhe,https://www.sw-ka.de,https://www.openstreetmap.org/node/7177559508,company,49.0116058,8.4173526
Fachschaft GeistSoz,https://geistsoz.de,https://www.openstreetmap.org/node/7177559518,association,49.013508,8.4134104
Büro Süd,http://www.büro-süd.de,https://www.openstreetmap.org/node/7223647375,company,49.0030712,8.4081151
GFT,https://gft-trockenbau.de/,https://www.openstreetmap.org/node/7277380115,interior_work,48.9954737,8.3706459
Schrifthof - Werkstatt für experimentelle Kalligraphie,,https://www.openstreetmap.org/node/7277910391,handicraft,49.0085402,8.4282687
Carrier,,https://www.openstreetmap.org/node/7294970490,company,49.0219216,8.4552321
Lancom Systems,https://www.lancom-systems.de,https://www.openstreetmap.org/node/7294970491,company,49.0221863,8.4555231
euromicron,,https://www.openstreetmap.org/node/7294970540,company,49.0219332,8.4555132
MVZ Labor PD Dr. Volkmann und Kollegen GbR,http://www.laborvolkmann.de,https://www.openstreetmap.org/node/7342592633,laboratory,49.007316,8.4376368
weisenburger Bemusterungszentrum baustein,,https://www.openstreetmap.org/node/7391666045,architect,49.0202893,8.4679686
Zwischenlager,https://www.zwischenlager.net,https://www.openstreetmap.org/node/7542045884,company,48.997003,8.4518056
Mieter- und Bauverein Karlsruhe eG,https://www.mbv-ka.de,https://www.openstreetmap.org/node/7682359372,company,49.0033643,8.4036197
Bauunternehmung Streib,,https://www.openstreetmap.org/node/7685173286,company,49.0180686,8.4652155
FC Gruppe,https://www.fc-gruppe.de,https://www.openstreetmap.org/node/7685173287,company,49.017984,8.4647268
worKA,https://www.worka.de/,https://www.openstreetmap.org/node/7685173288,company,49.0178581,8.4648239
Goldbeck,https://www.goldbeck.de/standorte/karlsruhe/,https://www.openstreetmap.org/node/7685173289,company,49.0179445,8.4651706
MomentumNow | Research & Consulting,https://www.MomentumNow.DE,https://www.openstreetmap.org/node/7786674087,consulting,49.0435276,8.3918993
virtual7,https://virtual7.de,https://www.openstreetmap.org/node/7791319565,it,48.9963229,8.4648079
Papershift,https://www.papershift.com/,https://www.openstreetmap.org/node/7791319566,yes,48.99615,8.4651703
Visteon,https://www.visteon.com/,https://www.openstreetmap.org/node/7791319567,company,48.9953498,8.4648994
Friedhofs- und Bestattungsamt,,https://www.openstreetmap.org/node/7796499377,government,49.0144271,8.4299896
Gesundheitsamt Karlsruhe Landkreis,,https://www.openstreetmap.org/node/7796568465,government,49.0059467,8.4266828
Deutsche Telekom AG,,https://www.openstreetmap.org/node/7816793920,company,49.0040627,8.4114578
Flüchtlingshilfe Karlsruhe,https://fluechtlingshilfe-karlsruhe.de/,https://www.openstreetmap.org/node/7817416285,ngo,49.0059943,8.4316092
Medie Ambulanz GmbH,https://www.medie-ambulanz.de/,https://www.openstreetmap.org/node/7888510228,company,49.0092778,8.3676097
Majolika Manufaktur,https://majolika-karlsruhe.de/,https://www.openstreetmap.org/node/7895905056,atelier,49.0187915,8.4008731
Infokom,https://www.infokom-it.de,https://www.openstreetmap.org/node/7911025943,it,49.0263183,8.354402
EUROBAUSTOFF,https://www.eurobaustoff.com,https://www.openstreetmap.org/node/7951109843,company,49.0263617,8.3543154
Steuerberatung Hanauer,https://steuerberatung-hanauer.de/,https://www.openstreetmap.org/node/7978344507,tax_advisor,48.9964499,8.3646948
Fivers Versicherungsmakler GmbH,https://www.fivers.de,https://www.openstreetmap.org/node/7997441358,insurance,48.9990579,8.4039362
Müller-Hof,https://www.mueller-hof.de/,https://www.openstreetmap.org/node/8012889284,lawyer,49.0143005,8.3817033
Lutz Beck Grobosch Rechtsanwälte,https://lutzbeck.de/,https://www.openstreetmap.org/node/8012896081,lawyer,49.0138774,8.3834749
Fortbildungsgesellschaft für Gewässerentwicklung mbH,https://www.wbw-fortbildung.net/,https://www.openstreetmap.org/node/8012896082,educational_institution,49.0139187,8.3830699
Consileon,https://www.consileon.de/,https://www.openstreetmap.org/node/8012896083,consulting,49.0136707,8.3828178
EnQS GmbH,https://www.enqs.de/,https://www.openstreetmap.org/node/8012896084,company,49.0136883,8.3824752
"Dr. Gerhard Leute, Dipl.-Ing.",https://www.dr-leute.de/,https://www.openstreetmap.org/node/8012932346,surveyor,49.0134693,8.3821147
Citex Exportkontrolle,https://www.exportrecht.com/citex/,https://www.openstreetmap.org/node/8012932347,lawyer,49.0135759,8.3821277
Kanzlei am Haydnplatz,http://www.ibt-law.org/,https://www.openstreetmap.org/node/8012932348,lawyer,49.0135388,8.3820506
Bernhard Dürr,,https://www.openstreetmap.org/node/8012933686,tax_advisor,49.0136892,8.382337
explain,https://www.explain.de/,https://www.openstreetmap.org/node/8012933688,consulting,49.0137613,8.3819072
Schmidt & Schmidt,https://schmidtundschmidt.com/,https://www.openstreetmap.org/node/8012933689,architect,49.0141941,8.3826368
Kohnle & Partner,https://kohnle-partner.com/,https://www.openstreetmap.org/node/8012933690,lawyer,49.0140692,8.3829908
Bauer Landschaftsarchitekten,http://bauer-landschaftsarchitekten.de/,https://www.openstreetmap.org/node/8012933691,garden_architect,49.0145318,8.3837559
Goldener Zirkel,https://goldener-zirkel.com/,https://www.openstreetmap.org/node/8012933694,advertising_agency,49.014611,8.382441
Deutsche Schiedsgerichtsbarkeit für Erbstreitigkeiten e.V.,https://www.dse-erbrecht.de/,https://www.openstreetmap.org/node/8012933696,association,49.0146277,8.3822405
Dr. Schmitt und Kollegen,https://www.rae-dr-schmitt.de/,https://www.openstreetmap.org/node/8012933697,lawyer,49.0146989,8.3822458
Residenz Treuhand,https://residenztreuhand.de/,https://www.openstreetmap.org/node/8012933699,tax_advisor,49.0147192,8.3818133
Rechtsanwälte Honold,https://honold.de/,https://www.openstreetmap.org/node/8012933700,lawyer,49.0144905,8.381759
Thie & Heinke,https://ra-thie.de/,https://www.openstreetmap.org/node/8012933787,tax_advisor,49.0141615,8.3816215
Durm Patentanwälte,https://www.durm.de/,https://www.openstreetmap.org/node/8012933789,lawyer,49.014684,8.3817141
Connect Personal-Service GmbH,https://www.connect-personal.de/,https://www.openstreetmap.org/node/8012933792,consulting,49.0148406,8.3782527
Brüder Schmidt GmbH,,https://www.openstreetmap.org/node/8012933800,company,49.0141369,8.3807277
Koehler Immobilien,,https://www.openstreetmap.org/node/8012933801,company,49.0141017,8.3807579
ACEMA Schmid + Co. GmbH,https://acema.de/,https://www.openstreetmap.org/node/8012933802,consulting,49.0140445,8.3808008
Lang & Schwarz,https://www.lang-schwarz.de/,https://www.openstreetmap.org/node/8012933803,lawyer,49.0139821,8.380499
Katholische Hochschulgemeinde Karlsruhe,https://khg-karlsruhe.de,https://www.openstreetmap.org/node/8015986820,religion,48.9993404,8.3909771
Elektro Reichert GmbH,https://www.reichert-elektro.de/,https://www.openstreetmap.org/node/8022674260,electrician,49.0016077,8.4060833
Damian Grade,,https://www.openstreetmap.org/node/8022674265,painter,49.0014414,8.4037987
Stephan Moritz,http://www.stephanmoritzbau.de/,https://www.openstreetmap.org/node/8022674268,construction_company,49.001455,8.4040864
Revohaus Gebäudesanierung,https://www.revohaus-sanierung.de/,https://www.openstreetmap.org/node/8043848230,yes,49.0359113,8.4360058
AB+M GmbH,https://www.abm.de/,https://www.openstreetmap.org/node/8047397320,company,49.012505,8.4255705
TTK,https://ttk.de,https://www.openstreetmap.org/node/8069693657,consulting,49.0065592,8.4323888
Amt für Stadtentwicklung,https://www.karlsruhe.de/Stadtentwicklung,https://www.openstreetmap.org/node/8075611589,government,49.0087359,8.4056233
Volkswohnung Servicebüro Rintheim,https://volkswohnung.de,https://www.openstreetmap.org/node/8075855350,property_management,49.0170293,8.4427176
Videmo Intelligente Videoanalyse,https://videmo.de,https://www.openstreetmap.org/node/8094186739,company,49.0199214,8.4391415
Denkhafen,https://ungleich-anders.de/denkhafen/,https://www.openstreetmap.org/node/8113093266,yes,48.9993979,8.4083352
Gerhard Weber,,https://www.openstreetmap.org/node/8197596380,locksmith,48.9993927,8.414325
apfoto,https://apfoto.de/,https://www.openstreetmap.org/node/8264294156,photographer,49.0060083,8.3867419
Computer Consult Wening,https://comcon-wening.de/,https://www.openstreetmap.org/node/8294518505,it,49.0089917,8.4343151
Verein zur Unterstützung traumatisierter Migranten,http://www.traumatisierte-migranten.de/,https://www.openstreetmap.org/node/8307090376,ngo,49.0059742,8.4315509
Medinetz,https://medinetz-karlsruhe.de/,https://www.openstreetmap.org/node/8307090377,ngo,49.0059566,8.4316615
Mennonitisches Hilfswerk,http://www.mh-karlsruhe.de/,https://www.openstreetmap.org/node/8307090378,ngo,49.0059839,8.4316702
amnesty international,https://amnesty-karlsruhe.de/,https://www.openstreetmap.org/node/8307090379,ngo,49.006002,8.4315616
Familienanwalt Dirk Vollmer,https://familienanwalt-karlsruhe.de/,https://www.openstreetmap.org/node/8320663709,lawyer,49.0106519,8.3989489
Falc Immobilien,,https://www.openstreetmap.org/node/8356609535,estate_agent,48.9992096,8.4689956
Radkurier Karlsruhe,https://radkurier-karlsruhe.de/,https://www.openstreetmap.org/node/8567469024,logistics,48.9973411,8.4098518
Bikes without Borders,https://bikeswithoutborders.blogspot.com,https://www.openstreetmap.org/node/8568721063,ngo,49.0058861,8.4314763
Hauptzollamt Karlsruhe,https://www.zoll.de/SharedDocs/Dienststellen/DE/1_DSSD_Importer/Hauptzollamt/HZA_Karlsruhe/HZA_Karlsruhe_5850/HZA_Karlsruhe_5850.html,https://www.openstreetmap.org/node/8569599755,government,49.0042792,8.4125555
BEWOG,https://www.bewog.de/,https://www.openstreetmap.org/node/8570209896,estate_agent,49.0019814,8.4132629
Elektro Jüngert,https://www.elektro-juengert.de/,https://www.openstreetmap.org/node/8593090979,electrician,48.9959163,8.3522932
Erhardt Garten- und Landschaftsbau GmbH,https://www.erhardt-galabau.de,https://www.openstreetmap.org/node/8764760735,gardener,49.0176349,8.3438032
BUND Mittlerer Oberrhein,https://www.bund-mittlerer-oberrhein.de/,https://www.openstreetmap.org/node/8776854616,association,49.0090595,8.4111192
Insolvenzbüro Wesche,https://www.insbw.de,https://www.openstreetmap.org/node/8783039431,lawyer,49.0076967,8.3884026
Weisenburger Projekt GmbH,https://www.weisenburger.de,https://www.openstreetmap.org/node/8829279327,company,49.0043249,8.4212297
Weisenburger Bau GmbH,https://www.weisenburger.de,https://www.openstreetmap.org/node/8829279328,company,49.0044164,8.4208099
Bagmaci,,https://www.openstreetmap.org/node/9035666874,shoemaker,49.0105691,8.3783875
Wirtschaftsberatung Deutschland,https://wb-deutschland.de,https://www.openstreetmap.org/node/9040010314,financial_services,49.0063985,8.4329049
Atelierhaus Neue Schule,https://www.atelierhaus-neue-schule.de/,https://www.openstreetmap.org/node/9040256976,atelier,48.9912323,8.3838558
Schuh- und Schlüsseldienst,,https://www.openstreetmap.org/node/9069818495,key_cutter,49.0096983,8.3522695
Allianz,,https://www.openstreetmap.org/node/9070530368,insurance,49.0077878,8.3759794
Foxysoft,https://www.foxysoft.de,https://www.openstreetmap.org/node/9106192493,company,49.0211089,8.4413979
Chaos,https://enscape3d.com,https://www.openstreetmap.org/node/9108500270,it,48.9972255,8.4645276
Hofsäß + Partner Rechtsanwälte,https://www.arbeitsrecht-karlsruhe.de/,https://www.openstreetmap.org/node/9126294584,lawyer,49.0127877,8.386594
tipico,https://www.tipico-group.com/,https://www.openstreetmap.org/node/9146422871,yes,48.9962749,8.4649123
SchulLV,https://www.schullv.de/,https://www.openstreetmap.org/node/9158588335,company,49.0100646,8.3969846
Ingenieurbüro Struck,,https://www.openstreetmap.org/node/9182594825,yes,49.0098602,8.4436666
Lohnsteuerhilfe Baden-Württemberg,,https://www.openstreetmap.org/node/9195617770,tax_advisor,49.011029,8.3685438
qwertiko GmbH,https://www.qwertiko.de/,https://www.openstreetmap.org/node/9217989066,it,49.0096651,8.3972399
Navigate AG,https://navigate.de,https://www.openstreetmap.org/node/9217989069,it,49.0095892,8.3971008
ASA Adrian Stadler Architektur,https://www.sgfa.eu,https://www.openstreetmap.org/node/9324803890,architect,49.0070296,8.4236384
IG Metall Karlsruhe,https://www.karlsruhe.igm.de,https://www.openstreetmap.org/node/9342770853,union,49.0029495,8.4035714
WIBU Systems AG,https://www.wibu.com/,https://www.openstreetmap.org/node/9355158259,company,49.0004354,8.424248
NGG Region Mittelbaden-Nordschwarzwald,https://www.ngg.net/karlsruhe,https://www.openstreetmap.org/node/9365489951,union,49.0028774,8.4035641
IG BAU Mitgliederbüro Karlsruhe,,https://www.openstreetmap.org/node/9369517965,union,49.002912,8.4035676
Rechtsanwälte Gerhard Kuhn und Kollegen,https://rechtsanwaelte-kuhn.de/,https://www.openstreetmap.org/node/9381419761,lawyer,49.0082716,8.3931883
a + i - architekten und ingenieure,http://www.a-i-architekten.de/,https://www.openstreetmap.org/node/9385342999,architect,48.9843169,8.3991071
PicturePeople,,https://www.openstreetmap.org/node/9420355141,photographer,49.0093371,8.3946946
Volkswohnung Servicebüro Oberreut,https://volkswohnung.de,https://www.openstreetmap.org/node/9423759551,property_management,48.9895683,8.3655642
Haustechnik Jäger,https://www.jaeger-haustechnik.de,https://www.openstreetmap.org/node/9445842502,hvac,48.9826573,8.3773014
Kribl,,https://www.openstreetmap.org/node/9445925532,cabinet_maker,48.9826046,8.3769258
Druckerei Butz & Bürker,https://www.butz-buerker.de/,https://www.openstreetmap.org/node/9445935635,printer,48.9827541,8.3766411
IG BCE Bezirk Karlsruhe,https://karlsruhe.igbce.de/,https://www.openstreetmap.org/node/9471428887,union,49.002987,8.4035752
Roth Kälteanlagen GmbH,https://roth-kaelte.de,https://www.openstreetmap.org/node/9483987066,hvac,48.9815185,8.3751422
Gartenbauamt Spielanlagenunterhaltung,,https://www.openstreetmap.org/node/9484024874,government,48.9832643,8.3748506
DEKRA,,https://www.openstreetmap.org/node/9484024875,yes,48.9832683,8.3749809
Vorsorge-Center Ruhnke & Berger GmbH,https://www.wuerttembergische.de/,https://www.openstreetmap.org/node/9484024877,insurance,48.9832133,8.3748547
enventa,https://www.enventa-group.com/,https://www.openstreetmap.org/node/9484024878,it,48.9832169,8.3749856
konecranes,https://www.konecranes.com/,https://www.openstreetmap.org/node/9484024879,yes,48.9832216,8.3751045
Ingenieurbüro Thomas Hill,,https://www.openstreetmap.org/node/9490951594,engineer,48.9812693,8.374892
Wetax Steuerberatung,https://www.wetax-karlsruhe.de/,https://www.openstreetmap.org/node/9490951595,tax_advisor,48.9812514,8.3749698
Frei Schnauze,https://freischnauze-seminarium.jimdo.com/,https://www.openstreetmap.org/node/9490951596,yes,48.9811909,8.3749352
Paseo Marketing GmbH,https://www.paseo-marketing.de/,https://www.openstreetmap.org/node/9490977200,yes,48.9813451,8.3743943
Synergie Personal Deutschland GmbH,https://synergie.de/standorte/zentrale-karlsruhe/,https://www.openstreetmap.org/node/9490977201,yes,48.981343,8.3745058
Hosting Solutions,https://host-sol.com/,https://www.openstreetmap.org/node/9490977202,it,48.9812997,8.3745085
hbm,https://hbm-partner.de/,https://www.openstreetmap.org/node/9490977203,tax_advisor,48.9812932,8.374618
Concordia Versicherungen Vertriebsdirektion,https://www.concordia.de/newsroom/vertriebsdirektionen/karlsruhe/,https://www.openstreetmap.org/node/9490977204,insurance,48.9812477,8.3746201
Landratsamt Außenstelle,https://www.landkreis-karlsruhe.de,https://www.openstreetmap.org/node/9518189611,government,49.0059772,8.4081257
Gemeindeprüfungsanstalt B.-W.,https://www.gpabw.de,https://www.openstreetmap.org/node/9519229296,government,49.0122672,8.3868768
Erdal's Schlüssel Service,,https://www.openstreetmap.org/node/9519273167,key_cutter,49.0017753,8.408192
Samsun Juwelier,,https://www.openstreetmap.org/node/9519273169,jeweller,49.0024613,8.4081772
ARAG,https://www.arag-partner.de/gst-karlsruhe/,https://www.openstreetmap.org/node/9581586604,insurance,48.9820014,8.3713598
FIBA ImmoHyp,https://fiba-kredit.de/Karlsruhe.html,https://www.openstreetmap.org/node/9581586605,financial_services,48.9820007,8.3714542
Boltze Recht,https://boltze-recht.com/,https://www.openstreetmap.org/node/9581586606,lawyer,48.9820567,8.3714573
Reif Sanitärservice GmbH,https://www.reif-sanitaer-karlsruhe.de/,https://www.openstreetmap.org/node/9581666708,hvac,48.9810466,8.3720684
Altus,https://www.altus-re.de/,https://www.openstreetmap.org/node/9581691346,company,48.981478,8.3715026
Schick GmbH,https://www.schick-architektur.de/,https://www.openstreetmap.org/node/9609241237,architect,49.008538,8.3796189
Emslander Immobilien,,https://www.openstreetmap.org/node/9609241239,estate_agent,49.0087648,8.3796655
Constructiv BauPartner GmbH,,https://www.openstreetmap.org/node/9609241240,consulting,49.0087869,8.3796686
Archidee!,https://archidee-ka.net/,https://www.openstreetmap.org/node/9609241241,architect,49.008812,8.3796717
Matthis Dischler,,https://www.openstreetmap.org/node/9609241248,lawyer,49.0102613,8.3745907
Übersetzungsbüro Gönül,http://www.gonul.de/,https://www.openstreetmap.org/node/9609241251,translator,49.0105579,8.376056
Ringwald | Uhrig PartG mbB,,https://www.openstreetmap.org/node/9609241253,tax_advisor,49.0096397,8.3831221
Media Consult Maier + Partner GmbH,,https://www.openstreetmap.org/node/9609241262,employment_agency,49.0064946,8.3815161
Sozial- und Jugendbehörde,,https://www.openstreetmap.org/node/9622500436,government,48.9903789,8.3647977
Dipl. Psych. Birgit Kaiser,,https://www.openstreetmap.org/node/9629083773,therapist,48.9956403,8.3878259
Verwaltungsgericht Karlsruhe,,https://www.openstreetmap.org/node/9667879961,tax_advisor,49.0146028,8.3841308
Pfluger Philipp Hüweler & Collegen,https://www.pflugerpartner.de/,https://www.openstreetmap.org/node/9667879962,tax_advisor,49.0145968,8.384308
Birkle,https://www.birkle-gmbh.de,https://www.openstreetmap.org/node/9719038159,company,49.0208472,8.3621258
Seydell Garten- und Landschaftsbau,https://www.seydell-garten.de,https://www.openstreetmap.org/node/9733565538,gardener,48.9782544,8.40297
CiK Solutions,https://www.cik-solutions.com,https://www.openstreetmap.org/node/9759330594,company,49.0234171,8.4395868
Endosmart,https://www.endosmart.de,https://www.openstreetmap.org/node/9759330595,company,49.0233929,8.4396578
Rhein-Er Bau,http://rhein-er-bau.com/,https://www.openstreetmap.org/node/9764584217,construction_company,49.0095632,8.4078701
ZAG,https://www.zag.de/ueber-zag/standorte/karlsruhe/,https://www.openstreetmap.org/node/9764584219,employment_agency,49.0093046,8.4072458
Solexperts,https://www.solexperts.com/,https://www.openstreetmap.org/node/9775459290,company,49.0101974,8.4399698
Steurer GmbH,https://steurer-batterien.de,https://www.openstreetmap.org/node/9775526227,company,49.0078382,8.3593229
Deutsche Bahn AG,,https://www.openstreetmap.org/node/9789239365,company,48.9908078,8.3972567
DB Station & Service AG,,https://www.openstreetmap.org/node/9789239366,company,48.9908625,8.3974379
Kanzlei Rastätter,https://www.kanzlei-rastaetter.de,https://www.openstreetmap.org/node/9839985200,lawyer,48.9753595,8.4052206
Finanzamt Karlsruhe-Durlach Außenstelle Killisfeldstr.,https://finanzamt-bw.fv-bwl.de/fa_kadurlach,https://www.openstreetmap.org/node/9861735333,government,48.9967146,8.4542295
Finanzamt Karlsruhe-Durlach Außenstelle Moltkestr.,https://finanzamt-bw.fv-bwl.de/fa_kadurlach,https://www.openstreetmap.org/node/9861739907,government,49.0153224,8.3761927
icentic GmbH,https://icentic.com/,https://www.openstreetmap.org/node/9863551309,yes,49.0051472,8.3907539
escos automation GmbH,https://www.escos-automation.com/,https://www.openstreetmap.org/node/9863551310,yes,49.0051813,8.3907543
Zentrum für Telemedizin Bad Kissingen,https://www.ztm.de/,https://www.openstreetmap.org/node/9863551311,yes,49.0052154,8.3907548
Rüdinger GmbH & Co. KG,https://www.ruedinger-oel.de/,https://www.openstreetmap.org/node/9886071518,yes,49.0008574,8.365524
Weihnachten neu erleben e.V.,https://www.weihnachten-neu-erleben.de,https://www.openstreetmap.org/node/9900687401,yes,49.0016597,8.3653446
Dr. Daum & Partner Wirtschaftsprüfer Steuerberater Treuhand,https://www.daum-partner.de/kanzlei/steuerbuero_karlsruhe/,https://www.openstreetmap.org/node/9905210965,tax_advisor,49.0016735,8.398202
Aquitus Finanzdienstleistungen,https://www.aquitus.de/,https://www.openstreetmap.org/node/9907260066,financial_advisor,49.011439,8.3834663
SAT Spezialbau GmbH,https://www.sat-roads.com,https://www.openstreetmap.org/node/9907317333,company,49.0255197,8.4628449
OPVengineering,http://opvengineering.de/,https://www.openstreetmap.org/node/9921415543,company,48.9952802,8.4494856
Burkard Steuerberater PartG,https://www.burkardsteuerberater.de/,https://www.openstreetmap.org/node/9938030607,tax_advisor,48.9935105,8.3444601
VFIB - Verein zur Förderung der Integration und Bildung in Karlsruhe e.V.,,https://www.openstreetmap.org/node/9938123383,association,48.9962879,8.3448713
DIQA,https://diqa.de,https://www.openstreetmap.org/node/9941250530,it,48.99663,8.4649929
ShiraTech-Knowtion,https://shiratech-knowtion.com,https://www.openstreetmap.org/node/9941250531,it,48.9967287,8.464755
SVA System Vertrieb Alexander GmbH,https://sva.de/,https://www.openstreetmap.org/node/9941250532,it,48.9966666,8.4648954
Vulcan Energie,https://v-er.eu,https://www.openstreetmap.org/node/9941250533,company,48.9960333,8.4637796
KEYENCE,https://www.keyence.de,https://www.openstreetmap.org/node/9941250534,company,48.9967122,8.464792
TeamViewer,https://teamviewer.com,https://www.openstreetmap.org/node/9941250535,it,48.9967625,8.4648397
Emslander,,https://www.openstreetmap.org/node/9957429819,estate_agent,49.0008749,8.3942838
Familienkasse Baden-Württemberg West,https://www.arbeitsagentur.de/vor-ort/familienkasse/familienkasse-baden-wuerttemberg-west-karlsruhe.html,https://www.openstreetmap.org/node/9975731617,government,49.0057669,8.4052168
Asseco Solutions AG,https://www.assecosolutions.com/,https://www.openstreetmap.org/node/9992872212,company,48.9959959,8.4662153
DeBeam Deutsche Beamten & ÖD Finanzdienstleistungen GmbH,https://debeam.de/,https://www.openstreetmap.org/node/10026572818,insurance,49.0085767,8.3953718
ENSECUR GmbH,https://www.ensecur.de/,https://www.openstreetmap.org/node/10047250188,consulting,49.0098909,8.4021185
Generallandesarchiv Karlsruhe,https://www.landesarchiv-bw.de/de/landesarchiv/standorte/generallandesarchiv-karlsruhe/47245,https://www.openstreetmap.org/node/10055268855,government,49.0131446,8.3828024
ESG ENGEL,https://www.esg-kanzlei.de,https://www.openstreetmap.org/node/10061792279,tax_advisor,49.0060848,8.4440965
IDEAL,https://www.ideal-sicherheit.de/,https://www.openstreetmap.org/node/10126971588,security,48.9725853,8.4051016
AMZ Steuerberater,https://www.amz-steuer.de/karlsruhe.html,https://www.openstreetmap.org/node/10154900083,tax_advisor,49.0036483,8.3939757
Susanne Leibold Steuerberatung,https://www.steuerberatung-leibold.de/#kontakt,https://www.openstreetmap.org/node/10159053364,tax_advisor,49.0120635,8.3730125
Emil Huber Immobilienverwaltungs-GmbH & Co. KG,,https://www.openstreetmap.org/node/10166690627,company,48.9922623,8.373914
Pluradent,https://www.pluradent.de/de/unternehmen/standorte/karlsruhe/,https://www.openstreetmap.org/node/10166690628,company,48.9922253,8.3738543
Institut für Betriebsführung im Handwerk,https://www.itb.de/,https://www.openstreetmap.org/node/10166690629,company,48.9923385,8.3739091
Dr. Karl-Heinz Kellner,,https://www.openstreetmap.org/node/10166690630,company,48.9923767,8.3739575
Neuroimmun GmbH,https://www.neuroimmun.com/company/,https://www.openstreetmap.org/node/10166690631,company,48.9923009,8.3738537
n-komm,https://n-komm.de/,https://www.openstreetmap.org/node/10166690632,telecommunication,48.9922613,8.3737935
Invenio,https://www.invenio.net/de/,https://www.openstreetmap.org/node/10166690633,company,48.9923018,8.3737151
Dietrich & Dietrich Steuerberatungsgesellschaft,http://www.dietrich-dietrich.de/de/startseite,https://www.openstreetmap.org/node/10169415021,tax_advisor,49.0124035,8.3731279
Orlowski + Vollbrecht Rechtsanwälte,https://www.anwaeltekarlsruhe.de/,https://www.openstreetmap.org/node/10169487422,lawyer,49.0126273,8.3731323
Merkle & Partner Steuerberater,https://www.merkle-steuerberater.de/,https://www.openstreetmap.org/node/10171736833,tax_advisor,48.9955475,8.4520623
joimax,https://www.joimax.com/,https://www.openstreetmap.org/node/10173908959,company,48.9955714,8.4643072
"Zwick, Hanke und Hartmann Wirtschaftsprüfer Steuerberater Rechtsanwalt",https://www.zwick-hanke-hartmann.com/,https://www.openstreetmap.org/node/10177599404,tax_advisor,49.0025666,8.4670364
Bee360,https://www.bee360.com,https://www.openstreetmap.org/node/10178561992,company,49.0210667,8.4420249
Rechtsanwaltskanzlei Riegel,,https://www.openstreetmap.org/node/10184443453,lawyer,48.994803,8.3941517
Allianz Generalvertretung,https://vertretung.allianz.de/stefanos.tsatalbassidis/,https://www.openstreetmap.org/node/10208328895,insurance,48.9817396,8.4056771
Andrea Bahm Steuerberaterin,https://www.steuerberater-bahm.de/,https://www.openstreetmap.org/node/10216157087,tax_advisor,49.0311693,8.4431488
Immowartis,https://www.immowartis.com/,https://www.openstreetmap.org/node/10220605513,property_management,49.0072861,8.3792603
Grether Delp Steuerberater,https://www.grether-delp.de/,https://www.openstreetmap.org/node/10228958009,tax_advisor,49.0464818,8.379734
Schweitzer Fachinformationen,https://www.schweitzer-online.de/info/Karlsruhe/,https://www.openstreetmap.org/node/10246431821,publisher,48.9922561,8.3723326
Elektro Meier,,https://www.openstreetmap.org/node/10250879373,electrician,48.9925394,8.4410166
KURY Versicherungsdienst GmbH,http://www.kurygmbh.de/,https://www.openstreetmap.org/node/10286607979,insurance,49.0067704,8.3743966
Steuerring,https://www.steuerring.de,https://www.openstreetmap.org/node/10302251779,tax_advisor,49.0092309,8.3912074
polygon,https://www.polygongroup.com/,https://www.openstreetmap.org/node/10544314453,company,48.9811162,8.3713613
wat Ingenieurgesellschaft,https://www.wat-ingenieurgesellschaft-2020.com/,https://www.openstreetmap.org/node/10544337959,engineer,48.9814798,8.3713925
Steuerberatung Dittmann,,https://www.openstreetmap.org/node/10582011750,tax_advisor,49.0161767,8.369765
ingenieurteam GmbH,https://www.ingenieurteamgmbh.de,https://www.openstreetmap.org/node/10589854958,company,49.0023774,8.3555051
Ingenieurbüro Willert GmbH,https://willert-ib.de/,https://www.openstreetmap.org/node/10589854959,company,49.0023932,8.355548
Ingenieurbüro Pfeffinger,,https://www.openstreetmap.org/node/10589854960,company,49.0024126,8.3556017
Bürgerverein Grünwinkel e.V.,,https://www.openstreetmap.org/node/10589977269,yes,49.0008392,8.3548627
Immo König,https://www.immokoenig.de,https://www.openstreetmap.org/node/10605178167,property_management,48.9933858,8.3817672
GGU Gesellschaft für Geophysikalische Untersuchungen mbH,https://www.ggukarlsruhe.de,https://www.openstreetmap.org/node/10647588943,company,48.9968855,8.4046485
G.U.T. Keilhauer,https://www.gut-gruppe.de/unternehmen/keilhauer,https://www.openstreetmap.org/node/10674920504,engineer,49.0039988,8.3821182
Nock Gebäudereinigung,https://www.nock-gmbh.de,https://www.openstreetmap.org/node/10674948965,cleaning,49.0064482,8.3789547
Büro für GewässerÖkologie,http://www.büro-für-gewässerökologie.de,https://www.openstreetmap.org/node/10674971346,yes,49.0076344,8.3823703
Heller & Schütz,https://www.projektmanagement-rhein-neckar.de,https://www.openstreetmap.org/node/10674971347,yes,49.0076334,8.3824084
weststadtmakler.de,https://www.weststadtmakler.de,https://www.openstreetmap.org/node/10677063797,estate_agent,49.0104692,8.3742672
chemPUR,https://chempur.de,https://www.openstreetmap.org/node/10713177580,company,48.9977109,8.4100705
Geno Pensionskasse,https://www.geno-pensionskasse.de,https://www.openstreetmap.org/node/10717813720,insurance,48.9964786,8.4046977
Malteser Hilfsdienst e.V. Karlsruhe,https://www.malteser-bw.de/unsere-standorte/karlsruhe.html,https://www.openstreetmap.org/node/10717829333,association,48.9964656,8.4048942
Daniela Maisack Versicherungsmaklerin,,https://www.openstreetmap.org/node/10734521957,insurance,49.0094136,8.3912503
Gothaer – Versicherungsservice Niko Schaudt,https://schaudt.gothaer.de/,https://www.openstreetmap.org/node/10755363181,insurance,48.9974081,8.405603
msg,https://www.msg.group/deutschland,https://www.openstreetmap.org/node/10759398238,consulting,49.0060628,8.4441997
Asica,https://www.asica.group,https://www.openstreetmap.org/node/10759398239,company,49.006129,8.4442208
interflex,https://interflex.com/de-de/,https://www.openstreetmap.org/node/10759398240,company,49.0061509,8.4441233
Harrer Ingenieure,https://www.harrer-ing.net/,https://www.openstreetmap.org/node/10759398241,engineer,49.0061938,8.4442508
ISD FENIQS,https://www.isdfeniqs.com,https://www.openstreetmap.org/node/10759398242,it,49.0062142,8.44415
Dreßler,https://www.dressler-bau.de/karlsruhe-1,https://www.openstreetmap.org/node/10759398243,construction_company,49.006232,8.4440573
Schaefer & Wunsch,https://www.schaefer-wunsch.de,https://www.openstreetmap.org/node/10759398244,property_management,49.0062491,8.4439636
Krüger Steuerberatungsgesellschaft,https://krueger-kanzlei.de/,https://www.openstreetmap.org/node/10759398245,tax_advisor,49.0061935,8.4439399
Stadt Karlsruhe Marktamt,,https://www.openstreetmap.org/node/10759398246,government,49.0061279,8.4439132
Wieland Woitzik,http://www.steuerkanzlei-woitzik.de,https://www.openstreetmap.org/node/10760178858,tax_advisor,48.9826894,8.3902819
Full Smile Dental Partner,https://full-smile.de,https://www.openstreetmap.org/node/10760208640,yes,48.9827739,8.3900295
DV Direkt,,https://www.openstreetmap.org/node/10760230818,yes,48.9874025,8.3806552
Verlag Heinrich Vogel,https://www.fahren-lernen.de,https://www.openstreetmap.org/node/10760264426,publisher,48.9890084,8.3833984
smetex,https://www.smetex.de/,https://www.openstreetmap.org/node/10778829755,company,49.0059447,8.3555255
Volkswohnung Servicebüro Nordwest,https://volkswohnung.de,https://www.openstreetmap.org/node/10784433059,property_management,49.0258106,8.3726016
Polsterei Gattke,,https://www.openstreetmap.org/node/10789909705,upholsterer,49.0105633,8.4304583
Rossmann + Partner,https://rossmannundpartner.de/,https://www.openstreetmap.org/node/10812687228,architect,48.9846361,8.4024519
Autobahn GmbH Außenstelle Karlsruhe,,https://www.openstreetmap.org/node/10819436841,government,49.0063084,8.4332255
Polsterei Benz,,https://www.openstreetmap.org/node/10827679654,upholsterer,49.0419836,8.4432648
Pinar Karasu,https://www.rundumwohnen.de,https://www.openstreetmap.org/node/10827679660,estate_agent,49.0415963,8.4433962
PSK Lions,https://www.psk-lions.de/,https://www.openstreetmap.org/node/10853970003,association,48.9891156,8.4056375
rastätter & eußner,https://www.euratax.de/,https://www.openstreetmap.org/node/10856865956,tax_advisor,48.9951256,8.3954598
Studio Blaupause,https://www.blaupause.studio,https://www.openstreetmap.org/node/10874288662,engineer,49.0043528,8.4291411
SK Family Office,https://www.sk-fo.de/,https://www.openstreetmap.org/node/10891947551,financial_advisor,48.9945047,8.4026101
Deutsche Bahn AG,,https://www.openstreetmap.org/node/10891947552,company,48.9946252,8.4025412
Arburg Innovationhub,https://www.arburg.com/,https://www.openstreetmap.org/node/10891971838,company,49.0005183,8.4241601
Eaton,https://www.eaton.com/,https://www.openstreetmap.org/node/10891971839,company,49.0005447,8.4242462
Disy Informationssysteme GmbH,https://www.disy.net,https://www.openstreetmap.org/node/10892010434,company,49.0006356,8.4248454
IT Security Club,,https://www.openstreetmap.org/node/10892010435,company,49.0006644,8.4249351
ias,,https://www.openstreetmap.org/node/10892031331,it,49.0007654,8.4247939
Green Places,https://greenplaces.de/,https://www.openstreetmap.org/node/10900306481,estate_agent,48.9988527,8.4040536
SBB Cargo International,,https://www.openstreetmap.org/node/10900306482,company,48.9988099,8.4040723
Volkshochschule im Landkreis Karlsruhe,,https://www.openstreetmap.org/node/10900306485,educational_institution,48.9988405,8.4039772
Stadt Karlsruhe,,https://www.openstreetmap.org/node/10900306486,government,48.9987981,8.4039975
Planat ERP,https://www.planat.de,https://www.openstreetmap.org/node/10900306487,company,48.998865,8.4041104
Volkswohnung Servicebüro Mühlburg,https://volkswohnung.de,https://www.openstreetmap.org/node/10935338069,property_management,49.0075609,8.3669139
iws,https://www.ibws-gmbh.de,https://www.openstreetmap.org/node/10968343778,engineer,48.9710748,8.4038056
I.d.E,https://www.ide-trainingsinstitut.de,https://www.openstreetmap.org/node/10968352563,educational_institution,48.9711312,8.4037977
AStA HKA,https://asta-hka.de/,https://www.openstreetmap.org/node/11003192200,association,49.0156891,8.3904198
Studierendenbüro,,https://www.openstreetmap.org/node/11005771725,university,49.0150085,8.392336
Steuerberatung Weigel,https://steuerberatung-weigel.de,https://www.openstreetmap.org/node/11023602174,tax_advisor,48.9795969,8.3673333
SüdWest Datenschutz Rechtsanwaltsgesellschaft mbH,https://www.suedwest-datenschutz.com/,https://www.openstreetmap.org/node/11104897998,company,49.0042484,8.4184284
Rudolph Sanitär + Heizungstechnik,https://www.sht-rudolph.de/,https://www.openstreetmap.org/node/11134809305,plumber,48.994758,8.344728
Communal-FM,https://communal-fm.de/,https://www.openstreetmap.org/node/11183132546,company,49.0356711,8.3931509
WooMedia,https://www.woomedia.de/,https://www.openstreetmap.org/node/11183132547,company,49.035687,8.3931486
Leckermaul,,https://www.openstreetmap.org/node/11183132548,yes,49.0356552,8.3931532
dr. haasters & partner GmbH,https://www.drhaasters.net/,https://www.openstreetmap.org/node/11183132549,company,49.0356174,8.3931592
Meder Raumausstattung,https://raumausstattung-meder.de/,https://www.openstreetmap.org/node/11184442959,parquet_layer,48.9709735,8.4018981
Nationale Forschungsdateninfrastruktur,https://www.nfdi.de/,https://www.openstreetmap.org/node/11196799724,research,49.0207881,8.4410849
Sozial- und Jugendbehörde,,https://www.openstreetmap.org/node/11214296100,government,48.9981747,8.3782336
Scriptor,https://www.scriptor-brennerei.de/,https://www.openstreetmap.org/node/11232680099,distillery,48.9889231,8.3819626
Rosenbauer,https://www.rosenbauer.com/de/ca/group/unternehmen/standorte/produktionsgesellschaften-und-standorte/werk-karlsruhe,https://www.openstreetmap.org/node/11234653599,company,49.0109716,8.3528691
codecentric Karlsruhe,https://www.codecentric.de/standorte/karlsruhe,https://www.openstreetmap.org/node/11251378742,company,49.0040075,8.3841762
INERATEC GmbH,https://www.ineratec.de,https://www.openstreetmap.org/node/11251743799,oil,49.0287689,8.3515027
medicalvalues GmbH,https://medicalvalues.de/,https://www.openstreetmap.org/node/11251960161,company,49.0125925,8.427289
PTV Logistics GmbH,https://www.ptvlogistics.com,https://www.openstreetmap.org/node/11270910756,it,49.013512,8.4280933
Eisenmenger,https://www.eisenmenger-bau.de/,https://www.openstreetmap.org/node/11280381787,company,48.9895587,8.3719438
Katholische Pfarrgemeinde St. Elisabeth,,https://www.openstreetmap.org/node/11310813538,religion,48.9976042,8.3870283
HUK-Coburg,,https://www.openstreetmap.org/node/11328328217,insurance,49.0112133,8.3623059
Evangelisches Pfarramt Markusgemeinde,,https://www.openstreetmap.org/node/11334807206,religion,49.006706,8.3722799
act smartware,https://www.act-smartware.de/,https://www.openstreetmap.org/node/11347267934,it,48.998841,8.3941705
Path to Zero GmbH,https://pathtozero.de,https://www.openstreetmap.org/node/11349271912,company,49.0132687,8.4253462
Intrepid Control Systems GmbH,https://intrepidcs.com/worldwide/,https://www.openstreetmap.org/node/11349271913,company,49.0132648,8.4252356
Horizon Microtechnologies GmbH,https://3dmicrofabrication.com,https://www.openstreetmap.org/node/11349271914,company,49.0132265,8.4252379
fokus.energie e.V.,https://www.fokusenergie.net/,https://www.openstreetmap.org/node/11349271915,club,49.0132261,8.4253432
Digital Power Systems GmbH,https://digitalpowersystems.eu/,https://www.openstreetmap.org/node/11349271916,company,49.0131834,8.4252403
Böhrer Innovations UG,,https://www.openstreetmap.org/node/11349271917,company,49.0131843,8.4253429
AXEL Der Energie-Accelerator,https://www.axel.energy/,https://www.openstreetmap.org/node/11349271918,company,49.0131473,8.4253442
alfatraining Bildungszentrum GmbH,https://www.alfatraining.de/gefoerderte-weiterbildung/,https://www.openstreetmap.org/node/11349271919,educational_institution,49.0131473,8.425241
Steinbeis-Beratungszentrum Unternehmensentwicklung und KI,,https://www.openstreetmap.org/node/11349271920,consulting,49.0131113,8.425239
SL Optimum GmbH,https://sl-optimum.com,https://www.openstreetmap.org/node/11349271921,it,49.0130818,8.4253382
Pulspartner GmbH,https://pulspartner.com,https://www.openstreetmap.org/node/11349271922,company,49.0130805,8.425241
Merkle Ingenieurdienstleistungen,https://www.merkle-idl.de/,https://www.openstreetmap.org/node/11349271923,engineer,49.0130435,8.4253409
HS High Stake GmbH,https://high-stake.de/,https://www.openstreetmap.org/node/11349271924,it,49.0130413,8.4252423
HS Analysis GmbH,https://www.hs-analysis.com/,https://www.openstreetmap.org/node/11349271925,it,49.0130022,8.4253395
Die Planer,http://die-planer.com/,https://www.openstreetmap.org/node/11349271926,architect,49.0130026,8.4252463
BIN Holding,https://binholding.de,https://www.openstreetmap.org/node/11349271927,it,49.0129609,8.4253389
AI.Remove,,https://www.openstreetmap.org/node/11349271928,it,49.0129626,8.425251
thingsTHINKING GmbH,https://www.semantha.de/,https://www.openstreetmap.org/node/11349271929,it,49.012923,8.425253
OrbusNeich Medical GmbH,,https://www.openstreetmap.org/node/11349271930,company,49.0128764,8.4253503
R3DT GmbH,,https://www.openstreetmap.org/node/11349271931,it,49.0128782,8.4252544
nanoshape GmbH,https://n-biotics.de,https://www.openstreetmap.org/node/11349271932,company,49.0128351,8.4253543
emmtrix Technologies GmbH,https://www.emmtrix.com,https://www.openstreetmap.org/node/11349271933,it,49.0128351,8.4252571
dipano GmbH,https://dipano.com,https://www.openstreetmap.org/node/11349271934,it,49.0127867,8.4252597
KIT-CES Chair for Embedded Systems,https://ces.itec.kit.edu,https://www.openstreetmap.org/node/11349271935,research,49.0126099,8.4252597
Easy Smart Grid GmbH,https://www.easysg.de/,https://www.openstreetmap.org/node/11349271936,it,49.0127876,8.4253576
Renumics GmbH,https://renumics.com,https://www.openstreetmap.org/node/11349271937,it,49.0127348,8.4252597
KIT-CDNC Chair of Dependable Nano Computing,https://cdnc.itec.kit.edu,https://www.openstreetmap.org/node/11349271938,research,49.0127339,8.4253643
heliopas.ai GmbH,https://heliopas.ai/,https://www.openstreetmap.org/node/11349271939,it,49.012697,8.4253617
3D Printing Solutions GmbH,,https://www.openstreetmap.org/node/11349271940,company,49.012653,8.4253684
DatenBerg GmbH,https://datenberg.eu,https://www.openstreetmap.org/node/11349271941,it,49.0126943,8.4252638
Tooltec IT GmbH,https://tooltec.de,https://www.openstreetmap.org/node/11349271942,it,49.012653,8.4252638
version1 Design,https://www.version1.de,https://www.openstreetmap.org/node/11366023966,graphic_design,49.0080564,8.3809429
raumobil GmbH,https://www.raumobil.com/,https://www.openstreetmap.org/node/11378516157,it,48.9989485,8.4620311
Joseph Gottlieb Kölreuter Institut für Pflanzenwissenschaften,https://www.jkip.kit.edu/,https://www.openstreetmap.org/node/11410823092,research,49.0131247,8.4192797
Ulrich Kunststofftechnik,https://www.ulrich-kunststofftechnik.com/,https://www.openstreetmap.org/node/11412078485,company,49.0358854,8.4361693
Ärztlicher Dienst der Stadt Karlsruhe,,https://www.openstreetmap.org/node/11416395305,yes,49.0180907,8.3672262
A. Suka Metallwaren,,https://www.openstreetmap.org/node/11416417687,yes,49.0278017,8.3569573
planethOme,,https://www.openstreetmap.org/node/11416850756,estate_agent,49.010064,8.3908123
CJD-Karlsruhe,https://www.cjd.de/de/beratung-fur-ihre-passende-weiterbildung-karlsruhe/,https://www.openstreetmap.org/node/11418618580,educational_institution,49.0102088,8.3932468
Ingenieurbüro Thomas Harich,,https://www.openstreetmap.org/node/11423719765,engineer,48.9812099,8.3748611
OVOL,https://ovol.de/,https://www.openstreetmap.org/node/11423720891,company,48.9834488,8.3690124
Atelier Thea Baumann,https://echt-thea.de/,https://www.openstreetmap.org/node/11445966995,handicraft,48.9934611,8.3913629
Gaul's Catering,https://gaul-catering.de/,https://www.openstreetmap.org/node/11451606208,company,49.0023431,8.3992622
Nacona,https://www.nacona.de/,https://www.openstreetmap.org/node/11563547520,company,49.0053653,8.4304699
Diakonie Kork,https://diakonie-kork.de/,https://www.openstreetmap.org/node/11564211512,association,49.0086868,8.3864341
Dennig & Kollegen,https://www.ra-dennig.de/,https://www.openstreetmap.org/node/11564381330,lawyer,49.0058524,8.3785681
Emil Fritz,https://www.emil-fritz.info/,https://www.openstreetmap.org/node/11569590544,plasterer,49.006297,8.3788618
Neon Elan,http://www.neon-elan.de/,https://www.openstreetmap.org/node/11578644312,signmaker,48.9978341,8.3614796
Büro Kleingartenverein Weiherfeld e.V.,https://kgv-weiherfeld.de/,https://www.openstreetmap.org/node/11591855221,yes,48.9781756,8.3959191
Glasarbeiten aller Art,https://www.glasarbeiten.com/,https://www.openstreetmap.org/node/11592977778,glaziery,49.002881,8.409851
Eva Wolter Rechtsanwältin,,https://www.openstreetmap.org/node/11595105195,lawyer,49.0078585,8.3942741
"Dipl.-Ing. Rolf Apell, Freier Architekt",,https://www.openstreetmap.org/node/11595105196,architect,49.0078435,8.3943144
Amalienpraxis Claudia Haarbeck,,https://www.openstreetmap.org/node/11595105197,yes,49.007831,8.3943556
Amalienpraxis Andrea Klaas,,https://www.openstreetmap.org/node/11595105198,yes,49.007819,8.3943937
Baier & Depner Rechtsanwälte,https://www.bd-kanzlei.de/,https://www.openstreetmap.org/node/11595105199,lawyer,49.007798,8.3945376
Aktions- und Zirkusbüro,,https://www.openstreetmap.org/node/11606180552,yes,49.0019002,8.4262153
Göleli,,https://www.openstreetmap.org/node/11646746440,key_cutter,48.991264,8.3755915
bauform,https://www.bauform.com/,https://www.openstreetmap.org/node/11693561810,architect,48.9963723,8.3920996
Werktag,https://www.werktag-ka.de/,https://www.openstreetmap.org/node/11693582471,atelier,48.9963175,8.3920473
ABM,https://www.abm-projekt.de/,https://www.openstreetmap.org/node/11697668463,company,48.9820543,8.3713599
Spell,https://www.spell-gmbh.com/,https://www.openstreetmap.org/node/11698975265,it,48.9820033,8.3716532
CenaCom,https://cenacom.com/,https://www.openstreetmap.org/node/11698975266,yes,48.9819555,8.371652
Collin Weber,https://www.packaging-partner.de/,https://www.openstreetmap.org/node/11698975267,consulting,48.9819571,8.3713592
Azentro,,https://www.openstreetmap.org/node/11709458289,architect,48.997533,8.3585035
AIKO,,https://www.openstreetmap.org/node/11709458290,property_management,48.9975802,8.3583612
Lenkert Hörrmann,https://www.lenkert-hoerrmann.de/,https://www.openstreetmap.org/node/11709458291,yes,48.9976337,8.3583983
WISAG,https://www.wisag.de/standorte/karlsruhe/,https://www.openstreetmap.org/node/11709498712,yes,48.9979408,8.3587588
Barmenia Versicherung,https://agentur.barmenia.de/karlsruhe,https://www.openstreetmap.org/node/11730733395,insurance,49.0063004,8.4329283
Barmenia Versicherung,https://agentur.barmenia.de/karlsruhe,https://www.openstreetmap.org/node/11730788270,insurance,48.9820584,8.3716516
Super Gebäudereinigung,,https://www.openstreetmap.org/node/11733948647,cleaning,49.0001423,8.408315
Ramboll Deutschland,,https://www.openstreetmap.org/node/11806468886,company,49.0011902,8.4685077
Helvetia,,https://www.openstreetmap.org/node/11810464561,insurance,49.0051996,8.3957824
adjusted ventures,https://www.adjusted-ventures.com/,https://www.openstreetmap.org/node/11811799368,consulting,49.0046062,8.3969019
3F3E Hausverwaltung,https://www.3f3e-hausverwaltung.de,https://www.openstreetmap.org/node/11811835971,property_management,49.0047835,8.396904
"nowak & partner, Steuerberater Rechtsanwalt Part mbB",https://www.nowak-partner.de/,https://www.openstreetmap.org/node/11820016947,tax_advisor,48.9933687,8.3970069
Continum Consulting GmbH,https://continum-consulting.de/,https://www.openstreetmap.org/node/11820082252,consulting,48.9932933,8.396785
Petra Kuch,https://petrakuch.de/,https://www.openstreetmap.org/node/11821418772,consulting,49.0040958,8.3977197
Silke Wüstholz,https://silke-wuestholz.de/,https://www.openstreetmap.org/node/11821418773,consulting,49.0040579,8.3977215
Anna Beckers,https://www.beckers-rechtspsychologie.de/,https://www.openstreetmap.org/node/11835740738,surveyor,49.0056543,8.3931889
Kuhn & Kollegen,,https://www.openstreetmap.org/node/11917461828,lawyer,49.0138906,8.3860592
Schroth § Kollegen,,https://www.openstreetmap.org/node/11917461829,lawyer,49.0139504,8.386072
JACOB Elektronik GmbH,https://jacob.de/,https://www.openstreetmap.org/node/11928074955,company,49.0221962,8.4415066
djive naturals,https://djive-naturals.de/kontakt/,https://www.openstreetmap.org/node/11953285445,yes,49.0041886,8.3700916
Codewerk GmbH,https://www.codewerk.de,https://www.openstreetmap.org/node/11966749795,it,49.0279857,8.3481548
Endress + Hauser,https://www.de.endress.com/,https://www.openstreetmap.org/node/12012065171,engineer,48.9965174,8.4037978
ame Personaldienstleistungen,https://www.ame-zeitarbeit.de/niederlassungen/,https://www.openstreetmap.org/node/12021245931,company,49.0085974,8.4085341
Griesemann,https://griesemann.com/,https://www.openstreetmap.org/node/12041050616,company,48.9979916,8.3455607
nexnoa,https://www.nexnoa.com/,https://www.openstreetmap.org/node/12041050617,company,48.9979172,8.3455489
Nelly van Overberghe,https://www.ptvo.de/,https://www.openstreetmap.org/node/12055161827,therapist,49.0056538,8.3878285
HD-Dentaltechnik,https://hd-zahntechnik.com/,https://www.openstreetmap.org/node/12072353054,dental_technician,48.9648047,8.4084307
awesome,https://awesome-it.de/,https://www.openstreetmap.org/node/12093593641,it,49.008043,8.3951275
Wibu Systems,https://www.wibu.com/,https://www.openstreetmap.org/node/12093689620,company,49.0002853,8.409469
enabl Technologies GmbH,https://enabl-tech.de/,https://www.openstreetmap.org/node/12098487201,company,48.9934238,8.3720173
CSL Plasma,https://www.plasma-spenden.de/,https://www.openstreetmap.org/node/12101518735,company,48.9928666,8.3969044
Fächerbräu,,https://www.openstreetmap.org/node/12104242159,company,49.0092334,8.3969233
Jelic,,https://www.openstreetmap.org/node/12106984312,electrician,49.0085301,8.3802807
Evangelische Versöhnungsgemeinde,https://www.versoehnungsgemeinde-karlsruhe.de/,https://www.openstreetmap.org/node/12122450919,religion,48.985702,8.3636535
Strippel Blechnerei GmbH,https://www.strippel-blech.de,https://www.openstreetmap.org/node/12157003041,tinsmith,48.9929657,8.4407622
Kleingärtnerverein Pulverhausstraße e.V.,https://www.kgv-pulverhausstrasse.de/,https://www.openstreetmap.org/node/12168897900,club,48.993584,8.3628966
Taxi Holl,https://www.taxi-karlsruhe.de/,https://www.openstreetmap.org/node/12187905254,company,48.9900211,8.3720733
Geschäftsstelle SVK,https://sv-karlsruhe-beiertheim.de/,https://www.openstreetmap.org/node/12211759670,association,48.9956948,8.3783967
Enactus Karlsruhe e.V.,https://enactus-karlsruhe.de,https://www.openstreetmap.org/node/12216385103,ngo,49.0092164,8.4230872
Musikverlag Wilhelm Halter GmbH,https://halter.de/,https://www.openstreetmap.org/node/12222768750,publisher,49.0237565,8.354835
Bühler + Ertle,https://www.efs-steuerberatung.de/,https://www.openstreetmap.org/node/12228528547,tax_advisor,48.9834356,8.4007718
GoodSpaces,https://goodspaces.de/karlsruhe/steamwork,https://www.openstreetmap.org/node/12231824569,company,49.0015672,8.3879344
"Dr. May, Hofmann & Kollegen",https://hofmann-recht.de/,https://www.openstreetmap.org/node/12235000262,lawyer,49.0054598,8.3796166
KVV-Fundbüro,https://www.kvv.de/service/fundsachen.html,https://www.openstreetmap.org/node/12241485836,government,49.0091981,8.3887492
Softec,https://www.softec.de/,https://www.openstreetmap.org/node/12241700894,it,49.0021948,8.3547461
Bankai,https://www.bankai.de/,https://www.openstreetmap.org/node/12241700897,architect,49.0020968,8.3548744
IT-Choice,https://www.it-choice.de/,https://www.openstreetmap.org/node/12241700898,it,49.0022504,8.3548506
s.a.x,https://saxsoft.de/,https://www.openstreetmap.org/node/12241700899,it,49.0021532,8.3549775
Staatliche Schlösser und Gärten,https://www.schloesser-und-gaerten.de/,https://www.openstreetmap.org/node/12241700900,government,49.0020994,8.3547262
Geschäftsstelle Polizeisportverein Karlsruhe e.V.,https://www.psv-karlsruhe.de/,https://www.openstreetmap.org/node/12250126131,association,48.9941636,8.4311576
Hinte,https://www.hinte-messe.de/,https://www.openstreetmap.org/node/12254032200,company,48.9945623,8.3726495
Liveline Connect,https://liveline-connect.de/,https://www.openstreetmap.org/node/12254039402,company,48.9943966,8.3728155
Knappe1A,https://www.knappe1a.de/,https://www.openstreetmap.org/node/12254039403,company,48.9943346,8.3726613
Studio B.60,https://studiob60.de/hinte-marketing/index.php,https://www.openstreetmap.org/node/12254039404,company,48.9945027,8.3724968
IPG Automotive,https://www.ipg-automotive.com/,https://www.openstreetmap.org/node/12254039405,company,48.9950529,8.3731139
computermiete.de,https://www.computermiete.de/,https://www.openstreetmap.org/node/12254039406,company,48.9951993,8.3729569
Keppel & Anderer,https://www.keppel-anderer.de/,https://www.openstreetmap.org/node/12254039407,company,48.9946919,8.3735475
medavis,https://www.medavis.de/,https://www.openstreetmap.org/node/12254039408,company,48.9950882,8.3729463
schmitt,https://www.logistik-schmitt.de/,https://www.openstreetmap.org/node/12254927371,logistics,48.9947356,8.3700238
Andreas Müller Hydrokulturen,https://andreas-mueller-hydrokulturen.de/,https://www.openstreetmap.org/node/12255000029,gardener,48.9950254,8.3710897
Wohlfarth,https://www.wohlfarth-pflasterbau.de/,https://www.openstreetmap.org/node/12255000030,paver,48.9952064,8.3707197
enviolet,https://www.enviolet.com/,https://www.openstreetmap.org/node/12255000032,company,48.9958695,8.3699324
Fruitful Office,https://www.fruitfuloffice.de/,https://www.openstreetmap.org/node/12255068269,company,48.9956125,8.3694632
Gartner,https://gartnergmbh.de/,https://www.openstreetmap.org/node/12255147902,hvac,48.9938618,8.3713315
Günter Wolf,https://www.gwolf-elektro.de/,https://www.openstreetmap.org/node/12255173365,electrician,48.9937028,8.3723723
2D,https://2d-datarecording.com/,https://www.openstreetmap.org/node/12258207109,company,48.9949253,8.3731119
Martin & Busam,https://www.martin-busam.de/,https://www.openstreetmap.org/node/12258285878,hvac,48.996468,8.3708041
bugglin beßler,https://www.bugglinbessler.de/,https://www.openstreetmap.org/node/12269912124,geodesist,49.0010348,8.3675666
WPA,https://wpa-techni.com/,https://www.openstreetmap.org/node/12269983808,engineer,49.0021727,8.365379
Hunkler,https://www.hunkler.de/kontakt.html,https://www.openstreetmap.org/node/12270929106,consulting,49.0009729,8.3675523
"Lebenshilfe Karlsruhe, Ettlingen und Umgebung",https://www.lebenshilfe-karlsruhe.de/,https://www.openstreetmap.org/node/12291575042,charity,48.9986109,8.3804366
IONOS,https://www.ionos.de/,https://www.openstreetmap.org/node/12324666851,it,48.9923526,8.402197
DB Engineering & Consulting,https://db-engineering-consulting.com/,https://www.openstreetmap.org/node/12324741473,yes,48.992691,8.4035087
bluehands GmbH & Co.mmunication KG,https://www.bluehands.de/,https://www.openstreetmap.org/node/12376447738,company,49.0086268,8.3956901
dieBauingenieure,https://www.diebauingenieure.com/,https://www.openstreetmap.org/node/12377066514,engineer,49.0321918,8.3583078
Innenausbau Kuppinger,http://innenausbau-kuppinger.de/,https://www.openstreetmap.org/node/12377075641,joiner,49.0324347,8.3585478
Ergo,https://axel-bastian.ergo.de/,https://www.openstreetmap.org/node/12377125297,insurance,49.032093,8.3582554
eitieCloud,https://eitiecloud.de/,https://www.openstreetmap.org/node/12377270418,it,49.0297653,8.3573374
e.weisenburger Autolackierung,https://www.autolackierung-weisenburger.de/,https://www.openstreetmap.org/node/12377287502,car_painter,49.0313714,8.358037
Büge Fliesenverlegung,https://www.buegefliesen.de/,https://www.openstreetmap.org/node/12377299274,tiler,49.029429,8.3567093
Hoffmann,https://www.hoffmann-umzuege.de/,https://www.openstreetmap.org/node/12377356510,company,49.0287548,8.3565361
Ariadne,https://verlagvonloeper.ariadne.de/,https://www.openstreetmap.org/node/12377356511,company,49.0286774,8.3562797
Zenkner,https://www.zenkner-sanitaer.com/,https://www.openstreetmap.org/node/12377365275,hvac,49.0287395,8.3579221
Müller,,https://www.openstreetmap.org/node/12377373287,electronics,49.0288708,8.3557997
Hangen,http://jhb-hangen.de/,https://www.openstreetmap.org/node/12378332892,company,49.0260734,8.3561229
Maler Zorn,https://www.malerzorn.de/,https://www.openstreetmap.org/node/12378563906,painter,49.029797,8.3569046
IB Elektronik,http://www.i-b-gmbh.de/,https://www.openstreetmap.org/node/12378563907,company,49.0296801,8.3573022
Allianz,https://vertretung.allianz.de/uwe.keim/,https://www.openstreetmap.org/node/12378578911,insurance,49.0298494,8.3573739
S.A.M. Elektrotechnik,https://sam-elektrotechnik.de/,https://www.openstreetmap.org/node/12379131103,company,48.9867391,8.3725758
Hettmannsperger,https://www.hettbohr.de/,https://www.openstreetmap.org/node/12379131104,company,48.9867976,8.3725948
Wildwasser Karlsruhe,https://wildwasser-karlsruhe.de/,https://www.openstreetmap.org/node/12382156134,charity,49.0100375,8.3912101
Timo Borrmann,https://www.timo-borrmann.de/,https://www.openstreetmap.org/node/12382561940,plumber,49.029928,8.3578505
Schlosserei Wahlich,http://www.schlosserei-wahlich.de/,https://www.openstreetmap.org/node/12382589870,metal_construction,49.0338314,8.3560959
Maler-Meister Alshut,https://www.maler-alshut.de/,https://www.openstreetmap.org/node/12382589871,painter,49.033868,8.3570688
Leinweber Holzbau,https://www.leinweber-holzbau.de/,https://www.openstreetmap.org/node/12400394026,carpenter,48.9989466,8.3606906
Frenell,https://www.frenell.de/,https://www.openstreetmap.org/node/12401186884,company,48.9992383,8.3595498
JETA,https://www.gartenbau-jeta.de/,https://www.openstreetmap.org/node/12401186885,gardener,48.9995512,8.3600383
Brugger,https://www.schreinerei-brugger-karlsruhe.de/,https://www.openstreetmap.org/node/12401186886,carpenter,48.9994864,8.3602541
Kottler,,https://www.openstreetmap.org/node/12401186887,scaffolder,48.9997335,8.3601669
Bajer,https://bajer-sanierung.de/,https://www.openstreetmap.org/node/12401199537,company,48.9998401,8.3586142
Graf,https://www.graf-heizung.de/,https://www.openstreetmap.org/node/12401202227,hvac,48.9993564,8.3591429
Müller,https://mueller-maler-ausbau.de/,https://www.openstreetmap.org/node/12401202228,painter,48.9997419,8.3589521
Heiko Reif,,https://www.openstreetmap.org/node/12416519780,plumber,48.9862429,8.3789133
MD Productions,https://md-productions.com/,https://www.openstreetmap.org/node/12452919223,company,49.0014572,8.3829145
Jacob Elektronik,https://www.jacob.de/,https://www.openstreetmap.org/node/12469582507,company,49.0220917,8.4414434
Hatz-Moninger Brauhaus GmbH,,https://www.openstreetmap.org/node/12486697082,company,49.0018207,8.3543556
Bürgerverein Mühlburg,https://www.bv-muehlburg.de/,https://www.openstreetmap.org/node/12499128881,association,49.0117562,8.356314
Galileo,https://www.galileo-webagentur.de/,https://www.openstreetmap.org/node/12507291810,it,48.993078,8.3704277
Tramm Haustechnik,https://tramm.info/,https://www.openstreetmap.org/node/12509676258,plumber,48.9937428,8.3884847
e Hase Elektrotechnik,https://www.ehase-elektrotechnik.de/,https://www.openstreetmap.org/node/12509698180,electrician,48.9937411,8.3882782
PSK Geschäftsstelle,https://online-psk.de/,https://www.openstreetmap.org/node/12522823607,association,48.9840303,8.4047016
Ordnungs- und Bürgeramt,,https://www.openstreetmap.org/node/12534722762,government,49.0116765,8.3827716
Krieger & Team,https://www.kriegerteam.de/,https://www.openstreetmap.org/node/12534733830,tax_advisor,49.0113279,8.3830608
Innenausbau und Schreinerei,http://www.schreinerei-kuppinger.de/,https://www.openstreetmap.org/node/12534847244,joiner,49.0280343,8.3577646
"Rechtsanwälte Dr. Hubert Gorka, Dr. Sandra Forkert-Hosser",https://www.drgorka.de/,https://www.openstreetmap.org/node/12534859585,lawyer,49.0116596,8.3835494
Steger + Partner,,https://www.openstreetmap.org/node/12550031705,engineer,48.9869265,8.3800182
bonsure,https://www.bonsure.com/,https://www.openstreetmap.org/node/12550051426,insurance,48.9867441,8.3780062
Geiger,https://www.geigergruppe.com/,https://www.openstreetmap.org/node/12550051427,yes,48.9867427,8.3780747
AMEI Atelier Malerei,http://www.amei-malerei.de/,https://www.openstreetmap.org/node/12554806960,atelier,48.9878842,8.3795822
UMA,http://www.uma-architecture.de/,https://www.openstreetmap.org/node/12554851839,architect,48.9852255,8.37712
workwise,https://www.workwise.io/,https://www.openstreetmap.org/node/12566506475,employment_agency,49.0085947,8.3968329
Akademie für Kommunikation,https://www.akademie-bw.de/,https://www.openstreetmap.org/node/12566506476,yes,49.0085091,8.3968086
audials,https://audials.com/,https://www.openstreetmap.org/node/12566506477,it,49.0085649,8.3968801
Fischer Rechtsanwälte,https://www.fischer-rechtsanwaelte.de/,https://www.openstreetmap.org/node/12566506478,lawyer,49.0086102,8.3969531
KSR,http://ksr-gmbh.net/,https://www.openstreetmap.org/node/12566506479,yes,49.0086143,8.3970675
Gabriele Schneider,,https://www.openstreetmap.org/node/12566506480,lawyer,49.0086519,8.3970087
Vorwerk,https://www.high-court.de/,https://www.openstreetmap.org/node/12566506481,lawyer,49.0085795,8.3970031
Vogel-Partner,https://www.vogel-partner.eu/,https://www.openstreetmap.org/node/12566506482,lawyer,49.0085321,8.3969325
Familienkasse Baden-Württemberg West,https://www.arbeitsagentur.de/vor-ort/familienkasse/familienkasse-baden-wuerttemberg-west-karlsruhe.html,https://www.openstreetmap.org/node/12582116932,yes,48.9974123,8.3784553
Schlüsselnotdienst Karlsruhe Moumen,https://www.schlüsseldienst-karlsruhe-key.de/,https://www.openstreetmap.org/node/12582655044,yes,49.0047443,8.3943635
Schmidt+Eger,https://www.schmidt-eger.de/,https://www.openstreetmap.org/node/12600889279,hvac,49.0237865,8.4618522
Markus Mokinski Photography,,https://www.openstreetmap.org/node/12624186151,photographer,49.0082225,8.4091085
RaumFabrik Vermietungsgesellschaft mbH & Co. KG Durlach,https://www.raumfabrik-durlach.de/,https://www.openstreetmap.org/node/12651860808,company,48.9964599,8.4642473
amiconsult GmbH,https://amiconsult.de,https://www.openstreetmap.org/node/12662836804,company,49.0083813,8.3929066
Schüßler-Plan,https://www.schuessler-plan.de/de/unternehmen/standorte/karlsruhe.html,https://www.openstreetmap.org/node/12663567945,engineer,49.0031159,8.3786124
buhlinger architekten,https://www.buhlinger-architekten.de/,https://www.openstreetmap.org/node/12663567946,architect,49.0032101,8.378621
Pfarrbüro St. Josef,,https://www.openstreetmap.org/node/12676338218,religion,48.9982514,8.3510083
Zwilicht,https://zwilicht.com/,https://www.openstreetmap.org/node/12696836098,company,49.0097797,8.3742853
Geschäftsstelle,https://spvgg-durlach-aue.de/geschaftsstaelle/,https://www.openstreetmap.org/node/12698685637,association,48.9849633,8.4396462
Holler Druck,https://holler-druck.de/,https://www.openstreetmap.org/node/12717170487,printer,48.9955456,8.4524781
Geschäftsstelle Sportgemeinschaft Karlsruhe e.V.,https://www.sg-ka.de/,https://www.openstreetmap.org/node/12720392669,association,49.0261356,8.3653727
makou JEWELRY,https://makoujewelry.de,https://www.openstreetmap.org/node/12725152711,jeweller,49.0095372,8.39031
Barmenia Versicherung - Andreea Juncu,https://agentur.barmenia.de/andreea_juncu,https://www.openstreetmap.org/node/12725173975,insurance,49.0118653,8.3596492
LBP,https://lbp-patent.de/,https://www.openstreetmap.org/node/12726943922,lawyer,49.0030242,8.3792487
Mieterverein Karlsruhe e.V.,https://www.mieterverein-karlsruhe.de/,https://www.openstreetmap.org/node/12739557931,association,49.0051785,8.3979168
Esthetic-Line,http://www.esthetic-line.biz/,https://www.openstreetmap.org/node/12755511777,dental_technician,48.96467,8.4094206
Doldt,https://maler-doldt.de,https://www.openstreetmap.org/node/12760568289,painter,49.0243127,8.3530802
EMT,https://emt-metallbau.de,https://www.openstreetmap.org/node/12760568290,metal_construction,49.0237376,8.3532786
Büchele Lufttechnik,https://www.buechele-lufttechnik.de,https://www.openstreetmap.org/node/12760568291,company,49.0230138,8.3533739
Lumi Bau,https://www.lumi-karlsruhe.de,https://www.openstreetmap.org/node/12760568292,construction_company,49.0222971,8.3528602
Evangelisches Pfarramt Johannis-Paulus-Gemeinde,https://www.johannis-paulus-ka.de/,https://www.openstreetmap.org/node/12845068351,parish,49.0008924,8.4075996
Julialacht Fotografie,https://julialacht.de/,https://www.openstreetmap.org/node/12865393434,photographer,48.9780336,8.4557722
Barmenia Versicherung,https://agentur.barmenia.de/sven_gross,https://www.openstreetmap.org/node/12888237699,insurance,49.0046021,8.4571822
Katholisches Pfarrbüro St. Thomas Morus,https://kath-ka-suedwest.de/pfarrbueros/detail/ort/id/39676-pfarrbuero-st-thomas-morus-oberreut/?cb-id=12295608,https://www.openstreetmap.org/node/12900249217,religion,48.9856423,8.363797
atelier der schönen schneiderkünste,,https://www.openstreetmap.org/node/12913063100,atelier,49.0070004,8.4059171
Frauen & Business,https://frauenundbusiness.de/,https://www.openstreetmap.org/node/12924872005,consulting,49.0009417,8.3924231
WandAtelier,https://www.wandatelier.com/,https://www.openstreetmap.org/node/12924872006,plasterer,49.0009384,8.3924837
Brinkmann Pflegevermittlung,https://www.brinkmann-pflegevermittlung.de/beratung-vor-ort/24-stunden-pflege-karlsruhe/,https://www.openstreetmap.org/node/12943768550,yes,48.9865426,8.3789979
Sozial- und Jugendbehörde,,https://www.openstreetmap.org/node/12988498440,government,48.9989591,8.3847916
Rechtsanwalt Wolfgang Schmatloch,,https://www.openstreetmap.org/node/13014550450,lawyer,49.0096628,8.4065066
Onur Icel,,https://www.openstreetmap.org/node/13015831942,insurance,49.0054775,8.3737176
Bayram Mansuroglu,,https://www.openstreetmap.org/node/13015843515,insurance,49.0057066,8.373395
West Stadt Service,,https://www.openstreetmap.org/node/13016102159,key_cutter,49.0053811,8.3707014
C.K. Immobilien,,https://www.openstreetmap.org/node/13016225881,estate_agent,48.9818431,8.400095
Immo Baden,,https://www.openstreetmap.org/node/13017393134,estate_agent,49.0089187,8.3921082
ANEXIA Deutschland GmbH,https://anexia.com/,https://www.openstreetmap.org/node/13077684090,it,49.0203817,8.4398362
netcup,https://www.netcup.com/,https://www.openstreetmap.org/node/13077730414,it,49.0203563,8.4398171
Nationale Forschungsdateninfrastruktur,https://www.nfdi.de/,https://www.openstreetmap.org/node/13086419040,research,49.020277,8.4400482
Welectron,https://welectron.com,https://www.openstreetmap.org/node/13095927028,yes,49.0046651,8.4163515
Amt Jugend und Soziales,,https://www.openstreetmap.org/node/13096764993,government,48.998994,8.4642933
Bildung und Integration,,https://www.openstreetmap.org/node/13096764994,association,48.9990726,8.4640075
Zorn Rechtsanwälte,https://www.zorn-anwaelte.de/,https://www.openstreetmap.org/node/13098756237,lawyer,49.0207062,8.441016
Regierungspräsidium Karlsruhe - Abteilung 9,https://rpk.baden-wuerttemberg.de/abt9/,https://www.openstreetmap.org/node/13100899816,government,49.0058482,8.3618471
BREMER Karlsruhe GmbH,https://bremerbau.de/de/standorte/karlsruhe,https://www.openstreetmap.org/node/13108257033,company,49.0105851,8.4391929
Linder,https://www.kbl-ka.de/,https://www.openstreetmap.org/node/13124157441,yes,48.9824095,8.3767085
Felzmann,https://www.felzmann.dental/,https://www.openstreetmap.org/node/13124157442,dental_technician,48.9824667,8.3764911
ICF Beratungszentrum,https://icf-beratungszentrum.de/,https://www.openstreetmap.org/node/13132913519,consulting,49.0020237,8.3649342
TelefonSeelsorge Karlsruhe,https://www.telefonseelsorge-karlsruhe.de/,https://www.openstreetmap.org/node/13136772876,consulting,49.0109336,8.3886961
Evangelische Kirche in Karlsruhe,https://www.ev-kirche-ka.de/,https://www.openstreetmap.org/node/13136772877,religion,49.0112054,8.3882705
Servicebüro August-Klingler-Areal,https://volkswohnung.de/,https://www.openstreetmap.org/node/13182252373,property_management,48.9990635,8.3422209
LVM-Versicherungsagentur Tobias Fricke,https://agentur.lvm.de/t-fricke/,https://www.openstreetmap.org/node/13202916332,insurance,48.9939331,8.3452897
ParkSide,https://goodspaces.de/karlsruhe/parkside,https://www.openstreetmap.org/node/13232439563,coworking,49.0004178,8.4250798
Trafficon Innovation,https://www.trafficon.de/,https://www.openstreetmap.org/node/13286848713,consulting,49.0015073,8.3879234
Uhrenklinik,https://uhrenklinik-ka.de/,https://www.openstreetmap.org/node/13322921251,watchmaker,49.0088075,8.4235637
Steuerring,https://www.steuerring.de/arbeitnehmer-steuererklaerung/sokolovic/karlsruhe.html,https://www.openstreetmap.org/node/13323167042,tax_advisor,48.9963951,8.3991854
Hüll & Hüll,https://www.stb-huell.de/,https://www.openstreetmap.org/node/13323167043,tax_advisor,48.99632,8.3992028
Offene Werkstatt Karlsruhe,https://www.offene-werkstatt-ka.de,https://www.openstreetmap.org/node/13323880601,handicraft,48.9888527,8.3716802
DAK Gesundheit,https://www.dak.de/dak/servicezentren/karlsruhe_15604,https://www.openstreetmap.org/node/13328224001,insurance,49.0104892,8.3980095
Hays,https://www.hays.de/personalvermittlung/personaldienstleister/standorte/karlsruhe,https://www.openstreetmap.org/node/13328224003,employment_agency,49.0105144,8.3980661
Socotec,https://unsere-standorte.socotec.de/de/baden-wurttemberg/karlsruhe/karlsruhe/socotec-ingenieure-karlsruhe-500,https://www.openstreetmap.org/node/13328224004,engineer,49.0104877,8.3980948
PBW,https://www.pbw.de/,https://www.openstreetmap.org/node/13328224005,yes,49.0104624,8.3980434
synyx event location,https://www.synyx.de/,https://www.openstreetmap.org/node/13372330616,company,49.0027809,8.3847892
diva-e Conclusion,http://www.diva-e.com,https://www.openstreetmap.org/node/13447751866,company,49.0113934,8.4272741
Führungsakademie Baden-Württemberg,https://www.diefuehrungsakademie.de/,https://www.openstreetmap.org/node/13451912762,government,49.0115719,8.3993394
Schwaninger & Schmale,https://www.schwaninger-schmale.de/,https://www.openstreetmap.org/node/13452268778,lawyer,49.0051998,8.3960106
KS Personal,https://www.ks-personal.jobs/,https://www.openstreetmap.org/node/13452268779,employment_agency,49.0051519,8.3960168
Deutsches Rotes Kreuz,https://www.drk-karlsruhe.de/,https://www.openstreetmap.org/node/13452268780,association,49.0051534,8.3957827
UKBW Akademie,https://akademie.ukbw.de/,https://www.openstreetmap.org/node/13506094266,government,48.9948628,8.4489152
IHK-Bildungszentrum Karlsruhe,https://www.ihk-biz.de/,https://www.openstreetmap.org/node/13506094267,educational_institution,48.9949436,8.4487423
Kantorat der Stadtkirche,https://www.stadtkirche-karlsruhe.de/wer-wir-sind/kantorat/,https://www.openstreetmap.org/node/13507821364,religion,49.0080255,8.4057266
Evangelisches Pfarramt,https://www.stadtkirche-karlsruhe.de/wer-wir-sind/pfarramt/,https://www.openstreetmap.org/node/13507831557,religion,49.0080603,8.4057259
Kiefer & Simon Zahntechnik,,https://www.openstreetmap.org/node/13512250484,dental_technician,49.0101317,8.3571471
WurzelWerk Seelsorge und Beratung,https://wurzelwerk-beratung.de/,https://www.openstreetmap.org/node/13520101202,consulting,49.0180436,8.3600354
Nowatzki,https://steuerberater-nowatzki.de/,https://www.openstreetmap.org/node/13541994125,tax_advisor,48.9929682,8.3820496
Stephan Eßer,https://www.stb-esser.de/,https://www.openstreetmap.org/node/13541994126,tax_advisor,48.9929224,8.3820241
GAWA,https://www.gawa-gmbh.de/,https://www.openstreetmap.org/node/13542003868,hvac,48.9928599,8.3820677
AutenSys,https://www.autensys.de/,https://www.openstreetmap.org/node/13578219953,yes,49.0039007,8.3940024
Bios-BW,https://www.bios-bw.com/,https://www.openstreetmap.org/node/13578219954,yes,49.0039411,8.3939614
Timongruppe,https://timon.de/,https://www.openstreetmap.org/node/13578219955,yes,49.0039375,8.3940405
Pensum GmbH,https://www.pensum-gmbh.de/,https://www.openstreetmap.org/node/13578219956,company,49.0039861,8.3940067
tecis,,https://www.openstreetmap.org/node/13578252965,financial_advisor,49.0035774,8.3939701
Heimstiftung Karlsruhe hsk,https://www.heimstiftung-karlsruhe.de/,https://www.openstreetmap.org/node/13578252966,charity,49.0035046,8.3939612
Andrena Objects,https://www.andrena.de,https://www.openstreetmap.org/node/13615789719,company,49.022083,8.4428434
stadtmobil,https://karlsruhe.stadtmobil.de/,https://www.openstreetmap.org/node/13624005851,company,48.9997991,8.3665076
Betreuungsbüro Thomas Schirmer,,https://www.openstreetmap.org/node/13638757947,yes,48.9982436,8.4057688
Bewährungs- und Gerichtshilfe Baden-Württemberg,"https://www.bgbw.landbw.de/pb/,Lde/Startseite/Kontakt/Einrichtung+Karlsruhe",https://www.openstreetmap.org/node/13643594226,government,49.0067417,8.4011776
Staatsanwaltschaft Karlsruhe,https://staatsanwaltschaft-karlsruhe.justiz-bw.de/,https://www.openstreetmap.org/node/13643594227,government,49.0069321,8.4012732
FZI Living Lab,,https://www.openstreetmap.org/node/13647905794,research,49.0121182,8.4246516
Kamedi GmbH,https://heatit.de,https://www.openstreetmap.org/node/13652858092,company,49.0129235,8.4253435
Karlsruhe Marketing Event GmbH,https://karlsruhe-event.de/,https://www.openstreetmap.org/node/13660080725,yes,49.0094452,8.4029861
GTU,https://www.gtu-gruppe.de/,https://www.openstreetmap.org/node/13663379759,company,48.9953007,8.4649955
TNG,https://www.tngtech.com/,https://www.openstreetmap.org/node/13663379760,it,48.9951729,8.4652569
GFK Ingenieure,https://gfk-ingenieure.de/,https://www.openstreetmap.org/node/13663574615,engineer,48.9962067,8.4650594
Tom Kohler Photography,https://www.tomkohler.de/,https://www.openstreetmap.org/node/13663742047,photographer,49.002685,8.4054919
Debeka,,https://www.openstreetmap.org/node/13665841693,insurance,48.9962437,8.4640167
Espinea,,https://www.openstreetmap.org/node/13665841694,company,48.9961541,8.463911
All for One,,https://www.openstreetmap.org/node/13665841695,company,48.9959371,8.4636705
atevia,https://www.atevia.com/,https://www.openstreetmap.org/node/13665872181,company,48.9956588,8.4641317
tipico,https://www.tipico-group.com/,https://www.openstreetmap.org/node/13665896030,yes,48.9954919,8.4656159
Siccas Guitars,https://www.siccasguitars.de,https://www.openstreetmap.org/node/13676270006,musical_instrument,49.0011133,8.3884274
artwork,https://www.artwork.de,https://www.openstreetmap.org/node/13680106876,advertising_agency,49.001895,8.3829369
Schrey & Krieg,https://www.ra-recht.eu,https://www.openstreetmap.org/node/13680106877,lawyer,49.0019486,8.3829414
omed,https://omed-transporte.de/,https://www.openstreetmap.org/node/13682924707,company,48.9972089,8.390237
Sozialtherapeutischer Kinder- und Jugendhilfeverbund,https://www.awo-karlsruhe.de/,https://www.openstreetmap.org/node/13695565418,association,49.0102429,8.3932485
SV SparkassenVersicherung,https://www.sparkassenversicherung.de/kontakt/standort-karlsruhe,https://www.openstreetmap.org/node/13696431696,insurance,49.0110498,8.3915745
randstad,https://www.randstad.de/standorte/randstad-karlsruhe_3565/,https://www.openstreetmap.org/node/13696485933,company,49.0109995,8.3917224
Krebs+Kiefer,https://www.kuk.de/,https://www.openstreetmap.org/node/13696495492,engineer,49.01103,8.3914748
Deutsche ErdWärme,https://deutsche-erdwaerme.de/,https://www.openstreetmap.org/node/13696495493,engineer,49.0110072,8.3913683
KKH Kaufmännische Krankenkasse,,https://www.openstreetmap.org/node/13696583156,insurance,49.0109723,8.3912142
ASI Wirtschaftsberatung AG,https://www.asi-online.de/geschaeftsstellen-detail/geschaeftsstelle-karlsruhe.html,https://www.openstreetmap.org/node/13696583158,consulting,49.0109578,8.3913161
Sweco,https://www.sweco-gmbh.de/,https://www.openstreetmap.org/node/13696583159,architect,49.0109224,8.3911492
Arfmann Rechtsanwälte,https://www.arfmann-recht.de/,https://www.openstreetmap.org/node/13706760502,lawyer,49.0088331,8.3924137
M. Gebhardt,,https://www.openstreetmap.org/node/13725328583,shoemaker,48.9988896,8.4697472
Notar Roland Preis,https://www.notar-preis.de/,https://www.openstreetmap.org/node/13737567645,notary,49.0051335,8.3949061
LITHO-TYPE,https://www.litho-type.de/,https://www.openstreetmap.org/node/13738591745,printer,49.0011926,8.3633796
Buderus,,https://www.openstreetmap.org/node/13738591748,hvac,49.0005212,8.3637529
Haus & Grund Karlsruhe,https://www.hug-ka.de/,https://www.openstreetmap.org/node/13752596995,association,49.0108701,8.3718431
HEWI,https://hewi-fugen.de/,https://www.openstreetmap.org/node/13772536552,tiler,49.0073142,8.3459065
berchtoldkrass space&options,https://berchtoldkrass.de,https://www.openstreetmap.org/node/13806067845,architect,49.0021945,8.4043873
Architekturbüro Philipp Kern,http://www.abpk.de,https://www.openstreetmap.org/node/13815072001,architect,48.9765776,8.4051755
Comeback Unternehmensfilm GmbH,https://www.comebackfilm.de/,https://www.openstreetmap.org/node/13849611055,company,49.0015405,8.3882344
BfB Büro für Baukonstruktionen GmbH,https://www.bfb-ka.de/,https://www.openstreetmap.org/node/13865495092,company,48.9785207,8.4046741
Arcadis,https://www.arcadis.com/de/germany/,https://www.openstreetmap.org/node/13894972080,engineer,49.0013388,8.366621
Euroflow,https://www.euroflow.de/,https://www.openstreetmap.org/node/13930762243,company,49.0143241,8.3583935
Löwenstein Medical Technology,https://loewensteinmedical.com/,https://www.openstreetmap.org/node/13955565579,company,49.0220334,8.4421352
Karlheinz Ulrich,https://www.steuerberater-ka.de/,https://www.openstreetmap.org/node/13980675070,tax_advisor,48.9666647,8.4071092
EIT Elektrotechnik – Energietechnik und Erneuerbare Energien,,https://www.openstreetmap.org/node/13999845476,university,49.0149589,8.3899147
IWI Medieninformatik,,https://www.openstreetmap.org/node/13999845477,university,49.0149757,8.3899147
IWI Informatik,,https://www.openstreetmap.org/node/13999845478,university,49.0149536,8.3899134
IWI Wirtschaftsinformatik,,https://www.openstreetmap.org/node/13999845479,university,49.0149793,8.3900347
IWI International IT Business,,https://www.openstreetmap.org/node/13999845480,university,49.0149412,8.3900307
IWI Data Science,,https://www.openstreetmap.org/node/13999845481,university,49.0149607,8.3900328
IWI Fachschaft,https://www.iwi-hka.de,https://www.openstreetmap.org/node/13999845482,association,49.0149474,8.3903571
Gartengestaltung und Pflege Service Thomas Thiele,https://www.thiele-gartengestaltung.de/,https://www.openstreetmap.org/node/14084129668,gardener,48.9933299,8.4414755
BGV Badische Versicherungen,,https://www.openstreetmap.org/node/14119791823,insurance,48.9998709,8.4647583
phytonics,https://www.phytonics.com/,https://www.openstreetmap.org/node/14138349580,company,49.0200831,8.4411917
B & B Consulting,https://www.bub-consulting-karlsruhe.de/,https://www.openstreetmap.org/node/14141038220,consulting,48.9981337,8.3940374
Michael Roth Elektrische Anlagen,https://www.michael-roth-elektro.de/,https://www.openstreetmap.org/node/14183749219,electrician,49.0289914,8.3680184
VEGA Grieshaber,http://www.vega.com,https://www.openstreetmap.org/node/14201511501,company,49.0014904,8.3882264
INROS LACKNER SE,https://www.inros-lackner.de/,https://www.openstreetmap.org/node/14205850013,engineer,48.9963927,8.463577
Müller-BBM Industry Solutions GmbH - Niederlassung Karlsruhe,https://www.mbbm-ind.com,https://www.openstreetmap.org/node/14207683962,company,49.0327622,8.3943725
nähPUNKT Nähschule,https://naehkurs-karlsruhe.de/,https://www.openstreetmap.org/node/14213945729,educational_institution,49.0113101,8.4243011
Schindler + Kollegen,https://www.schindler-kollegen.de/,https://www.openstreetmap.org/node/14216474243,tax_advisor,48.9887238,8.3827396
ASPION GmbH,https://www.aspion.de/,https://www.openstreetmap.org/node/14231988739,company,49.0319991,8.3938753
VBK - Betriebshof West I,,https://www.openstreetmap.org/way/4842209,depot,49.0231538,8.335951
"Fraunhofer Institut für Optronik, Systemtechnik und Bildauswertung",https://www.iosb.fraunhofer.de/,https://www.openstreetmap.org/way/22796283,research,49.0153057,8.4262325
Kühler Krug,https://www.brauhaus-kuehler-krug.de/,https://www.openstreetmap.org/way/23528466,brewery,49.0041195,8.3685046
Hafendirektion,,https://www.openstreetmap.org/way/87903360,harbour_master,49.0158499,8.3448255
Volkshochschule Karlsruhe,https://www.vhs-karlsruhe.de,https://www.openstreetmap.org/way/89564038,educational_institution,49.0113105,8.375914
Weilandt Rechtsanwälte,http://www.weilandt.de,https://www.openstreetmap.org/way/90167589,lawyer,49.0002969,8.3905176
Regierungspräsidium Karlsruhe am Rondellplatz,https://rp.baden-wuerttemberg.de/rpk,https://www.openstreetmap.org/way/90181932,government,49.0072957,8.4042364
Metalle in Form,https://www.metalle-in-form.com/,https://www.openstreetmap.org/way/90400141,metal_construction,48.9969193,8.4456367
Eisenbahn-Bundesamt Außenstelle Karlsruhe,,https://www.openstreetmap.org/way/90519958,government,48.9994445,8.3844454
Badisch Brauhaus,https://www.badisch-brauhaus.de/,https://www.openstreetmap.org/way/90626454,brewery,49.0120527,8.3937303
Landesamt für Geoinformation und Landentwicklung,https://www.lgl-bw.de/lgl-internet/opencms/de/index.html,https://www.openstreetmap.org/way/97377633,government,49.0050503,8.3861209
Gemeinsame Dienststelle für Flurneuordnung,,https://www.openstreetmap.org/way/97377636,government,49.0051706,8.3852951
DGB Haus,,https://www.openstreetmap.org/way/101325570,ngo,49.0029416,8.4035474
Langendorf,https://langendorf-metall-ka.de/,https://www.openstreetmap.org/way/102307852,metal_construction,48.9992204,8.4269768
Privatbrauerei Hoepfner,https://www.hoepfner.de/,https://www.openstreetmap.org/way/102690110,brewery,49.0123039,8.4275097
Hans Huber Grabmale Am Hauptfriedhof,http://grabmale-huber.de,https://www.openstreetmap.org/way/102701911,stonemason,49.0139334,8.4293897
Kurt Wesch Grabmale,,https://www.openstreetmap.org/way/102701913,stonemason,49.0138396,8.4283674
Rudolph,,https://www.openstreetmap.org/way/105371627,company,48.9885552,8.3735685
Petra Hausmann,,https://www.openstreetmap.org/way/106088836,jeweller,49.0022068,8.3892027
Stadtarchiv,https://www.karlsruhe.de/b1/stadtgeschichte/stadtarchiv.de,https://www.openstreetmap.org/way/108351526,administrative,49.0073143,8.4090915
Atelier Elmar Interschick,https://www.elmar-interschick.de,https://www.openstreetmap.org/way/108518472,atelier,49.0106733,8.4263202
Haus Solms,,https://www.openstreetmap.org/way/109764370,government,49.0127595,8.3880855
Altkatholisches Pfarramt Karlsruhe,,https://www.openstreetmap.org/way/110084636,religion,49.012187,8.3835885
Augenblick Werbeagentur,,https://www.openstreetmap.org/way/110539711,advertising_agency,49.0105985,8.3760638
weststadtmakler.de,https://www.weststadtmakler.de,https://www.openstreetmap.org/way/111005233,estate_agent,49.0050821,8.3752398
Allianz Lebensversicherung AG,,https://www.openstreetmap.org/way/111184660,insurance,49.0049532,8.3824359
Harald Friess Versicherungsbüro und Kapitalanlagen GmbH & Co. KG,https://www.verskap.de,https://www.openstreetmap.org/way/111347942,insurance,49.0110574,8.4301334
Haus des Jugendrechts Karlsruhe,"https://hdjr-karlsruhe.justiz-bw.de/pb/,Lde/Startseite",https://www.openstreetmap.org/way/111445885,government,49.0127507,8.3746596
Fliesen Glauner,http://www.fliesen-glauner.de/,https://www.openstreetmap.org/way/117559560,tiler,48.9987115,8.3933127
Brau&Brennturm,,https://www.openstreetmap.org/way/117943147,brewery;distillery,48.9985189,8.4657279
WOLFSRUDEL Kreativagentur,https://www.wolfsrudel-kreativagentur.com/,https://www.openstreetmap.org/way/118861672,advertising_agency,48.9969158,8.4541385
Hust Immobilien,https://hust-immobilien.de/,https://www.openstreetmap.org/way/119746312,estate_agent,48.9957994,8.4509807
Thorsten Müller,,https://www.openstreetmap.org/way/122267494,carpenter;joiner,48.9936466,8.3837836
A&E Logistik,,https://www.openstreetmap.org/way/123792653,moving_company,48.9934972,8.3711659
Miedel & Dirr Steuerberatungsgesellschaft,https://www.miedel-dirr.de/,https://www.openstreetmap.org/way/125385077,tax_advisor,48.9718818,8.4048961
Rock Shop,https://rockshop.de/,https://www.openstreetmap.org/way/132344556,company,49.042068,8.3916427
BGV Servicebüro,,https://www.openstreetmap.org/way/132386601,yes,49.0494462,8.381865
VBK - Betriebshof Gerwigstraße,,https://www.openstreetmap.org/way/134499590,depot,49.008397,8.4360677
VBK - Betriebshof Ost,,https://www.openstreetmap.org/way/134547166,depot,49.006969,8.4332598
Forstbetrieb V. Leger,,https://www.openstreetmap.org/way/135510425,forestry,49.0293861,8.4104517
Bundesnetzagentur,https://www.bundesnetzagentur.de/,https://www.openstreetmap.org/way/138624979,government,49.0303903,8.3922675
Hatz-Moninger Brauhaus,,https://www.openstreetmap.org/way/160832479,brewery,49.0013683,8.3571963
Architekten Lenzstraße Dreizehn,,https://www.openstreetmap.org/way/171575126,architect,49.0010438,8.3898702
Baurmann.Dürr Architekten,http://www.bdarchitekten.eu,https://www.openstreetmap.org/way/172333154,architect,49.0005854,8.390608
Wolfgang Barth,http://www.wb-ka.de,https://www.openstreetmap.org/way/172743017,electrician,48.999141,8.3928761
Andreas Friedrich Fotografie,https://www.andreasfriedrich.org/,https://www.openstreetmap.org/way/172994001,photographer,49.0004246,8.3899383
Rechnungshof Baden-Württemberg,https://www.rechnungshof.baden-wuerttemberg.de/,https://www.openstreetmap.org/way/236778938,government,49.0134145,8.3841221
Staatliches Schulamt Karlsruhe,"http://www.schulamt-karlsruhe.de/,Lde/Startseite",https://www.openstreetmap.org/way/238165707,government,49.0076711,8.3994753
Nguyen Änderungsschneiderei,,https://www.openstreetmap.org/way/238175621,tailor,49.0068903,8.4107176
Unfallkasse Baden-Württemberg,http://www.uk-bw.de/,https://www.openstreetmap.org/way/238175633,insurance,49.0079615,8.4119683
Welcome Desk,,https://www.openstreetmap.org/way/256606278,university,49.0096726,8.4116656
Serviceplätze 10-18,,https://www.openstreetmap.org/way/256606279,university,49.009744,8.4119731
Serviceplätze 1-9,,https://www.openstreetmap.org/way/256606281,university,49.0097584,8.4115768
Impact Hub,https://karlsruhe.impacthub.net/,https://www.openstreetmap.org/way/304550742,coworking,49.0092585,8.4081478
FREQUENTIS COMSOFT,https://www.frequentis-comsoft.com/,https://www.openstreetmap.org/way/310247101,it,48.9924266,8.4464768
Fachschaft Chemie und Biowissenschaften,https://www.fschembio-kit.de/,https://www.openstreetmap.org/way/314404441,association,49.0126205,8.4139578
Schaustellerbetrieb Wagner,,https://www.openstreetmap.org/way/334889236,company,49.038688,8.3934668
Raisch Gerüstbau,http://www.raisch-geruestbau.de/,https://www.openstreetmap.org/way/348702619,scaffolder,49.0207448,8.443348
Der Generalbundesanwalt beim Bundesgerichtshof,http://www.generalbundesanwalt.de,https://www.openstreetmap.org/way/363394867,government,49.001696,8.3852448
1&1 Internet SE,http://www.1und1.de,https://www.openstreetmap.org/way/366564220,company,48.9994162,8.3851738
PTV Group Headquarters,http://www.ptvgroup.com,https://www.openstreetmap.org/way/384394337,company,49.0133939,8.4275653
Studierendenservice,http://www.kit.edu/studieren/8744.php,https://www.openstreetmap.org/way/405742834,university,49.0097284,8.4117943
SCC ServiceDesk,http://www.scc.kit.edu/servicedesk/index.php,https://www.openstreetmap.org/way/407200532,university,49.0122391,8.4077982
Regierungspräsidium Karlsruhe,https://rp.baden-wuerttemberg.de/,https://www.openstreetmap.org/way/407204258,government,49.0109095,8.4071165
Profimarkt König,http://www.j-koenig.de/,https://www.openstreetmap.org/way/418673749,tiler,48.9919001,8.4382183
Majolika Manufaktur,http://www.majolika-karlsruhe.de/,https://www.openstreetmap.org/way/445369845,pottery,49.018964,8.4010559
Feuerverzinkerei Karlsruhe,,https://www.openstreetmap.org/way/450654856,metal_construction,48.9979938,8.4450075
VBK - Bahnmeisterei & Bauhof,,https://www.openstreetmap.org/way/455891010,storage,48.9993688,8.4414079
Fraunhofer-Institut für System- und Innovationsforschung ISI,http://www.isi.fraunhofer.de,https://www.openstreetmap.org/way/516868749,research,49.0279998,8.4414651
EnBW Printcenter,,https://www.openstreetmap.org/way/523352458,company,49.0095829,8.4408306
Bundesanwaltschaft,,https://www.openstreetmap.org/way/538117502,government,48.9987253,8.3773224
Firma Bauchredner Claus Augenschmaus,https://claus-augenschmaus.de,https://www.openstreetmap.org/way/540079189,advertising_agency,49.0187545,8.388184
Atruvia Campus,https://atruvia.de/,https://www.openstreetmap.org/way/563895492,company,48.9942405,8.4457768
Hanka,http://www.schlosserei-hanka.de/,https://www.openstreetmap.org/way/575643910,metal_construction,49.0241224,8.4628864
Bundesanstalt für Immobilienaufgaben,,https://www.openstreetmap.org/way/584930935,government,49.0195814,8.3882545
TÜV Süd,,https://www.openstreetmap.org/way/599691594,yes,48.9975218,8.3476567
Generalkonsulat der Republik Türkei,https://karlsruhe-bk.mfa.gov.tr/,https://www.openstreetmap.org/way/608061693,diplomatic,49.010726,8.4352581
DEVK Versicherungen Regionaldirektion Karlsruhe,https://karlsruhe.devk.de/,https://www.openstreetmap.org/way/616173978,insurance,48.997085,8.4093526
Technologiezentrum Wasser,http://www.tzw.de/,https://www.openstreetmap.org/way/618352654,research,49.0247025,8.4493377
beratungsWERK,https://www.sw-ka.de/de/beratung/beratungswerk/,https://www.openstreetmap.org/way/671051826,student_affairs,49.0120193,8.4165979
Finanzamt Karlsruhe-Stadt,https://finanzamt-bw.fv-bwl.de/fa_karlsruhestadt,https://www.openstreetmap.org/way/684815285,government,49.0082484,8.4251219
Betonbohr Karlsruhe,https://www.betonbohr-karlsruhe.de/,https://www.openstreetmap.org/way/685733257,borer,48.9907617,8.4398235
Atruvia AG,,https://www.openstreetmap.org/way/689461270,company,48.9982251,8.4374752
Service-Büro des Studierendenwerks,https://www.sw-ka.de/de/beratung/service-buero/,https://www.openstreetmap.org/way/743724125,student_affairs,49.0119359,8.4171623
Lukasgemeinde,,https://www.openstreetmap.org/way/756056076,religion,49.01439,8.3709334
"L-Bank, Staatsbank für Baden-Württemberg",,https://www.openstreetmap.org/way/772962987,company,49.0105142,8.4051542
punkt.de,,https://www.openstreetmap.org/way/845527994,joiner,49.0093675,8.3675008
Vector Informatik,,https://www.openstreetmap.org/way/916950052,company,49.0212425,8.4360196
Informatik Studiengangservice,,https://www.openstreetmap.org/way/1120093826,student_affairs,49.0139082,8.4199205
Fachschaft Informatik,https://www.fsmi.org/,https://www.openstreetmap.org/way/1120093981,association,49.013989,8.4193434
Fachschaft Maschinenbau und Chemieingenieurwesen,https://www.fs-fmc.kit.edu,https://www.openstreetmap.org/way/1134006883,association,49.0094948,8.41411
Hausmeister,,https://www.openstreetmap.org/way/1134006884,caretaker,49.0094519,8.4141057
Studierenden Center Maschinenbau,https://www.mach.kit.edu/scm.php,https://www.openstreetmap.org/way/1134008481,university,49.0098792,8.4132787
Studierenden Center Maschinenbau,https://www.mach.kit.edu/scm.php,https://www.openstreetmap.org/way/1134008482,university,49.0098281,8.4132752
Fachschaft Geowissenschaften,https://www.fs-geo.kit.edu/,https://www.openstreetmap.org/way/1134839521,association,49.0095401,8.4170049
Fachschaft Mathematik,https://www.fsmi.org/,https://www.openstreetmap.org/way/1150212932,association,49.0110057,8.4095828
Fachschaft ETIT KIT,https://fs-etit.kit.edu/,https://www.openstreetmap.org/way/1173405158,association,49.0106521,8.4126576
103 (Hub),,https://www.openstreetmap.org/way/1192927336,it,48.9935778,8.4481746
VBK - Betriebshof West II,,https://www.openstreetmap.org/way/1245534771,depot,49.0202683,8.3397277
Bildungsakademie der Handwerkskammer Karlsruhe,https://www.bia-karlsruhe.de,https://www.openstreetmap.org/way/1289599660,educational_institution,49.0394745,8.3693103
SteamWork,https://goodspaces.de/karlsruhe/steamwork,https://www.openstreetmap.org/way/1321845490,coworking,49.0015518,8.3881269
Ludwig Center,https://www.ludwigcenter.de/,https://www.openstreetmap.org/way/1557650364,rental,48.9926369,8.3437266
Evangelischer Oberkirchenrat,,https://www.openstreetmap.org/relation/1547813,religion,49.0070005,8.3987339
Agentur für Arbeit,,https://www.openstreetmap.org/relation/1551481,employment_agency,49.0027618,8.3855887
Badenia,https://www.badenia.de/,https://www.openstreetmap.org/relation/1592123,financial,48.9817561,8.3700315
Karlsruher Lebensversicherung AG,https://www.karlsruher.de,https://www.openstreetmap.org/relation/1667804,company,48.9988286,8.3981146
EnBW Energie Baden-Württemberg,,https://www.openstreetmap.org/relation/1679896,company,49.0063089,8.436931
Auto Böhler,https://www.auto-boehler.de/,https://www.openstreetmap.org/relation/5656985,auto_wrecker,48.9969459,8.4475888
BGV / Badische Versicherungen,https://www.bgv.de/,https://www.openstreetmap.org/relation/7032252,company,49.0064617,8.4258884
Rheinhafen,,https://www.openstreetmap.org/relation/7906688,port,49.0147744,8.3275579
LBS Landesbausparkasse Süd,https://www.lbs.de/standorte/karlsruhe-sw_bw_070300_1095i,https://www.openstreetmap.org/relation/8888045,financial,49.0030376,8.3789078
1&1,https://www.1und1.de/,https://www.openstreetmap.org/relation/15530695,company,48.9918984,8.4004208
