name,website,cohort,status,career_pages,providers,feed_jobs
Dennig & Kollegen,https://www.ra-dennig.de/,karlsruhe_osm_15km_2251,career_content_found,https://dennig-kollegen.de/karriere/,,
Privatbrauerei Hoepfner,https://www.hoepfner.de/,karlsruhe_osm_15km_2251,career_content_found,https://www.hoepfner.de/karriere/ | https://hoepfner.softgarden.io/de/widgets/jobs?config=eyJzaG93Sm9iTGlzdCI6eyJhdWRpZW5jZSI6dHJ1ZSwiam9iY2F0ZWdvcnkiOnRydWUsIlByb2plY3RHZW9Mb2NhdGlvbkNpdHkiOnRydWUsInNnX2NvbXBhbnlfaWQiOmZhbHNlLCJzaG93RGF0ZUluRnJvbnRlbmQiOnRydWV9LCJzaG93RmlsdGVyIjp7ImF1ZGllbmNlIjp0cnVlLCJqb2JjYXRlZ29yeSI6dHJ1ZSwiUHJvamVjdEdlb0xvY2F0aW9uQ2l0eSI6dHJ1ZSwic2dfY29tcGFueV9pZCI6ZmFsc2V9LCJwcmVmaWxsRmlsdGVyIjp7ImF1ZGllbmNlIjoiIiwiam9iY2F0ZWdvcnkiOiIiLCJzZ19jb21wYW55X2lkIjoiIiwiUHJvamVjdEdlb0xvY2F0aW9uQ2l0eSI6IiIsIlByb2plY3RHZW9Mb2NhdGlvbkNpdHlSYWRpdXMiOiIyNSJ9LCJudW1iZXJPZkpvYnMiOjEwfQ%3D%3D,softgarden | softgarden | softgarden,
CyberLab,https://www.cyberlab-karlsruhe.de/,karlsruhe_osm_15km_2251,unresolved,,,
CyberForum e.V.,https://www.cyberforum.de/,karlsruhe_osm_15km_2251,career_content_found,https://www.cyberforum.de/personalgewinnung/employer-branding | https://www.cyberforum.de/en/personalgewinnung/employer-branding,,
e Hase Elektrotechnik,https://www.ehase-elektrotechnik.de/,karlsruhe_osm_15km_2251,jobs_extracted,https://www.ehase-elektrotechnik.de/stellenangebote/,html_jobs,2
ACEMA Schmid + Co. GmbH,https://acema.de/,karlsruhe_osm_15km_2251,unresolved,,,
exgenio GmbH & Co. KG,https://exgenio.com/,karlsruhe_osm_15km_2251,career_content_found,https://exgenio.com/de/jobs/,,
Oberfinanzdirektion Karlsruhe,http://www.ofd-karlsruhe.de/,karlsruhe_osm_15km_2251,unresolved,,,
Bureau Remise,http://www.bureau-remise.de/,karlsruhe_osm_15km_2251,unresolved,,,
Atelier Remise,http://www.atelierremise.com/,karlsruhe_osm_15km_2251,unresolved,,,
LandesArbeitsgemeinschaft der Kulturinitiativen und Soziokulturellen Zentren in Baden-Württemberg e.V.,http://www.laks-bw.de/,karlsruhe_osm_15km_2251,career_content_found,https://www.laks-bw.de/,,
LBS Landesbausparkasse Süd,https://www.lbs.de/standorte/karlsruhe-sw_bw_070300_1095i,karlsruhe_osm_15km_2251,jobs_extracted,https://www.lbs.de/unternehmen/karriere | https://www.lbs.de/unternehmen/karriere/karriere-lbs-ht | https://www.lbs.de/unternehmen/karriere/karriere-lbs-sued | https://lbs-sued-karriereportal.mein-check-in.de/list,html_jobs,1
Siemens Digital Logistics,https://www.siemens-digital-logistics.com/,karlsruhe_osm_15km_2251,unresolved,,,
Aikyou,https://aikyou.de/,karlsruhe_osm_15km_2251,unresolved,,,
Lang & Schwarz,https://www.lang-schwarz.de/,karlsruhe_osm_15km_2251,career_content_found,https://lang-schwarz.de/karriere/,,
frischeWelt,https://www.frischewelt.net/,karlsruhe_osm_15km_2251,career_content_found,https://karriere.sozialstation-leonberg.de/ | https://karriere.sozialstation-leonberg.de/index.php,,
Karlsruhe Event GmbH,http://www.karlsruhe-event.de/,karlsruhe_osm_15km_2251,unresolved,,,
buhlinger architekten,https://www.buhlinger-architekten.de/,karlsruhe_osm_15km_2251,career_content_found,https://www.buhlinger-architekten.de/karriere | https://www.buhlinger-architekten.de/karriere/bauleiter | https://www.buhlinger-architekten.de/karriere/kostenplaner | https://www.buhlinger-architekten.de/karriere/energieeffizienzexperte,,
Studio Blaupause,https://www.blaupause.studio/,karlsruhe_osm_15km_2251,unresolved,,,
Schüßler-Plan,https://www.schuessler-plan.de/de/unternehmen/standorte/karlsruhe.html,karlsruhe_osm_15km_2251,career_content_found,https://www.schuessler-plan.de/de/karriere.html | https://www.schuessler-plan.de/de/karriere/was-wir-bieten.html | https://www.schuessler-plan.de/de/karriere/ihre-perspektiven.html,,
erdling | der Schmied fürs feine Geschmeide,https://www.erdling.me/,karlsruhe_osm_15km_2251,unresolved,,,
PTV Group Headquarters,http://www.ptvgroup.com/,karlsruhe_osm_15km_2251,jobs_extracted,https://careers.ptvgroup.com/en/jobs/ | https://careers.ptvgroup.com/de/jobs/ | https://careers.ptvgroup.com/en/jobs/?filter%5Bclient_id%5D%5B%5D=1&filter%5Bclient_id%5D%5B%5D=2 | https://careers.ptvgroup.com/en/jobs/jobalert-eng.html,html_jobs,7
"Fraunhofer Institut für Optronik, Systemtechnik und Bildauswertung",https://www.iosb.fraunhofer.de/,karlsruhe_osm_15km_2251,career_content_found,https://www.iosb.fraunhofer.de/de/kompetenzen/optronik/sichtpruefsysteme/stellenausschreibungen.html | https://www.iosb.fraunhofer.de/de/kompetenzen/optronik/sichtpruefsysteme/stellenausschreibungen.html?refreshed=true | https://www.iosb.fraunhofer.de/de/jobs-karriere.html | https://ies.iar.kit.edu/stellen.php,,
schnittmuskel,https://schnittmuskel.de/,karlsruhe_osm_15km_2251,unresolved,,,
ausgeschlachtet e.V.,http://alterschlachthof-karlsruhe.de/ausgeschlachtet/,karlsruhe_osm_15km_2251,unresolved,,,
raumkontakt werbeagentur,http://www.raumkontakt.de/,karlsruhe_osm_15km_2251,jobs_extracted,https://www.raumkontakt.de/karriere,html_jobs,2
Langendorf,https://langendorf-metall-ka.de/,karlsruhe_osm_15km_2251,unresolved,,,
Hoepfner WertInvest,https://hoepfner-wertinvest.de/,karlsruhe_osm_15km_2251,unresolved,,,
"Pasoplan - Architekturbüro, Schreinerei",http://www.pasoplan.de/,karlsruhe_osm_15km_2251,unresolved,,,
PTV Logistics GmbH,https://www.ptvlogistics.com/,karlsruhe_osm_15km_2251,career_content_found,https://www.ptvlogistics.com/en-us/about-ptv-logistics/careers/jobs | https://www.ptvlogistics.com/en/about-ptv-logistics/careers/jobs | https://www.ptvlogistics.com/nl/about-ptv-logistics/careers/jobs | https://www.ptvlogistics.com/de/ueber-ptv-logistics/karriere/jobs | https://www.ptvlogistics.com/en-us/about-ptv-logistics/careers,personio,
Urbane Lichtkonzepte,http://www.barbarabenkert.de/,karlsruhe_osm_15km_2251,unresolved,,,
Happyend Concerts,http://www.happyend-concerts.de/,karlsruhe_osm_15km_2251,unresolved,,,
"Lebenshilfe Karlsruhe, Ettlingen und Umgebung",https://www.lebenshilfe-karlsruhe.de/,karlsruhe_osm_15km_2251,career_content_found,https://www.lebenshilfe-karlsruhe.de/mitmachen/stellen.html,personio | personio | personio,
Stadt Karlsruhe Ordnungs- und Bürgeramt Lebensmittelüberwachung und Veterinärwesen,https://www.karlsruhe.de/b4/buergerdienste/luv.de,karlsruhe_osm_15km_2251,unresolved,,,
Kulturevaluation Wegner,http://www.kulturevaluation-wegner.de/,karlsruhe_osm_15km_2251,unresolved,,,
Rosebud Productions,https://www.markus-rose.com/,karlsruhe_osm_15km_2251,unresolved,,,
Südwestfilm,http://www.suedwestfilm.de/,karlsruhe_osm_15km_2251,unresolved,,,
Stadt Karlsruhe Ordnungs- und Bürgeramt Lebensmittelüberwachung und Veterinärwesen,https://www.karlsruhe.de/b4/buergerdienste/luv.de,karlsruhe_osm_15km_2251,unresolved,,,
Independent Days Karlsruhe e. V.,https://www.independentdays-filmfest.com/,karlsruhe_osm_15km_2251,unresolved,,,
tema,http://www.tema-medien.de/,karlsruhe_osm_15km_2251,unresolved,,,
zwo/elf - Büro für Gestaltung,http://www.zwo-elf.de/,karlsruhe_osm_15km_2251,career_content_found,https://www.zwo-elf.de/architekt-fuer-lph-5-8-m-w-d/,,
Nacona,https://www.nacona.de/,karlsruhe_osm_15km_2251,unresolved,,,
Helble & Richter,https://www.helble-richter.de/,karlsruhe_osm_15km_2251,unresolved,,,
emtrion,https://www.emtrion.de/,karlsruhe_osm_15km_2251,career_content_found,https://www.emtrion.de/aboutus/vacancies/,,
Harald Friess Versicherungsbüro und Kapitalanlagen GmbH & Co. KG,https://www.verskap.de/,karlsruhe_osm_15km_2251,unresolved,,,
PSK Lions,https://www.psk-lions.de/,karlsruhe_osm_15km_2251,unresolved,,,
BPM Zeitarbeit,http://www.bpm-zeitarbeit.de/,karlsruhe_osm_15km_2251,career_content_found,https://www.bpm-zeitarbeit.de/employers/ | https://www.bpm-zeitarbeit.de/jobs/,,
Schneider Anwälte,https://www.schneideranwaelte.de/,karlsruhe_osm_15km_2251,jobs_extracted,https://www.schneideranwaelte.de/stellenangebote/ | https://www.schneideranwaelte.de/arbeitsrecht/betriebliche-uebung-schrecken-der-arbeitgeber/,html_jobs,1
Helm & Partner,https://stb-helm-partner.de/,karlsruhe_osm_15km_2251,career_content_found,https://stb-helm-partner.de/karriere/ | https://stb-helm-partner.de/job/lohnbuchhalter-karlsruhe-2-2/ | https://stb-helm-partner.de/job/steuerfachangestellter-karlsruhe/ | https://stb-helm-partner.de/job/steuerfachangestellter-karlsruhe-2/ | https://stb-helm-partner.de/job/steuerfachwirt-steuerassistent-karlsruhe/,,
netzstrategen,http://www.netzstrategen.com/,karlsruhe_osm_15km_2251,unresolved,,,
Bau4 Architekten,http://www.bau4.de/,karlsruhe_osm_15km_2251,career_content_found,https://www.bau4.de/unternehmen/karriere.html,,
Bikes without Borders,https://bikeswithoutborders.blogspot.com/,karlsruhe_osm_15km_2251,unresolved,,,
Hans Huber Grabmale Am Hauptfriedhof,http://grabmale-huber.de/,karlsruhe_osm_15km_2251,unresolved,,,
Verein zur Unterstützung traumatisierter Migranten,http://www.traumatisierte-migranten.de/,karlsruhe_osm_15km_2251,unresolved,,,
amnesty international,https://amnesty-karlsruhe.de/,karlsruhe_osm_15km_2251,unresolved,,,
Flüchtlingshilfe Karlsruhe,https://fluechtlingshilfe-karlsruhe.de/,karlsruhe_osm_15km_2251,unresolved,,,
ADAC Hauptgeschäftsstelle Karlsruhe,https://www.adac.de/adac_vor_ort/Nordbaden/adressen/karlsruhe.aspx,karlsruhe_osm_15km_2251,unresolved,,,
Karlsruher Verkehrsverbund GmbH,https://www.kvv.de/,karlsruhe_osm_15km_2251,career_content_found,https://www.wir-bewegen-alle.de/bewerben/jobs | https://www.we-move-everyone.com/apply/jobs | https://www.wir-bewegen-alle.de/bewerben/jobs/job/fahrdienstleiterin-estw | https://www.wir-bewegen-alle.de/bewerben/jobs/job/triebfahrzeugfuehrerin-1 | https://www.wir-bewegen-alle.de/bewerben/jobs/job/instandhaltungsplanerin-baugewerke,,
Verkehrsbetriebe Karlsruhe GmbH,https://www.vbk.info/,karlsruhe_osm_15km_2251,career_content_found,https://www.wir-bewegen-alle.de/bewerben/jobs | https://www.we-move-everyone.com/apply/jobs | https://www.wir-bewegen-alle.de/bewerben/jobs/job/fahrdienstleiterin-estw | https://www.wir-bewegen-alle.de/bewerben/jobs/job/triebfahrzeugfuehrerin-1,,
Albtal-Verkehrs-Gesellschaft mbH,https://www.avg.info/,karlsruhe_osm_15km_2251,career_content_found,https://www.wir-bewegen-alle.de/bewerben/jobs | https://www.we-move-everyone.com/apply/jobs | https://www.wir-bewegen-alle.de/bewerben/jobs/job/fahrdienstleiterin-estw | https://www.wir-bewegen-alle.de/bewerben/jobs/job/triebfahrzeugfuehrerin-1 | https://www.wir-bewegen-alle.de/bewerben/jobs/job/instandhaltungsplanerin-baugewerke,,
Medinetz,https://medinetz-karlsruhe.de/,karlsruhe_osm_15km_2251,unresolved,,,
Mennonitisches Hilfswerk,http://www.mh-karlsruhe.de/,karlsruhe_osm_15km_2251,unresolved,,,
Connect Personal-Service GmbH,https://www.connect-personal.de/,karlsruhe_osm_15km_2251,career_content_found,https://www.connect-personal.de/jobs/ | https://www.connect-personal.de/bewerber/jobs-60/,,
GoTo Technologies Germany GmbH,https://www.goto.com/,karlsruhe_osm_15km_2251,unresolved,,,
Übersetzungsbüro Gönül,http://www.gonul.de/,karlsruhe_osm_15km_2251,unresolved,,,
Grenke Technology Center,http://www.grenke.de/,karlsruhe_osm_15km_2251,jobs_extracted,https://www.grenke.com/de/karriere/ | https://jobs.grenke.com/de | https://www.grenke.com/de/karriere/ausbildung/,html_jobs,1
Atelier für Gestaltung,https://www.fuer-gestaltung.de/,karlsruhe_osm_15km_2251,unresolved,,,
Volkshochschule Karlsruhe,https://www.vhs-karlsruhe.de/,karlsruhe_osm_15km_2251,career_content_found,https://www.vhs-karlsruhe.de/ueber-uns/offene-stellen | https://www.vhs-karlsruhe.de/service/beratung-zu-karriere-beruf,,
weststadtmakler.de,https://www.weststadtmakler.de/,karlsruhe_osm_15km_2251,unresolved,,,
ITscope,https://www.itscope.com/,karlsruhe_osm_15km_2251,jobs_feed_found,https://www.itscope.com/unternehmen/karriere/,personio,0
Gründerzentrum Perfekt Futur,http://www.perfekt-futur.de/,karlsruhe_osm_15km_2251,unresolved,,,
TTK,https://ttk.de/,karlsruhe_osm_15km_2251,career_content_found,https://ttk.de/de/index.php | https://ttk.de/de/global/jobs.php?thisID=46 | https://ttk.de/de/global/jobs.php | https://ttk.de/en/global/jobs.php | https://www.h-ka.de/careercontacts,,
Familienkasse Baden-Württemberg West,https://www.arbeitsagentur.de/vor-ort/familienkasse/familienkasse-baden-wuerttemberg-west-karlsruhe.html,karlsruhe_osm_15km_2251,unresolved,,,
Wirtschaftsberatung Deutschland,https://wb-deutschland.de/,karlsruhe_osm_15km_2251,unresolved,,,
Barmenia Versicherung,https://agentur.barmenia.de/karlsruhe,karlsruhe_osm_15km_2251,unresolved,,,
KURY Versicherungsdienst GmbH,http://www.kurygmbh.de/,karlsruhe_osm_15km_2251,unresolved,,,
Nils Menrad Film- & Medienproduktion,http://www.nils-menrad.de/,karlsruhe_osm_15km_2251,unresolved,,,
Mapstar AG,https://www.mapstar.io/,karlsruhe_osm_15km_2251,unresolved,,,
Kenforx,http://www.kenforx.com/,karlsruhe_osm_15km_2251,unresolved,,,
PowMio,https://www.powmio.com/,karlsruhe_osm_15km_2251,jobs_extracted,,html_jobs,3
Dorfjungs,https://www.dorfjungs.com/,karlsruhe_osm_15km_2251,career_content_found,https://dorfjungs.com/karriere | https://dorfjungs.com/landingpage/karriereseite,,
Digital Cinema Mastering,https://digital-cinema-mastering.com/,karlsruhe_osm_15km_2251,unresolved,,,
Whiteout Studio,https://www.whiteoutstudio.com/,karlsruhe_osm_15km_2251,unresolved,,,
Spark Software Engineering GmbH,https://sparkteams.de/,karlsruhe_osm_15km_2251,unresolved,,,
Print Instruments,https://printinstruments.de/,karlsruhe_osm_15km_2251,unresolved,,,
let's dev,https://letsdev.de/,karlsruhe_osm_15km_2251,jobs_extracted,https://letsdev.de/jobs/ | https://letsdev.de/jobs/?show=permanent | https://letsdev.de/jobs/?show=permanent&job=mobile-app-developer | https://letsdev.de/jobs/?show=permanent&job=web-backend-developer | https://letsdev.de/en/jobs/,html_jobs,7
Lorenz Richardt Architekten,https://lrarchitekten.de/,karlsruhe_osm_15km_2251,unresolved,,,
Funkybooth,https://funkybooth.eu/,karlsruhe_osm_15km_2251,unresolved,,,
K³ Kultur- und Kreativwirtschaftsbüro Karlsruhe,http://www.k3-karlsruhe.de/,karlsruhe_osm_15km_2251,jobs_feed_found,https://k3-karlsruhe.de/jobboerse/ | https://k3-karlsruhe.de/jobboerse/page/2/ | https://k3-karlsruhe.de/jobboerse/content-strategian-m-w-d-2/,personio,6
t2consult,https://t2consult.net/,karlsruhe_osm_15km_2251,unresolved,,,
Hallenkind,https://www.hallenkind.com/,karlsruhe_osm_15km_2251,unresolved,,,
Zwilicht,https://zwilicht.com/,karlsruhe_osm_15km_2251,unresolved,,,
IBS Ingenieurbüro Dr. Klaus Schnürer GmbH,http://www.ibs-ka.de/,karlsruhe_osm_15km_2251,unresolved,,,
weststadtmakler.de,https://www.weststadtmakler.de/,karlsruhe_osm_15km_2251,unresolved,,,
Immo König,https://www.immokoenig.de/,karlsruhe_osm_15km_2251,unresolved,,,
FDP,https://www.fdp-karlsruhe.de/,karlsruhe_osm_15km_2251,unresolved,,,
Nowatzki,https://steuerberater-nowatzki.de/,karlsruhe_osm_15km_2251,career_content_found,https://steuerberater-nowatzki.de/karriere | https://steuerberater-nowatzki.de/karriere/bewerbung,,
Finanzamt Karlsruhe-Durlach Außenstelle Moltkestr.,https://finanzamt-bw.fv-bwl.de/fa_kadurlach,karlsruhe_osm_15km_2251,career_content_found,"https://finanzamt-bw.fv-bwl.de/,Lde/Startseite/Karriere | https://finanzamt-bw.fv-bwl.de/,Lde/Startseite/Karriere/Stellenausschreibungen | https://finanzamt-bw.fv-bwl.de/,Len/Home+page/Career | https://finanzamt-bw.fv-bwl.de/,Len/Home+page/Career/Job+advertisements",,
Haus des Jugendrechts Karlsruhe,"https://hdjr-karlsruhe.justiz-bw.de/pb/,Lde/Startseite",karlsruhe_osm_15km_2251,unresolved,,,
Stephan Eßer,https://www.stb-esser.de/,karlsruhe_osm_15km_2251,unresolved,,,
Emons Spedition GmbH,http://www.emons.de/,karlsruhe_osm_15km_2251,career_content_found,https://emons-karriere.de/jobs | https://emons-karriere.de/emons-als-arbeitgeber,,
GAWA,https://www.gawa-gmbh.de/,karlsruhe_osm_15km_2251,jobs_extracted,https://www.gawa-gmbh.de/jobs--aktuelles,html_jobs,1
Geschäftsstelle SVK,https://sv-karlsruhe-beiertheim.de/,karlsruhe_osm_15km_2251,career_content_found,https://sv-karlsruhe-beiertheim.de/category/allgemein/jobs/,,
Computer Consult Wening,https://comcon-wening.de/,karlsruhe_osm_15km_2251,jobs_extracted,https://comcon-wening.de/ueber-uns/karriere/,html_jobs,1
Atelierhaus Neue Schule,https://www.atelierhaus-neue-schule.de/,karlsruhe_osm_15km_2251,unresolved,,,
fred & komplizen*,https://fred-komplizen.de/,karlsruhe_osm_15km_2251,jobs_extracted,https://fred-komplizen.de/jobs/art-director/ | https://fred-komplizen.de/jobs/grafikdesinger-in-m-w-x/,html_jobs,1
Susanne Leibold Steuerberatung,https://www.steuerberatung-leibold.de/,karlsruhe_osm_15km_2251,unresolved,,,
Dietrich & Dietrich Steuerberatungsgesellschaft,http://www.dietrich-dietrich.de/de/startseite,karlsruhe_osm_15km_2251,unresolved,,,
Orlowski + Vollbrecht Rechtsanwälte,https://www.anwaeltekarlsruhe.de/,karlsruhe_osm_15km_2251,unresolved,,,
Generalkonsulat der Republik Türkei,https://karlsruhe-bk.mfa.gov.tr/,karlsruhe_osm_15km_2251,unresolved,,,
Haus & Grund Karlsruhe,https://www.hug-ka.de/,karlsruhe_osm_15km_2251,career_content_found,https://www.hug-ka.de/karriere.html | https://www.hug-ka.de/karriere-verein.html,,
Maisenbacher Hort + Partner,https://mhp-kanzlei.de/kontakt/standorte/karlsruhe/,karlsruhe_osm_15km_2251,career_content_found,https://mhp-kanzlei.de/arbeiten-bei-mhp/offene-stellen/ | https://mhp-kanzlei.de/arbeiten-bei-mhp/ | https://mhp-kanzlei.de/arbeiten-bei-mhp/deine-perspektive/ | https://mhp-kanzlei.de/arbeiten-bei-mhp/dein-start-bei-uns/ | https://mhp-kanzlei.de/arbeiten-bei-mhp/ausbildung-und-studium/,,
Deutsche Homöopathie-Union,https://www.dhu.de/,karlsruhe_osm_15km_2251,unresolved,,,
Servicebüro Nordstadt,https://volkswohnung.de/,karlsruhe_osm_15km_2251,jobs_extracted,https://volkswohnung.de/karriere/stellenangebote/ | https://volkswohnung.de/karriere/stellenangebote/jobalert.html | https://volkswohnung.de/karriere/stellenangebote/stellenangebote.html | https://volkswohnung.de/karriere/stellenangebote/stellenangebote.html?reset_search=1 | https://volkswohnung.de/karriere/stellenangebote/Schulpraktikum-de-j408.html?sid=c7688c877ea96900638c592ffb9e64c5,html_jobs,3
Dr. Baier - Brenk - Störtz GbR,http://www.dr-baier-partner.de/,karlsruhe_osm_15km_2251,unresolved,,,
Baidenger Finanzberatung,https://www.baidenger-finanzberatung.de/,karlsruhe_osm_15km_2251,unresolved,,,
Geschäftsstelle Polizeisportverein Karlsruhe e.V.,https://www.psv-karlsruhe.de/,karlsruhe_osm_15km_2251,career_content_found,https://www.psv-karlsruhe.de/karriere,,
djive naturals,https://djive-naturals.de/kontakt/,karlsruhe_osm_15km_2251,unresolved,,,
BAI - Böcherer Angewandte Informatik,https://www.bai.de/,karlsruhe_osm_15km_2251,unresolved,,,
MVZ Labor PD Dr. Volkmann und Kollegen GbR,http://www.laborvolkmann.de/,karlsruhe_osm_15km_2251,career_content_found,https://laborvolkmann.de/karriere/wir-als-arbeitgeber/,personio,
Rossmann + Partner,https://rossmannundpartner.de/,karlsruhe_osm_15km_2251,career_content_found,https://rossmannundpartner.de/jobs/,,
Verlag Heinrich Vogel,https://www.fahren-lernen.de/,karlsruhe_osm_15km_2251,jobs_feed_found,,personio,10
a + i - architekten und ingenieure,http://www.a-i-architekten.de/,karlsruhe_osm_15km_2251,unresolved,,,
Schindler + Kollegen,https://www.schindler-kollegen.de/,karlsruhe_osm_15km_2251,career_content_found,https://www.schindler-kollegen.de/karriere/,,
KGM-Verlag GmbH,https://kgm-verlag.de/,karlsruhe_osm_15km_2251,unresolved,,,
PSK Geschäftsstelle,https://online-psk.de/,karlsruhe_osm_15km_2251,career_content_found,https://online-psk.de/psk-jobs-karriere/,,
SDK Regionaldirektion Karlsruhe,https://www.sdk.de/kontakt/beratersuche/regionaldirektion-karlsruhe/,karlsruhe_osm_15km_2251,unresolved,,,
Scriptor,https://www.scriptor-brennerei.de/,karlsruhe_osm_15km_2251,unresolved,,,
DFS Deutsche Flugsicherung,https://www.dfs.de/,karlsruhe_osm_15km_2251,career_content_found,https://www.dfs.de/homepage/en/media/press/2026/01-10-2026-setting-a-course-for-the-future-around-200-new-recruits-start-their-careers-at-dfs/ | https://karriere.dfs.de/en/career-paths,,
Keppel & Anderer,https://www.keppel-anderer.de/,karlsruhe_osm_15km_2251,career_content_found,https://www.keppel-anderer.de/karriere/ | https://www.keppel-anderer.de/job-heizungsmonteur-karlsruhe/ | https://www.keppel-anderer.de/kaelteanlagenbauer-jobs-in-karlsruhe/ | https://www.keppel-anderer.de/anlagenmechaniker-shk-jobs-karlsruhe/,,
Kühler Krug,https://www.brauhaus-kuehler-krug.de/,karlsruhe_osm_15km_2251,unresolved,,,
Analytica,http://www.analytica-gmbh.de/,karlsruhe_osm_15km_2251,unresolved,,,
IPG Automotive,https://www.ipg-automotive.com/,karlsruhe_osm_15km_2251,jobs_feed_found,https://ipg-automotive-gmbh.jobs.personio.com/?language=en,personio,9
computermiete.de,https://www.computermiete.de/,karlsruhe_osm_15km_2251,career_content_found,https://www.computermiete.de/jobs/ | https://www.computermiete.de/en/jobs/,,
Gasmet Ansyco Gasmesstechnik und analytische Systeme,http://www.ansyco.de/,karlsruhe_osm_15km_2251,unresolved,,,
2D,https://2d-datarecording.com/,karlsruhe_osm_15km_2251,career_content_found,https://2d-datarecording.com/jobs/,,
medavis,https://www.medavis.de/,karlsruhe_osm_15km_2251,ats_identified,,smartrecruiters,
"Christian Schweitz Garten, Landschaftsbau und Pflege",http://www.schweitz-galabau.de/,karlsruhe_osm_15km_2251,unresolved,,,
Waldpädagogik Karlsruhe,http://www.waldpaedagogik-karlsruhe.de/,karlsruhe_osm_15km_2251,unresolved,,,
Bühler + Ertle,https://www.efs-steuerberatung.de/,karlsruhe_osm_15km_2251,career_content_found,https://www.efs-steuerberatung.de/karriere | https://www.efs-steuerberatung.de/karriere/stellenausschreibung/steuerfachwirt | https://www.efs-steuerberatung.de/karriere/stellenausschreibung/steuerfachangestellter,,
BREMER Karlsruhe GmbH,https://bremerbau.de/de/standorte/karlsruhe,karlsruhe_osm_15km_2251,jobs_extracted,https://jobs.bremerbau.de/ | https://jobs.bremerbau.de/stellenangebote.html | https://bremerbau.de/de/karriere | https://bremerbau.de/de/karriere/kultur | https://bremerbau.de/de/karriere/studium,html_jobs,5
Lesser,http://www.lesser-ing.de/,karlsruhe_osm_15km_2251,unresolved,,,
Medie Ambulanz GmbH,https://www.medie-ambulanz.de/,karlsruhe_osm_15km_2251,career_content_found,https://www.medie-ambulanz.de/karriere/rettungsassistent-notfallsanitaeter-m-w-d-gesucht | https://www.medie-ambulanz.de/karriere/rettungshelfer-m-w-d-in-vollzeit-oder-teilzeit-gesucht | https://www.medie-ambulanz.de/karriere/rettungssanitaeter-m-w-d-in-vollzeit-oder-teilzeit-gesucht,,
Liveline Connect,https://liveline-connect.de/,karlsruhe_osm_15km_2251,jobs_extracted,https://liveline-connect.de/jobs/digital-platform-manager/,html_jobs,2
Hinte,https://www.hinte-messe.de/,karlsruhe_osm_15km_2251,career_content_found,https://www.hinte-messe.de/karriere/stellenangebote/ | https://www.hinte-messe.de/karriere/,,
Forstamt Stadt Karlsruhe,https://www.karlsruhe.de/stadt-rathaus/verwaltung-stadtpolitik/aemter-dienststellen/detailseite/46-forstamt,karlsruhe_osm_15km_2251,career_content_found,https://www.karlsruhe.de/stadt-rathaus/karriere-ausbildung | https://www.karlsruhe.de/stadt-rathaus/karriere-ausbildung/karriere | https://www.karlsruhe.de/stadt-rathaus/karriere-ausbildung/stellenportal | https://www.karlsruhe.de/stadt-rathaus/karriere-ausbildung/fuehrung-und-zusammenarbeit | https://www.karlsruhe.de/stadt-rathaus/karriere-ausbildung/ausbildung-studium-stadt-karlsruhe,,
Knappe1A,https://www.knappe1a.de/,karlsruhe_osm_15km_2251,unresolved,,,
Studio B.60,https://studiob60.de/hinte-marketing/index.php,karlsruhe_osm_15km_2251,unresolved,,,
HS Heinrich Schmid,https://www.heinrich-schmid.com/,karlsruhe_osm_15km_2251,jobs_extracted,https://www.heinrich-schmid.com/karriere/jobs/ | https://www.heinrich-schmid.com/ch/karriere/jobs/ | https://www.heinrich-schmid.com/karriere/ | https://www.heinrich-schmid.com/karriere/kaufleute/ | https://www.heinrich-schmid.com/karriere/handwerker/,html_jobs,19
punkt.de GmbH,https://punkt.de/,karlsruhe_osm_15km_2251,jobs_extracted,https://punkt.de/de/stellenangebote/stellenangebote.html | https://punkt.de/de/stellenangebote/arbeiten-bei-punktde.html | https://punkt.de/de/stellenangebote/bewerbung-einreichen.html | https://punkt.de/de/stellenangebote/stellenangebote/dhbw-student-in.html | https://punkt.de/de/stellenangebote/stellenangebote/webentwickler-in.html,html_jobs,4
Martin & Busam,https://www.martin-busam.de/,karlsruhe_osm_15km_2251,unresolved,,,
Solexperts,https://www.solexperts.com/,karlsruhe_osm_15km_2251,career_content_found,https://www.solexperts.com/de/karriere/offene-stellen | https://www.solexperts.com/en/career/vacancies | https://www.solexperts.com/de/karriere | https://www.solexperts.com/en/career,,
Volkswohnung Servicebüro Mühlburg,https://volkswohnung.de/,karlsruhe_osm_15km_2251,jobs_extracted,https://volkswohnung.de/karriere/stellenangebote/ | https://volkswohnung.de/karriere/stellenangebote/jobalert.html | https://volkswohnung.de/karriere/stellenangebote/stellenangebote.html | https://volkswohnung.de/karriere/stellenangebote/stellenangebote.html?reset_search=1 | https://volkswohnung.de/karriere/stellenangebote/Schulpraktikum-de-j408.html?sid=d2b6ad331d5a0e007f9b06af944b98bb,html_jobs,3
init,https://www.initse.com/,karlsruhe_osm_15km_2251,career_content_found,https://www.initse.com/ende/header-meta/careers/students/ | https://www.initse.com/ende/header-meta/careers/professionals/ | https://www.initse.com/ende/header-meta/careers/young-scholars/ | https://www.initse.com/ende/header-meta/careers/working-with-us/,,
Institut für Betriebsführung im Handwerk,https://www.itb.de/,karlsruhe_osm_15km_2251,jobs_extracted,https://www.itb.de/karriere/ | https://www.itb.de/karriere/stellenausschreibung-praktikum/,html_jobs,1
bugglin beßler,https://www.bugglinbessler.de/,karlsruhe_osm_15km_2251,unresolved,,,
Günter Wolf,https://www.gwolf-elektro.de/,karlsruhe_osm_15km_2251,career_content_found,https://www.gwolf-elektro.de/jobs-ausbildung/stellenangebote/ | https://www.gwolf-elektro.de/jobs-ausbildung/ | https://www.gwolf-elektro.de/jobs-ausbildung/praktika/ | https://www.gwolf-elektro.de/jobs-ausbildung/ausbildung/,,
Neuroimmun GmbH,https://www.neuroimmun.com/company/,karlsruhe_osm_15km_2251,unresolved,,,
Hunkler,https://www.hunkler.de/kontakt.html,karlsruhe_osm_15km_2251,career_content_found,https://www.hunkler.de/karriere.html | https://www.hunkler.de/karriere/dhbw-studium-wirtschaftsinformatik-2027-m-w-d.html | https://www.hunkler.de/karriere.html?_cmsscb=1,,
Andreas Müller Hydrokulturen,https://andreas-mueller-hydrokulturen.de/,karlsruhe_osm_15km_2251,career_content_found,https://andreas-mueller-hydrokulturen.de/karriere/,,
Pluradent,https://www.pluradent.de/de/unternehmen/standorte/karlsruhe/,karlsruhe_osm_15km_2251,unresolved,,,
n-komm,https://n-komm.de/,karlsruhe_osm_15km_2251,career_content_found,https://n-komm.de/karriere/,,
Invenio,https://www.invenio.net/de/,karlsruhe_osm_15km_2251,unresolved,,,
GFT,https://gft-trockenbau.de/,karlsruhe_osm_15km_2251,career_content_found,https://gft-trockenbau.de/stellenangebot/,,
Wohlfarth,https://www.wohlfarth-pflasterbau.de/,karlsruhe_osm_15km_2251,unresolved,,,
Bundesnetzagentur,https://www.bundesnetzagentur.de/,karlsruhe_osm_15km_2251,unresolved,,,
AMEI Atelier Malerei,http://www.amei-malerei.de/,karlsruhe_osm_15km_2251,unresolved,,,
enviolet,https://www.enviolet.com/,karlsruhe_osm_15km_2251,career_content_found,https://www.enviolet.com/jobs.html | https://www.enviolet.com/jobs/initiativbewerbung.html | https://www.enviolet.com/jobs/industrieelektriker-m/w/d.html | https://www.enviolet.com/jobs/schreiner-/-tischler-m/w/d.html | https://www.enviolet.com/jobs/kunststoffschlosser-/-monteur-anlagenbau-m/w/d.html,,
enabl Technologies GmbH,https://enabl-tech.de/,karlsruhe_osm_15km_2251,jobs_feed_found,https://www.enabl-tech.de/de/karriere,personio,6
Gartner,https://gartnergmbh.de/,karlsruhe_osm_15km_2251,unresolved,,,
Arcadis,https://www.arcadis.com/de/germany/,karlsruhe_osm_15km_2251,career_content_found,https://www.arcadis.com/en/privacy-for-job-applicants,,
Schucker,http://www.sanieren-dekorieren-karlsruhe.de/,karlsruhe_osm_15km_2251,career_content_found,https://www.sanieren-dekorieren-karlsruhe.de/arbeiten/stellenangebote | https://www.sanieren-dekorieren-karlsruhe.de/arbeiten,,
Fraunhofer-Institut für Werkstoffmechanik,https://www.mikrotribologiecentrum.de/,karlsruhe_osm_15km_2251,unresolved,,,
Fruitful Office,https://www.fruitfuloffice.de/,karlsruhe_osm_15km_2251,career_content_found,https://fruitfuloffice.de/arbeiten-im-fruitful-office/,,
CB Präsentwerbung,http://www.cb-praesentwerbung.de/de/,karlsruhe_osm_15km_2251,unresolved,,,
Allianz Generalvertretung,https://vertretung.allianz.de/stefanos.tsatalbassidis/,karlsruhe_osm_15km_2251,unresolved,,,
schmitt,https://www.logistik-schmitt.de/,karlsruhe_osm_15km_2251,career_content_found,https://www.karriere-schmitt.de/aktuelle-jobs/ | https://www.karriere-schmitt.de/wir-als-arbeitgeber/,,
Schweitzer Fachinformationen,https://www.schweitzer-online.de/info/Karlsruhe/,karlsruhe_osm_15km_2251,career_content_found,https://www.schweitzer-online.de/info/Jobs-und-Karriere/,,
stadtmobil,https://karlsruhe.stadtmobil.de/,karlsruhe_osm_15km_2251,career_content_found,https://karlsruhe.stadtmobil.de/privatkunden/aktuelle-jobs/,,
Wolff & Müller,https://www.wolff-mueller.de/,karlsruhe_osm_15km_2251,jobs_extracted,https://www.wolff-mueller.de/karriere | https://www.wolff-mueller.de/karriere/stellenportal | https://www.wolff-mueller.de/karriere/nachwuchskraefte | https://www.wolff-mueller.de/karriere/personaldienstleister | https://www.wolff-mueller.de/karriere/nachwuchskraefte/studium,html_jobs,2
Texys Sensoren GmbH,https://www.texense.com/de/,karlsruhe_osm_15km_2251,unresolved,,,
Martin Heck,https://heck-immobilien.de/,karlsruhe_osm_15km_2251,unresolved,,,
Bioscientia,https://www.labor-karlsruhe.de/,karlsruhe_osm_15km_2251,unresolved,,,
WPA,https://wpa-techni.com/,karlsruhe_osm_15km_2251,unresolved,,,
BM Bahndienste,http://www.bm-bahndienste.de/,karlsruhe_osm_15km_2251,career_content_found,https://www.bm-bahndienste.de/karrierejobs | https://www.bm-bahndienste.de/karrierejobs/bewerben | https://www.bm-bahndienste.de/karrierejobs/lokfuehrer | https://www.bm-bahndienste.de/karrierejobs/wagenpruefer | https://www.bm-bahndienste.de/karrierejobs/rangierbegleiter,,
ICF Karlsruhe,https://www.icf-karlsruhe.de/,karlsruhe_osm_15km_2251,career_content_found,https://icf.church/karlsruhe/de/jobs/,,
Weihnachten neu erleben e.V.,https://www.weihnachten-neu-erleben.de/,karlsruhe_osm_15km_2251,unresolved,,,
Full Smile Dental Partner,https://full-smile.de/,karlsruhe_osm_15km_2251,jobs_extracted,https://full-smile.de/jobs/ | https://full-smile.de/job/vertriebsprofi-aussendienst-m-w-d-norddeutschland-4/ | https://full-smile.de/job/vertriebsprofi-aussendienst-m-w-d-norddeutschland-3/ | https://full-smile.de/job/vertriebsprofi-aussendienst-m-w-d-norddeutschland-2/ | https://full-smile.de/job/vertriebsprofi-aussendienst-m-w-d-norddeutschland-2-2/,html_jobs,5
Blue Yonder,http://www.blue-yonder.com/,karlsruhe_osm_15km_2251,career_content_found,https://consumer.ftc.gov/articles/job-scams | https://consumer.ftc.gov/jobs-and-making-money/jobs,,
Wieland Woitzik,http://www.steuerkanzlei-woitzik.de/,karlsruhe_osm_15km_2251,unresolved,,,
Rüdinger GmbH & Co. KG,https://www.ruedinger-oel.de/,karlsruhe_osm_15km_2251,unresolved,,,
Galileo,https://www.galileo-webagentur.de/,karlsruhe_osm_15km_2251,jobs_extracted,https://www.galileo-webagentur.de/jobs | https://www.galileo-webagentur.de/jobs/stellenangebote | https://www.galileo-webagentur.de/leistungen/employer-branding | https://www.galileo-webagentur.de/jobs/arbeitsalltag | https://www.galileo-webagentur.de/leistungen/employer-branding/karriere-website,html_jobs,2
Pittroff Elektro,http://www.pittroff-elektro.de/,karlsruhe_osm_15km_2251,unresolved,,,
ICF Beratungszentrum,https://icf-beratungszentrum.de/,karlsruhe_osm_15km_2251,unresolved,,,
ASPION GmbH,https://www.aspion.de/,karlsruhe_osm_15km_2251,career_content_found,https://www.aspion.de/jobs/ | https://www.aspion.de/full-stack-entwickler-iot-cloud-job/,,
Vieten Treuhand & Revisions- gesellschaft mbH,http://www.kanzlei-vieten.de/,karlsruhe_osm_15km_2251,unresolved,,,
Kanzlei Vieten,http://www.kanzlei-vieten.de/,karlsruhe_osm_15km_2251,unresolved,,,
Brinkmann Pflegevermittlung,https://www.brinkmann-pflegevermittlung.de/beratung-vor-ort/24-stunden-pflege-karlsruhe/,karlsruhe_osm_15km_2251,jobs_extracted,https://www.brinkmann-pflegevermittlung.de/ueber-uns/karriere/ | https://www.brinkmann-pflegevermittlung.de/jobs/it-talent-fuer-dynamics365-m-w-d-mit-homeoffice-option/,html_jobs,1
Steinhaus Informationssysteme,http://www.steinhaus-informationssysteme.de/,karlsruhe_osm_15km_2251,unresolved,,,
macio,https://www.macio.de/,karlsruhe_osm_15km_2251,career_content_found,https://www.cloudflight.io/en/career/,workday | workday | workday,
Education Support Centre,https://www.escde.net/,karlsruhe_osm_15km_2251,unresolved,,,
Private Schwimmschule Köhler,https://www.schwimmschule-koehler.de/,karlsruhe_osm_15km_2251,unresolved,,,
Deutsche Gesellschaft für Recht und Informatik e.V.,https://www.dgri.de/,karlsruhe_osm_15km_2251,unresolved,,,
diconium digital solutions,https://diconium.com/,karlsruhe_osm_15km_2251,career_content_found,https://diconium.com/en/career | https://diconium.com/en/career/benefits | https://diconium.com/en/career/hybrid-workplace,workday,
Gabelstaplerfahrschule Köhler,https://www.fuehrerschein-gabelstapler.de/,karlsruhe_osm_15km_2251,unresolved,,,
enOware,http://www.enoware.de/,karlsruhe_osm_15km_2251,unresolved,,,
Vogel & Partner Rechtsanwälte,http://www.vogel-partner.eu/,karlsruhe_osm_15km_2251,career_content_found,https://www.vogel-partner.eu/karriere/ | https://www.vogel-partner.eu/arbeitnehmererfindungen-wem-gehoert-die-idee-im-job/,,
Verint,https://verint.de/,karlsruhe_osm_15km_2251,unresolved,,,
Geiger,https://www.geigergruppe.com/,karlsruhe_osm_15km_2251,career_content_found,https://karriere.geigergruppe.de/ | https://karriere.geigergruppe.de/stellenangebote.html | https://karriere.geigergruppe.de/stellenangebot.html?yid=75 | https://karriere.geigergruppe.de/stellenangebote.html?reset_search=1,,
bonsure,https://www.bonsure.com/,karlsruhe_osm_15km_2251,unresolved,,,
HMS Industrial Networks,https://www.hms-networks.com/,karlsruhe_osm_15km_2251,unresolved,,,
Falk,https://falk-co.de/,karlsruhe_osm_15km_2251,jobs_feed_found,https://falk-co.de/jobs,personio,18
Krüger Steuerberatungsgesellschaft,https://krueger-kanzlei.de/,karlsruhe_osm_15km_2251,career_content_found,https://krueger-kanzlei.de/karriere | https://krueger-kanzlei.de/karriere/steuerfachangestellte-bilanzbuchalter-m-w-d,,
Schaefer & Wunsch,https://www.schaefer-wunsch.de/,karlsruhe_osm_15km_2251,career_content_found,https://www.schaefer-wunsch.de/karriere/,,
Dreßler,https://www.dressler-bau.de/karlsruhe-1,karlsruhe_osm_15km_2251,career_content_found,https://www.dressler-bau.de/karriere | https://jobs.dressler-bau.de/o/initiativbewerbung-mwd | https://jobs.dressler-bau.de/o/bauleiter-im-rohbau-mwd | https://jobs.dressler-bau.de/o/initiativbewerbung-mwd-8,,
ESG ENGEL,https://www.esg-kanzlei.de/,karlsruhe_osm_15km_2251,career_content_found,https://www.esg-kanzlei.de/karriere | https://www.esg-kanzlei.de/karriere/aktuell-keine-offenen-stellen,,
interflex,https://interflex.com/de-de/,karlsruhe_osm_15km_2251,jobs_extracted,https://interflex.com/karriere/jobs/ | https://allegion.wd5.myworkdayjobs.com/de-DE/Interflex_German/details/Initativbewerbung--all-genders-_JR20838 | https://interflex.com/en/career/jobs/ | https://interflex.com/de-ch/karriere/jobs/,workday | workday | html_jobs,1
ISD FENIQS,https://www.isdfeniqs.com/,karlsruhe_osm_15km_2251,jobs_extracted,https://www.isdfeniqs.com/careers/jobs | https://www.isdfeniqs.com/careers | https://www.isdfeniqs.com/careers/jobs/matrix42-consultant | https://www.isdfeniqs.com/careers/jobs/matrix42-consultant/apply | https://www.isdfeniqs.com/careers/jobs/speculative-application-gn,html_jobs,2
Nilaplan Karlsruhe,http://nilaplan-karlsruhe.de/,karlsruhe_osm_15km_2251,unresolved,,,
Bernd Höllstern GmbH - Schädlingsbekämpfung,https://hoellstern.de/,karlsruhe_osm_15km_2251,career_content_found,https://hoellstern.de/karriere/,,
Martin Rechtsanwälte,https://www.martin-anwaelte.de/,karlsruhe_osm_15km_2251,career_content_found,https://www.martin-anwaelte.de/job/initiativbewerbung/ | https://www.martin-anwaelte.de/job/junganwaltin-m-w-d/ | https://www.martin-anwaelte.de/job/rechtsanwaltin-m-w-d/ | https://www.martin-anwaelte.de/job/rechtsfachwirtin-m-w-d/ | https://www.martin-anwaelte.de/job/jura-studentin-uni-m-w-d/,,
Müller-BBM Industry Solutions GmbH - Niederlassung Karlsruhe,https://www.mbbm-ind.com/,karlsruhe_osm_15km_2251,career_content_found,https://www.mbbm-ind.com/de/karriere/stellenangebote | https://www.mbbm-ind.com/de/karriere/stellenangebot/teamassistentin-2 | https://www.mbbm-ind.com/de/karriere/stellenangebot/projektingenieurin-laermschutz | https://www.mbbm-ind.com/de/karriere/stellenangebot/aushilfe-minijob-als-pruefperson-fuer-geruchsmessungen,,
msg,https://www.msg.group/deutschland,karlsruhe_osm_15km_2251,career_content_found,https://www.msg.group/de/karriere/aktuelle-stellenangebote/ | https://www.msg.group/de/karriere/ | https://www.msg.group/de/karriere/events/ | https://www.msg.group/de/karriere/podcasts/,,
Asica,https://www.asica.group/,karlsruhe_osm_15km_2251,unresolved,,,
Harrer Ingenieure,https://www.harrer-ing.net/,karlsruhe_osm_15km_2251,jobs_extracted,https://www.harrer-ing.net/karriere/ | https://www.harrer-ing.net/karriere-werkstudent-m-w-d-hoch-ingenieurbau-ostfildern/ | https://www.harrer-ing.net/karriere-konstrukteur-bauzeichner-m-w-d-hoch-ingenieurbau-ostfildern/ | https://www.harrer-ing.net/karriere-bauingenieur-m-w-d-tragwerksplanung-hoch-ingenieurbau-karlsruhe/ | https://www.harrer-ing.net/karriere-bauingenieur-m-w-d-tragwerksplanung-hoch-ingenieurbau-ostfildern/,html_jobs,5
European Institute for Energy Research,https://www.eifer.kit.edu/,karlsruhe_osm_15km_2251,career_content_found,https://www.eifer.org/ | https://eiferkit.softgarden.io/en/vacancies | https://www.eifer.org/career/,softgarden | softgarden | softgarden,
Videmo Intelligente Videoanalyse,https://videmo.de/,karlsruhe_osm_15km_2251,unresolved,,,
Ametek,https://www.ametek.de/,karlsruhe_osm_15km_2251,career_content_found,https://www.ametek.de/careers/equal-opportunities,,
Verocel,http://www.verocel.com/,karlsruhe_osm_15km_2251,unresolved,,,
Welcome Center TechnologieRegion Karlsruhe,https://technologieregion-karlsruhe.de/,karlsruhe_osm_15km_2251,career_content_found,https://trk.de/wer-wir-sind/karriere/ | https://trk.de/en/who-we-are/karriere/ | https://trk.de/fr/wer-wir-sind/karriere/ | https://karriereregion.tv/fuer-arbeitgeber/,,
Cognex Germany,http://www.cognex.com/,karlsruhe_osm_15km_2251,unresolved,,,
Taxi Holl,https://www.taxi-karlsruhe.de/,karlsruhe_osm_15km_2251,career_content_found,https://www.holl.ag/jobboerse | https://www.holl.ag/job/karlsruhe | https://www.holl.ag/job/inges-minicar-karlsruhe | https://www.holl.ag/job/taxichauffeur-baden-baden | https://www.holl.ag/job/taxi-chauffeur-gaggenau-gernsbach,,
MANN Immobilien Management GmbH,https://mann-immobilien.com/,karlsruhe_osm_15km_2251,unresolved,,,
aicas,https://www.aicas.com/,karlsruhe_osm_15km_2251,career_content_found,https://www.aicas.com/careers/,,
Ziegler & Partner,http://www.steuerkanzlei-ziegler.de/,karlsruhe_osm_15km_2251,unresolved,,,
Deluxe Gebäudemanagement,http://www.deluxe-gebaeudemanagement.de/,karlsruhe_osm_15km_2251,unresolved,,,
Coface,http://www.coface.de/,karlsruhe_osm_15km_2251,career_content_found,https://www.coface.de/ueber-uns/karriere,smartrecruiters,
Technidata,https://www.its-technidata.de/,karlsruhe_osm_15km_2251,unresolved,,,
Liede Hausverwaltung,http://www.hausverwaltung-liede.de/,karlsruhe_osm_15km_2251,unresolved,,,
LITHO-TYPE,https://www.litho-type.de/,karlsruhe_osm_15km_2251,unresolved,,,
Eisenmenger,https://www.eisenmenger-bau.de/,karlsruhe_osm_15km_2251,career_content_found,https://www.eisenmenger-bau.de/unternehmen/bauen/recruiting,,
Ingenieurbüro Struck,https://sv-struck.de/,karlsruhe_osm_15km_2251,career_content_found,https://www.sv-struck.de/karriere,,
Profimarkt König,http://www.j-koenig.de/,karlsruhe_osm_15km_2251,career_content_found,https://www.j-koenig.de/unternehmen/arbeitgeber/ | https://www.j-koenig.de/Unternehmensseiten/arbeitgeber/,,
netcup,https://www.netcup.com/,karlsruhe_osm_15km_2251,jobs_extracted,https://anexia.onlyfy.jobs/application/en/apply/ng4fwzgqr1zssskqonopi58vhuqiwbw | https://anexia.onlyfy.jobs/en/job/ng4fwzgqr1zssskqonopi58vhuqiwbw | https://www.netcup.com/en/jobs/front-office-manager-m-f-d,onlyfy | onlyfy | onlyfy | html_jobs,2
ANEXIA Deutschland GmbH,https://anexia.com/,karlsruhe_osm_15km_2251,unresolved,,,
Nationale Forschungsdateninfrastruktur,https://www.nfdi.de/,karlsruhe_osm_15km_2251,career_content_found,https://www.nfdi.de/jobs/?lang=en,,
Regierungspräsidium Karlsruhe - Abteilung 9,https://rpk.baden-wuerttemberg.de/abt9/,karlsruhe_osm_15km_2251,jobs_extracted,https://rpk.baden-wuerttemberg.de/service/seiten/stellenangebote/ | https://rpk.baden-wuerttemberg.de/das-regierungspraesidium-als-arbeitgeber/ | https://im.baden-wuerttemberg.de/de/service/karriere/berufsinformation/hoeherer-verwaltungsdienst/ | https://im.baden-wuerttemberg.de/de/service/karriere/stellenausschreibungen,html_jobs,1
Volkswohnung Servicebüro Rintheim,https://volkswohnung.de/,karlsruhe_osm_15km_2251,jobs_extracted,https://volkswohnung.de/karriere/stellenangebote/ | https://volkswohnung.de/karriere/stellenangebote/jobalert.html | https://volkswohnung.de/karriere/stellenangebote/stellenangebote.html | https://volkswohnung.de/karriere/stellenangebote/stellenangebote.html?reset_search=1 | https://volkswohnung.de/karriere/stellenangebote/Schulpraktikum-de-j408.html?sid=5f0401841ed4f420803a652e1edd4aeb,html_jobs,3
GS Sanierung,https://www.karlsruher-handwerker.de/,karlsruhe_osm_15km_2251,unresolved,,,
YellowMap AG,https://www.yellowmap.com/,karlsruhe_osm_15km_2251,career_content_found,https://www.yellowmap.com/unternehmen/karriere/,,
Steuerberatung Hanauer,https://steuerberatung-hanauer.de/,karlsruhe_osm_15km_2251,career_content_found,https://steuerberatung-hanauer.de/jobs/,,
CAS Software AG,https://www.cas.de/,karlsruhe_osm_15km_2251,unresolved,,,
Offene Werkstatt Karlsruhe,https://www.offene-werkstatt-ka.de/,karlsruhe_osm_15km_2251,unresolved,,,
Gameforge AG,http://corporate.gameforge.com/,karlsruhe_osm_15km_2251,career_content_found,https://corporate.gameforge.com/job/Karlsruhe%2C-Hybrid-Initiativbewerbung-BW-76131/1278589901/ | https://corporate.gameforge.com/job/Karlsruhe%2C-Hybrid-Sch%C3%BClerpraktikant-BW-76131/1408310233/ | https://corporate.gameforge.com/job/Karlsruhe%2C-Hybrid-Werkstudent-Business-Intelligence-KI-BW-76131/1439515133/,,
FotoFoxx,https://www.fotofoxx.com/,karlsruhe_osm_15km_2251,unresolved,,,
Volkswohnung Servicebüro Nordwest,https://volkswohnung.de/,karlsruhe_osm_15km_2251,jobs_extracted,https://volkswohnung.de/karriere/stellenangebote/ | https://volkswohnung.de/karriere/stellenangebote/jobalert.html | https://volkswohnung.de/karriere/stellenangebote/stellenangebote.html | https://volkswohnung.de/karriere/stellenangebote/stellenangebote.html?reset_search=1 | https://volkswohnung.de/karriere/stellenangebote/Schulpraktikum-de-j408.html?sid=5f0401841ed4f420803a652e1edd4aeb,html_jobs,3
UMA,http://www.uma-architecture.de/,karlsruhe_osm_15km_2251,unresolved,,,
phytonics,https://www.phytonics.com/,karlsruhe_osm_15km_2251,unresolved,,,
Marsilli,http://www.marsilli.com/,karlsruhe_osm_15km_2251,career_content_found,https://marsilli.com/about-us-careers/ | https://marsilli.com/de/stellenangebote/,,
Strippel Blechnerei GmbH,https://www.strippel-blech.de/,karlsruhe_osm_15km_2251,career_content_found,https://www.strippel-blech.de/ | https://www.strippel-blech.de/Stellenangebote.html,,
Mercedes-Benz Tech Innovation,https://www.mercedes-benz-techinnovation.com/,karlsruhe_osm_15km_2251,unresolved,,,
Zorn Rechtsanwälte,https://www.zorn-anwaelte.de/,karlsruhe_osm_15km_2251,unresolved,,,
Antweiler Zahntechnik CAD-CAM Zentrum,http://www.antweiler-zahntechnik.de/,karlsruhe_osm_15km_2251,unresolved,,,
cab,https://www.cab.de/,karlsruhe_osm_15km_2251,career_content_found,https://www.cab.de/de/unternehmen/stellenangebote/ | https://www.cab.de/de/unternehmen/stellenangebote/?ref=nav_lang | https://www.cab.de/de/unternehmen/stellenangebote/fertigung-qs/azubi-elektroniker-soemmerda/,,
Nationale Forschungsdateninfrastruktur,https://www.nfdi.de/,karlsruhe_osm_15km_2251,career_content_found,https://www.nfdi.de/jobs/?lang=en,,
Gartengestaltung und Pflege Service Thomas Thiele,https://www.thiele-gartengestaltung.de/,karlsruhe_osm_15km_2251,unresolved,,,
Gebäudereinigung Schoch,https://www.gebaeudereinigung-schoch.de/,karlsruhe_osm_15km_2251,career_content_found,https://gebaeudereinigung-schoch.de/job/0b69a063-b492-407e-92f0-814e3d97a050 | https://gebaeudereinigung-schoch.de/job/78e34a83-2ac7-4606-b805-e889bcec339c | https://gebaeudereinigung-schoch.de/job/362eee8f-3690-4a3a-9334-4f54cef8dcf2 | https://gebaeudereinigung-schoch.de/job/ec8d6d23-e8c6-4d04-bb0f-45c39b01430d | https://gebaeudereinigung-schoch.de/job/a3bd4947-b806-47a3-9294-119864e401ff,,
Rüdiger Benz,https://www.generali.de/,karlsruhe_osm_15km_2251,career_content_found,https://www.generali.de/karriere | https://www.generali.de/karriere/schueler | https://www.generali.de/karriere/schueler/jobboerse-schueler-generali | https://www.generali.de/karriere/jobboerse | https://www.generali.de/karriere/studierende,,
Körber Pharma Consulting GmbH,https://www.koerber-pharma.com/,karlsruhe_osm_15km_2251,career_content_found,https://www.koerber.com/de/karriere | https://jobs.koerber.com/job/Tokyo-Service-Engineer/1444127033/ | https://jobs.koerber.com/job/Arden-Spare-Parts-Coordinator/1444281633/ | https://jobs.koerber.com/job/Porto-SAP-FICO-Professional-%28mfd%29-OneFinance/1403012433/,,
Systec & Solutions GmbH,https://www.systec-solutions.com/de/startseite,karlsruhe_osm_15km_2251,career_content_found,https://www.systec-solutions.com/de/karriere-uebersicht | https://www.systec-solutions.com/de/karriere/unsere-werte | https://www.systec-solutions.com/en/careers/careers-overview,,
BfB Büro für Baukonstruktionen GmbH,https://www.bfb-ka.de/,karlsruhe_osm_15km_2251,jobs_extracted,https://www.bfb-ka.de/de/jobs/ | https://www.bfb-ka.de/de/jobs/de/,html_jobs,1
Foxysoft,https://www.foxysoft.de/,karlsruhe_osm_15km_2251,unresolved,,,
Technologiepark Karlsruhe GmbH,http://www.techpark.de/,karlsruhe_osm_15km_2251,career_content_found,https://www.techpark.de/der-technologiepark/unternehmen-im-tpk/stellenangebote.html | https://www.jacob.de:443/stellenangebote/ | https://www.jacob.de/stellenangebote/ | https://www.vincentsystems.de/karriere | https://www.techpark.de/der-technologiepark/unternehmen-im-tpk/stellenangebote_unternehmen/andrena-objects-ag/scrum-master-m-w.html,,
Dokuschmiede,http://www.dokuschmiede.de/,karlsruhe_osm_15km_2251,career_content_found,https://www.dokuschmiede.de/jobs | https://www.dokuschmiede.de/jobs/initiativbewerbung | https://www.dokuschmiede.de/jobs/tr-praktikanten-ka | https://www.dokuschmiede.de/jobs/dokuschmiede-vorteile | https://www.dokuschmiede.de/jobs/technischer-redakteur-m/w/d,,
NanoFocus,http://www.nanofocus.de/,karlsruhe_osm_15km_2251,unresolved,,,
Hettmannsperger,https://www.hettbohr.de/,karlsruhe_osm_15km_2251,career_content_found,https://www.hettbohr.de/stellenangebote/ | https://www.hettbohr.de/stellenangebote/Bohrhelfer-m-w-d.php | https://www.hettbohr.de/stellenangebote/Bohrgeraetefuehrer-m-w-d.php | https://www.hettbohr.de/stellenangebote/baumaschinenfuehrer-m-w-d.php,,
Seydell Garten- und Landschaftsbau,https://www.seydell-garten.de/,karlsruhe_osm_15km_2251,career_content_found,https://www.seydell-garten.de/ueber-uns/karriere/ | https://karriere.seydell-garten.de/kontakt/ | https://www.seydell-garten.de/karriere,,
Betonbohr Karlsruhe,https://www.betonbohr-karlsruhe.de/,karlsruhe_osm_15km_2251,career_content_found,https://www.betonbohr-karlsruhe.de/Stellenangebote.html,,
Projektträger Karlsruhe,https://www.ptka.kit.edu/,karlsruhe_osm_15km_2251,career_content_found,https://www.ptka.kit.edu/jobs-karriere.html | https://www.kit.edu/karriere/stellenangebote.php | https://www.kit.edu/career/jobs.php | https://www.careerservice.kit.edu/de/,,
S.A.M. Elektrotechnik,https://sam-elektrotechnik.de/,karlsruhe_osm_15km_2251,unresolved,,,
cluetec,https://www.cluetec.de/,karlsruhe_osm_15km_2251,career_content_found,https://cluetec-audit.de/karriere/ | https://cluetecgmbh.recruitee.com/o/account-manager-mwd | https://cluetecgmbh.recruitee.com/o/initiativbewerbungen-keine-zuordnung-zu-aktueller-ausschreibung | https://cluetec-audit.de/en/career/,recruitee | recruitee | recruitee,
Clausmark,https://www.clausmark.com/,karlsruhe_osm_15km_2251,career_content_found,https://career.bee360.com/careers,,
CiK Solutions,https://www.cik-solutions.com/,karlsruhe_osm_15km_2251,jobs_extracted,https://www.cik-solutions.com/jobs/ | https://www.cik-solutions.com/jobs/account-manager/,html_jobs,1
Energy4U,http://energy4u.org/,karlsruhe_osm_15km_2251,jobs_extracted,https://energy4u.org/karriere/ | https://energy4u.org/job/werkstudenten-gesucht/ | https://energy4u.org/job/sap-consultant-sap-im4g/ | https://energy4u.org/job/senior-sap-developer-m-w-d/ | https://energy4u.org/job/sales-manager-m-w-d-worldgrid/,html_jobs,9
Endosmart,https://www.endosmart.de/,karlsruhe_osm_15km_2251,unresolved,,,
ITfab,http://www.itfab.com/,karlsruhe_osm_15km_2251,unresolved,,,
Bürkert Fluid Control Systems,https://www.buerkert.de/,karlsruhe_osm_15km_2251,unresolved,,,
Werum Körber Solutions,https://www.werum.com/,karlsruhe_osm_15km_2251,unresolved,,,
Bee360,https://www.bee360.com/,karlsruhe_osm_15km_2251,jobs_extracted,https://career.bee360.com/careers,html_jobs,5
BÄKO Mittelbaden eG,http://www.baeko-mittelbaden.de/,karlsruhe_osm_15km_2251,career_content_found,https://baeko-mittelbaden.de/karriere,,
Jacob Elektronik,https://www.jacob.de/,karlsruhe_osm_15km_2251,jobs_feed_found,https://www.jacob.de/stellenangebote/ | https://www.jacob.de/stellenangebote/233406/,personio,17
dataqube,http://www.dataqube.de/,karlsruhe_osm_15km_2251,unresolved,,,
Baker Hicks,https://bakerhicks.com/,karlsruhe_osm_15km_2251,jobs_feed_found,https://bakerhicks.com/de/karriere,greenhouse,130
Qudosoft,https://www.qudosoft.de/,karlsruhe_osm_15km_2251,unresolved,,,
Steurer GmbH,https://steurer-batterien.de/,karlsruhe_osm_15km_2251,career_content_found,https://www.steurer-batterien.de/karriere/,,
JACOB Elektronik GmbH,https://jacob.de/,karlsruhe_osm_15km_2251,jobs_feed_found,https://www.jacob.de/stellenangebote/ | https://www.jacob.de/stellenangebote/233406/,personio,17
Neon Elan,http://www.neon-elan.de/,karlsruhe_osm_15km_2251,unresolved,,,
Deutsche Post Direkt Marketing Center,https://www.direktmarketingcenter.de/karlsruhe.html,karlsruhe_osm_15km_2251,unresolved,,,
Büro Kleingartenverein Weiherfeld e.V.,https://kgv-weiherfeld.de/,karlsruhe_osm_15km_2251,unresolved,,,
Strippel,https://www.strippel-dach.de/,karlsruhe_osm_15km_2251,career_content_found,https://www.strippel-dach.de/ | https://www.strippel-dach.de/Stellenangebote.html,,
Metalle in Form,https://www.metalle-in-form.com/,karlsruhe_osm_15km_2251,career_content_found,https://www.karriere.polyrack.com/ | https://www.karriere.polyrack.com/jobs | https://www.karriere.polyrack.com/job/schweisser-m-w-d | https://www.karriere.polyrack.com/job/mechaniker-m-w-d | https://www.karriere.polyrack.com/job/qualitatsmanager-m-w-d,,
Leinweber Holzbau,https://www.leinweber-holzbau.de/,karlsruhe_osm_15km_2251,unresolved,,,
Barmenia Versicherung - Andreea Juncu,https://agentur.barmenia.de/andreea_juncu,karlsruhe_osm_15km_2251,unresolved,,,
Stratec,https://www.stratec.com/,karlsruhe_osm_15km_2251,career_content_found,https://www.stratec.com/career/germany/jobs | https://jobs.stratec.com/job/INITIATIV-%28MWD%29/610-de_DE/ | https://www.stratec.com/career/austria/jobs | https://www.stratec.com/career/romania/jobs,,
Löwenstein Medical Technology,https://loewensteinmedical.com/,karlsruhe_osm_15km_2251,jobs_extracted,https://loewensteinmedical.com/de-de/karriere/stellenangebote/,html_jobs,4
Brugger,https://www.schreinerei-brugger-karlsruhe.de/,karlsruhe_osm_15km_2251,unresolved,,,
Sick Vertriebs GmbH,https://www.sick.com/,karlsruhe_osm_15km_2251,unresolved,,,
Raisch Gerüstbau,http://www.raisch-geruestbau.de/,karlsruhe_osm_15km_2251,unresolved,,,
Sick AG,https://www.sick.com/,karlsruhe_osm_15km_2251,unresolved,,,
dr. haasters & partner GmbH,https://www.drhaasters.net/,karlsruhe_osm_15km_2251,unresolved,,,
JETA,https://www.gartenbau-jeta.de/,karlsruhe_osm_15km_2251,unresolved,,,
Schleith,http://www.schleith.de/,karlsruhe_osm_15km_2251,jobs_extracted,https://www.schleith.de/karriere/jobs | https://www.schleith.de/karriere/student | https://www.schleith.de/karriere/arbeiten-bei-schleith,html_jobs,1
Communal-FM,https://communal-fm.de/,karlsruhe_osm_15km_2251,career_content_found,https://communal-fm.de/unternehmen/karriere/ | https://communal-fm.de/job/bauzeichner-junior-architekt-m-w-d/ | https://communal-fm.de/job/cafm-entwickler-m-w-d/,,
WooMedia,https://www.woomedia.de/,karlsruhe_osm_15km_2251,career_content_found,https://www.woomedia.de/jobs,,
Thermo Fisher Scientific,http://www.thermofisher.com/,karlsruhe_osm_15km_2251,career_content_found,https://jobs.thermofisher.com/global/en/c/other-jobs | https://jobs.thermofisher.com/global/en/c/finance-jobs | https://jobs.thermofisher.com/global/en/c/corporate-jobs,,
InnoEnergy,http://www.innoenergy.com/,karlsruhe_osm_15km_2251,career_content_found,https://innoenergy.com/news-resources/5-ways-in-which-eit-innoenergy-connects-you-with-the-best-energy-career-opportunities-in-europe/,,
PDTec,https://www.pdtec.de/,karlsruhe_osm_15km_2251,unresolved,,,
Haustechnik Jäger,https://www.jaeger-haustechnik.de/,karlsruhe_osm_15km_2251,career_content_found,https://www.jaeger-haustechnik.de/karriere/ausbildung-und-praktikum/ | https://www.jaeger-haustechnik.de/karriere/ausbildung-und-praktikum/?s=,,
scdsoft Software Consulting & Development,http://www.scdsoft.de/,karlsruhe_osm_15km_2251,jobs_extracted,https://www.scdsoft.de/jobs/ | https://www.scdsoft.de/en/jobs/ | https://www.scdsoft.de/jobs/abschlussarbeit/ | https://www.scdsoft.de/jobs/sap-hcm-senior-developer/ | https://www.scdsoft.de/jobs/senior-sap-hcm-consultant/,html_jobs,3
Andrena Objects,https://www.andrena.de/,karlsruhe_osm_15km_2251,career_content_found,https://www.andrena.de/karriere | https://andrena.softgarden.io/de/widgets/jobs?config=eyJzaG93Sm9iTGlzdCI6eyJhdWRpZW5jZSI6dHJ1ZSwiam9iY2F0ZWdvcnkiOnRydWUsIlByb2plY3RHZW9Mb2NhdGlvbkNpdHkiOnRydWUsInNob3dEYXRlSW5Gcm9udGVuZCI6dHJ1ZX0sInNob3dGaWx0ZXIiOnsiYXVkaWVuY2UiOnRydWUsImpvYmNhdGVnb3J5Ijp0cnVlLCJQcm9qZWN0R2VvTG9jYXRpb25DaXR5Ijp0cnVlfSwicHJlZmlsbEZpbHRlciI6eyJhdWRpZW5jZSI6IiIsImpvYmNhdGVnb3J5IjoiIiwiUHJvamVjdEdlb0xvY2F0aW9uQ2l0eSI6IiIsIlByb2plY3RHZW9Mb2NhdGlvbkNpdHlSYWRpdXMiOiIyNSJ9LCJudW1iZXJPZkpvYnMiOjEwfQ%3D%3D | https://www.andrena.de/karriere/ueber-uns | https://www.andrena.de/karriere/arbeiten-bei-andrena,softgarden | softgarden | softgarden,
Kleingärtnerverein Pulverhausstraße e.V.,https://www.kgv-pulverhausstrasse.de/,karlsruhe_osm_15km_2251,unresolved,,,
Alpenchalets Touristik GmbH,https://alpenchalets.com/,karlsruhe_osm_15km_2251,unresolved,,,
Frenell,https://www.frenell.de/,karlsruhe_osm_15km_2251,unresolved,,,
Druckerei Butz & Bürker,https://www.butz-buerker.de/,karlsruhe_osm_15km_2251,unresolved,,,
Graf,https://www.graf-heizung.de/,karlsruhe_osm_15km_2251,unresolved,,,
Destillerie Kammer-Kirsch Verkauf,https://www.kammer-kirsch.de/kontakt/,karlsruhe_osm_15km_2251,unresolved,,,
konecranes,https://www.konecranes.com/,karlsruhe_osm_15km_2251,career_content_found,https://konecranes.careers/job/light-lifting-lle-sales-remote-in-springfield-ohio-united-states-jid-3368 | https://konecranes.careers/job/agreement-sales-representative-boston-ma-in-boston-massachusetts-united-states-jid-3369 | https://konecranes.careers/job/industrial-technician-fayetteville-nc-in-fayetteville-north-carolina-united-states-jid-3014 | https://konecranes.careers/job/lle-solutions-sales-lead-remote-in-springfield-ohio-united-states-jid-3348,,
Müller,https://mueller-maler-ausbau.de/,karlsruhe_osm_15km_2251,career_content_found,https://mueller-maler-ausbau.de/jobs.html,,
Linder,https://www.kbl-ka.de/,karlsruhe_osm_15km_2251,unresolved,,,
Felzmann,https://www.felzmann.dental/,karlsruhe_osm_15km_2251,unresolved,,,
enventa,https://www.enventa-group.com/,karlsruhe_osm_15km_2251,jobs_feed_found,https://enventa.career.softgarden.de/,softgarden | softgarden | schema_org,0
Vorsorge-Center Ruhnke & Berger GmbH,https://www.wuerttembergische.de/,karlsruhe_osm_15km_2251,career_content_found,https://www.wuerttembergische.de/ueber-uns/karriere/ | https://www.ww-ag.com/de/karriere | https://www.ww-ag.com/de/karriere/stellenangebote | https://www.ww-ag.com/de/karriere/wuerttembergische,successfactors,
Architekturbüro Philipp Kern,http://www.abpk.de/,karlsruhe_osm_15km_2251,unresolved,,,
Atruvia Campus,https://atruvia.de/,karlsruhe_osm_15km_2251,jobs_extracted,https://atruvia.de/karriere | https://karriere.atruvia.de/ | https://atruvia.de/arbeitgeber-awards | https://karriere.atruvia.de/studierende/,html_jobs,1
Bajer,https://bajer-sanierung.de/,karlsruhe_osm_15km_2251,career_content_found,https://bajer-sanierung.de/jobs.html | https://bajer-sanierung.de/jobs/detail/14-09-2022-schadstoff-sanierungsfacharbeiter-mwd-karlsruhe-bajer-bau-und-schadstoffsanierung-gmbh-16043.html | https://bajer-sanierung.de/jobs/detail/14-09-2022-hilfskraft-im-schadstoff-und-sanierungsbereich-mwd-karlsruhe-bajer-bau-und-schadstoffsanierung-gmbh-16042.html,,
Volkswohnung Servicebüro Oberreut,https://volkswohnung.de/,karlsruhe_osm_15km_2251,jobs_extracted,https://volkswohnung.de/karriere/stellenangebote/ | https://volkswohnung.de/karriere/stellenangebote/jobalert.html | https://volkswohnung.de/karriere/stellenangebote/stellenangebote.html | https://volkswohnung.de/karriere/stellenangebote/stellenangebote.html?reset_search=1 | https://volkswohnung.de/karriere/stellenangebote/Schulpraktikum-de-j408.html?sid=5f0401841ed4f420803a652e1edd4aeb,html_jobs,3
Auto Böhler,https://www.auto-boehler.de/,karlsruhe_osm_15km_2251,career_content_found,https://auto-boehler.de/stellenangebote/,,
Birkle,https://www.birkle-gmbh.de/,karlsruhe_osm_15km_2251,unresolved,,,
Euroflow,https://www.euroflow.de/,karlsruhe_osm_15km_2251,career_content_found,https://shop.euroflow.de/pages/karriere | https://www.euroflow.de/karriere/,,
WurzelWerk Seelsorge und Beratung,https://wurzelwerk-beratung.de/,karlsruhe_osm_15km_2251,unresolved,,,
C. R. Bard GmbH,http://www.bard.de/,karlsruhe_osm_15km_2251,unresolved,,,
WISAG,https://www.wisag.de/standorte/karlsruhe/,karlsruhe_osm_15km_2251,unresolved,,,
Heß,http://www.hess-installateur.de/,karlsruhe_osm_15km_2251,unresolved,,,
Sun Logistik Service GmbH,http://www.4px-germany.de/,karlsruhe_osm_15km_2251,unresolved,,,
Müller Kälte & Klima,https://www.mueller-klima.de/,karlsruhe_osm_15km_2251,career_content_found,https://www.mueller-klima.de/jobs,,
Lenkert Hörrmann,https://www.lenkert-hoerrmann.de/,karlsruhe_osm_15km_2251,unresolved,,,
solute GmbH,https://www.solute.de/,karlsruhe_osm_15km_2251,career_content_found,https://karriere.solute.de/ | https://karriere.solute.de/stellenangebote.html | https://karriere.solute.de/stellenangebote.html?reset_search=1 | https://www.solute.de/ger/Karriere/dein-start-und-benefits.php | https://www.solute.de/eng/careers/your-start-and-benefits.php,,
Bürgerverein Mühlburg,https://www.bv-muehlburg.de/,karlsruhe_osm_15km_2251,unresolved,,,
Roth Kälteanlagen GmbH,https://roth-kaelte.de/,karlsruhe_osm_15km_2251,career_content_found,https://roth-kaelte.de/jobs/,,
Kanzlei Rastätter,https://www.kanzlei-rastaetter.de/,karlsruhe_osm_15km_2251,unresolved,,,
FREQUENTIS COMSOFT,https://www.frequentis-comsoft.com/,karlsruhe_osm_15km_2251,unresolved,,,
Dachdeckerbetrieb Stolzenburg GmbH,https://www.stolzenburg-dach.de/,karlsruhe_osm_15km_2251,unresolved,,,
smetex,https://www.smetex.de/,karlsruhe_osm_15km_2251,career_content_found,https://www.smetex.de/jobs | https://www.arbeitsagentur.de/jobsuche/suche?angebotsart=1&kundennummer=LjGSI4V1PREcCOvqVrZG1HnQADv3pHEymQLAzGPznY0%3D__del__smetex%20GmbH&suchbereich=jobs,,
Zulassungsdienst Haden,https://www.zulassungsdienst-haden.de/,karlsruhe_osm_15km_2251,unresolved,,,
nübold architekten,https://www.nuebold.de/,karlsruhe_osm_15km_2251,career_content_found,https://www.nuebold.de/job-anlegen/,,
Geschäftsstelle Sportgemeinschaft Karlsruhe e.V.,https://www.sg-ka.de/,karlsruhe_osm_15km_2251,unresolved,,,
Wetax Steuerberatung,https://www.wetax-karlsruhe.de/,karlsruhe_osm_15km_2251,unresolved,,,
IHK-Bildungszentrum Karlsruhe,https://www.ihk-biz.de/,karlsruhe_osm_15km_2251,career_content_found,https://www.ihk-biz.de/ueber-uns/jobs/,,
Frei Schnauze,https://freischnauze-seminarium.jimdo.com/,karlsruhe_osm_15km_2251,unresolved,,,
car inside,https://www.car-inside.com/,karlsruhe_osm_15km_2251,career_content_found,https://www.car-inside.com/Jobs_Karriere.html,,
Ingenieurbüro Willert GmbH,https://willert-ib.de/,karlsruhe_osm_15km_2251,unresolved,,,
hbm,https://hbm-partner.de/,karlsruhe_osm_15km_2251,jobs_feed_found,,personio,11
ingenieurteam GmbH,https://www.ingenieurteamgmbh.de/,karlsruhe_osm_15km_2251,unresolved,,,
Synergie Personal Deutschland GmbH,https://synergie.de/standorte/zentrale-karlsruhe/,karlsruhe_osm_15km_2251,career_content_found,https://synergie.de/bewerber/karriere-intern/ | https://synergie.de/en/bewerber/karriere-intern/ | https://synergie.de/en/bewerber/aktuelle-stellen/ | https://synergie.de/fr/bewerber/karriere-intern/,,
Concordia Versicherungen Vertriebsdirektion,https://www.concordia.de/newsroom/vertriebsdirektionen/karlsruhe/,karlsruhe_osm_15km_2251,jobs_extracted,https://www.concordia.de/karriere/stellenangebote/ | https://www.concordia.de/karriere/stellenangebote/stellenangebot/?tx_digitlyjobs_jobs%5Baction%5D=show&tx_digitlyjobs_jobs%5Bjob%5D=872&cHash=0c480906e1f4a00158beaf0bad416431 | https://www.concordia.de/karriere/stellenangebote/stellenangebot/?tx_digitlyjobs_jobs%5Baction%5D=show&tx_digitlyjobs_jobs%5Bjob%5D=873&cHash=ac39cc3d8a04e5c7fca0de843c81ab28 | https://www.concordia.de/karriere/stellenangebote/stellenangebot/?tx_digitlyjobs_jobs%5Baction%5D=show&tx_digitlyjobs_jobs%5Bjob%5D=877&cHash=7dfd1938e9587c9988c9374c494c0cfb | https://www.concordia.de/karriere/stellenangebote/stellenangebot/?tx_digitlyjobs_jobs%5Baction%5D=show&tx_digitlyjobs_jobs%5Bjob%5D=878&cHash=54372f5241378360b863ec6b7a3fbc35,html_jobs,22
Hosting Solutions,https://host-sol.com/,karlsruhe_osm_15km_2251,career_content_found,https://itesys.expert/karriere/jobs/ | https://itesys.expert/karriere/ | https://itesys.expert/en/career/ | https://itesys.expert/en/career/jobs/,,
Paseo Marketing GmbH,https://www.paseo-marketing.de/,karlsruhe_osm_15km_2251,career_content_found,https://www.paseo-marketing.de/online-agentur/jobs/ | https://www.paseo-marketing.de/en/online-agentur/jobs/,,
UKBW Akademie,https://akademie.ukbw.de/,karlsruhe_osm_15km_2251,jobs_extracted,https://www.ukbw.de/karriere | https://www.ukbw.de/karriere/stellenuebersicht | https://karriere.ukbw.de/stellenangebot-formular.html?yid=11 | https://karriere.ukbw.de/stellenangebote.html | https://www.ukbw.de/karriere/ausbildung-und-studium,html_jobs,1
Michael Roth Elektrische Anlagen,https://www.michael-roth-elektro.de/,karlsruhe_osm_15km_2251,unresolved,,,
OPVengineering,http://opvengineering.de/,karlsruhe_osm_15km_2251,unresolved,,,
Geschäftsstelle,https://spvgg-durlach-aue.de/geschaftsstaelle/,karlsruhe_osm_15km_2251,unresolved,,,
s.a.x,https://saxsoft.de/,karlsruhe_osm_15km_2251,unresolved,,,
IT-Choice,https://www.it-choice.de/,karlsruhe_osm_15km_2251,career_content_found,https://www.it-choice.de/karriere/ | https://www.it-choice.de/en/careers/,smartrecruiters | smartrecruiters | smartrecruiters,
Bankai,https://www.bankai.de/,karlsruhe_osm_15km_2251,unresolved,,,
Softec,https://www.softec.de/,karlsruhe_osm_15km_2251,career_content_found,https://www.softec.de/karriere/,,
Staatliche Schlösser und Gärten,https://www.schloesser-und-gaerten.de/,karlsruhe_osm_15km_2251,career_content_found,https://www.schloesser-und-gaerten.de/wir-ueber-uns/karriere,,
Fraunhofer-Institut für System- und Innovationsforschung ISI,http://www.isi.fraunhofer.de/,karlsruhe_osm_15km_2251,career_content_found,https://www.isi.fraunhofer.de/de/karriere.html | https://www.isi.fraunhofer.de/de/karriere/alumni.html | https://www.isi.fraunhofer.de/de/karriere/dok-programm.html | https://www.isi.fraunhofer.de/de/karriere/fraunhofer-familien-logo.html,,
Barmenia Versicherung,https://agentur.barmenia.de/karlsruhe,karlsruhe_osm_15km_2251,unresolved,,,
Spell,https://www.spell-gmbh.com/,karlsruhe_osm_15km_2251,unresolved,,,
CenaCom,https://cenacom.com/,karlsruhe_osm_15km_2251,career_content_found,https://cenacom.com/en/gueteverfahren-zwischen-betriebsrat-und-arbeitgeber/,,
Boltze Recht,https://boltze-recht.com/,karlsruhe_osm_15km_2251,career_content_found,https://bisonpliance.com/karriere/ | https://bisonpliance.com/en/careers/,,
ABM,https://www.abm-projekt.de/,karlsruhe_osm_15km_2251,career_content_found,https://www.abm-projekt.de/karriere,,
FIBA ImmoHyp,https://fiba-kredit.de/Karlsruhe.html,karlsruhe_osm_15km_2251,career_content_found,https://fiba-kredit.de/Karriere.html,,
OVOL,https://ovol.de/,karlsruhe_osm_15km_2251,career_content_found,https://ovol-karriere.de/jobs | https://ovol-karriere.de/ovol-als-arbeitgeber,,
ARAG,https://www.arag-partner.de/gst-karlsruhe/,karlsruhe_osm_15km_2251,unresolved,,,
Collin Weber,https://www.packaging-partner.de/,karlsruhe_osm_15km_2251,unresolved,,,
Zollfahndungsamt Stuttgart - Dienstsitz Karlsruhe,https://www.zoll.de/,karlsruhe_osm_15km_2251,career_content_found,https://www.zoll-karriere.de/Karriere/Home/home_node.html | https://www.zoll-karriere.de/SiteGlobals/Forms/Karriere/Stellenangebote/Stellenangebote_Formular.html | https://www.zoll-karriere.de/SiteGlobals/Forms/Karriere/Stellenangebote/Stellenangebote_Formular.html?resultsPerPage=10 | https://www.zoll-karriere.de/SiteGlobals/Forms/Karriere/Stellenangebote/Stellenangebote_Formular.html?resultsPerPage=20,,
Hust Immobilien,https://hust-immobilien.de/,karlsruhe_osm_15km_2251,unresolved,,,
Altus,https://www.altus-re.de/,karlsruhe_osm_15km_2251,career_content_found,https://www.altus-re.de/karriere/jobs-benefits/ | https://www.altus-re.de/stellenanzeige/bauzeichner-in-der-bautechnik/ | https://www.altus-re.de/karriere/faq-karriere/,,
Zwischenlager,https://www.zwischenlager.net/,karlsruhe_osm_15km_2251,unresolved,,,
wat Ingenieurgesellschaft,https://www.wat-ingenieurgesellschaft-2020.com/,karlsruhe_osm_15km_2251,unresolved,,,
Reif Sanitärservice GmbH,https://www.reif-sanitaer-karlsruhe.de/,karlsruhe_osm_15km_2251,career_content_found,https://www.reif-sanitaer-karlsruhe.de/stellenangebote,,
Kieback&Peter,https://www.kieback-peter.com/de/,karlsruhe_osm_15km_2251,jobs_extracted,https://www.kieback-peter.com/de/karriere/stellenangebote/ | https://www.kieback-peter.com/de/karriere/stellenangebote/job/mitarbeiter-mwd-technischer-vertriebsinnendienst-trier-1-002108/ | https://www.kieback-peter.com/de/karriere/stellenangebote/job/referent-mwd-qualitaets-prozess-und-auditmanagement-berlin-1-002109/ | https://www.kieback-peter.com/de/karriere/stellenangebote/job/vertriebsingenieur-mwd-gebaeudeautomation-msr-technik-merzig-1-002107/ | https://www.kieback-peter.com/de/karriere/stellenangebote/job/vertriebsingenieur-mwd-gebaeudeautomation-msr-technik-saarlious-1-002106/,html_jobs,2
polygon,https://www.polygongroup.com/,karlsruhe_osm_15km_2251,jobs_extracted,https://www.polygongroup.com/about-us/career/ | https://www.polygongroup.com/da-dk/Job/ledige-stillinger/erp/,html_jobs,1
Badenia,https://www.badenia.de/,karlsruhe_osm_15km_2251,career_content_found,https://www.badenia.de/ueber-badenia/karriere/ | https://www.generali.de/karriere | https://www.generali.de/karriere/jobboerse | https://www.generali.de/karriere/schueler/ausbildung/ausbildung-bankkaufmann | https://www.generali.de/karriere/schueler/ausbildungsintegriertes-duales-studium/bwl-bank,,
TEAM - PACK GmbH,http://www.team-pack.de/,karlsruhe_osm_15km_2251,unresolved,,,
Rosenbauer,https://www.rosenbauer.com/de/ca/group/unternehmen/standorte/produktionsgesellschaften-und-standorte/werk-karlsruhe,karlsruhe_osm_15km_2251,career_content_found,https://www.rosenbauer.com/de/karriere/jobs | https://www.rosenbauer.com/en/careers/jobs | https://www.rosenbauer.com/de/karriere/jobs?p=1 | https://www.rosenbauer.com/de/karriere/jobs?p=2 | https://www.rosenbauer.com/de/karriere/jobs?p=3,,
Mosaik Versicherungs-Konzepte,https://mosaik-online.eu/,karlsruhe_osm_15km_2251,career_content_found,https://www.mosaik-online.eu/2016/02/03/vom-arbeitgeber-ins-ausland-entsendet-besteht-unfallschutz/,,
Merkle & Partner Steuerberater,https://www.merkle-steuerberater.de/,karlsruhe_osm_15km_2251,unresolved,,,
Katholisches Pfarrbüro St. Thomas Morus,https://kath-ka-suedwest.de/pfarrbueros/detail/ort/id/39676-pfarrbuero-st-thomas-morus-oberreut/?cb-id=12295608,karlsruhe_osm_15km_2251,unresolved,,,
Evangelische Versöhnungsgemeinde,https://www.versoehnungsgemeinde-karlsruhe.de/,karlsruhe_osm_15km_2251,unresolved,,,
Schmal Fotografie,https://schmal-fotografie.jimdofree.com/,karlsruhe_osm_15km_2251,unresolved,,,
Holler Druck,https://holler-druck.de/,karlsruhe_osm_15km_2251,unresolved,,,
Mehrwerk,https://www.mehrwerk-ag.de/,karlsruhe_osm_15km_2251,unresolved,,,
ALTEN GmbH,https://de.alten.com/,karlsruhe_osm_15km_2251,unresolved,,,
Dr. Dickgießer Assekuranz - Makler OHG,http://www.iat.de/,karlsruhe_osm_15km_2251,unresolved,,,
HPC Das Ingenieurunternehmen,https://www.hpc.ag/de/standorte/?city=Karlsruhe,karlsruhe_osm_15km_2251,career_content_found,https://gingerhpc.at/job/projektleitung-siedlungswasserbau-m-w-d/ | https://gingerhpc.at/job/techniker-tiefbau-verkehrswegebau-m-w-d/ | https://gingerhpc.at/job/projektleitung-verkehrswegebau-tiefbau-m-w-d/ | https://gingerhpc.at/job/techniker-tiefbau-fuer-infrastrukturplanungen-m-w-d/,,
ITUS Insurance Broker,http://www.itusgmbh.com/,karlsruhe_osm_15km_2251,career_content_found,https://jobs.mrh-trowe.com/ | https://jobs.mrh-trowe.com/stellenangebote.html | https://jobs.mrh-trowe.com/jobalert.html,,
Badischer Leichtathletik-Verband e.V.,http://www.blv-online.de/,karlsruhe_osm_15km_2251,career_content_found,https://www.blv-online.de/verband/stellenangebote-1,,
CCS Service,http://www.ccs-service.com/,karlsruhe_osm_15km_2251,unresolved,,,
Volkswohnung Servicebüro Waldstadt,https://volkswohnung.de/,karlsruhe_osm_15km_2251,jobs_extracted,https://volkswohnung.de/karriere/stellenangebote/ | https://volkswohnung.de/karriere/stellenangebote/jobalert.html | https://volkswohnung.de/karriere/stellenangebote/stellenangebote.html | https://volkswohnung.de/karriere/stellenangebote/stellenangebote.html?reset_search=1 | https://volkswohnung.de/karriere/stellenangebote/Schulpraktikum-de-j408.html?sid=9e3a4d72504624d451ffdf3056764bda,html_jobs,3
Badischer Sportbund e.V.,http://www.badischer-sportbund.de/,karlsruhe_osm_15km_2251,unresolved,,,
IDEAL,https://www.ideal-sicherheit.de/,karlsruhe_osm_15km_2251,career_content_found,https://www.ideal-sicherheit.de/karriere,,
InterConnect,https://www.interconnect.de/,karlsruhe_osm_15km_2251,career_content_found,https://www.interconnect.de/Karriere/ | https://www.interconnect.de/karriere/,,
WOLFSRUDEL Kreativagentur,https://www.wolfsrudel-kreativagentur.com/,karlsruhe_osm_15km_2251,jobs_extracted,https://www.wolfsrudel-kreativagentur.com/jobs/,html_jobs,1
bibo Tragwerksplanung GmbH,https://www.bibo-tragwerksplanung.de/,karlsruhe_osm_15km_2251,career_content_found,https://bibo-tragwerksplanung.de/stellenangebot.html,,
Finanzamt Karlsruhe-Durlach Außenstelle Killisfeldstr.,https://finanzamt-bw.fv-bwl.de/fa_kadurlach,karlsruhe_osm_15km_2251,career_content_found,"https://finanzamt-bw.fv-bwl.de/,Lde/Startseite/Karriere | https://finanzamt-bw.fv-bwl.de/,Lde/Startseite/Karriere/Stellenausschreibungen | https://finanzamt-bw.fv-bwl.de/,Len/Home+page/Career | https://finanzamt-bw.fv-bwl.de/,Len/Home+page/Career/Job+advertisements",,
Technologiezentrum Wasser,http://www.tzw.de/,karlsruhe_osm_15km_2251,career_content_found,https://tzw.de/karriere | https://tzw.de/keine-stellenangebote | https://tzw.de/karriere/stellenangebote/detail/fuer-studierende | https://tzw.de/en/careers/vacancies/detail/fuer-studierende | https://tzw.de/karriere/stellenangebote/detail/technischer-mitarbeiter-produktpruefung-armaturen-m-w-d,,
Miedel & Dirr Steuerberatungsgesellschaft,https://www.miedel-dirr.de/,karlsruhe_osm_15km_2251,career_content_found,https://www.miedel-dirr.de/karriere/,,
Barmenia Versicherung,https://agentur.barmenia.de/sven_gross,karlsruhe_osm_15km_2251,unresolved,,,
Die Fotofabrik,https://www.ff-studio.de/,karlsruhe_osm_15km_2251,unresolved,,,
Glockengießerei Bachert,https://www.bachert-glocken.de/,karlsruhe_osm_15km_2251,unresolved,,,
Gemeindebüro Evangelische Emmausgemeinde Karlsruhe,https://emmausgemeinde-karlsruhe.de/,karlsruhe_osm_15km_2251,unresolved,,,
Elektro Jüngert,https://www.elektro-juengert.de/,karlsruhe_osm_15km_2251,unresolved,,,
Andrea Bahm Steuerberaterin,https://www.steuerberater-bahm.de/,karlsruhe_osm_15km_2251,unresolved,,,
S&O GmbH,https://s-und-o.de/,karlsruhe_osm_15km_2251,unresolved,,,
I.d.E,https://www.ide-trainingsinstitut.de/,karlsruhe_osm_15km_2251,career_content_found,https://www.ide-trainingsinstitut.de/stellenangebote/ | https://www.ide-trainingsinstitut.de/stellenangebote/kontakt/ | https://www.ide-trainingsinstitut.de/stellenangebote/kontakt/anfahrt/,,
iws,https://www.ibws-gmbh.de/,karlsruhe_osm_15km_2251,unresolved,,,
Revohaus Gebäudesanierung,https://www.revohaus-sanierung.de/,karlsruhe_osm_15km_2251,unresolved,,,
Meder Raumausstattung,https://raumausstattung-meder.de/,karlsruhe_osm_15km_2251,unresolved,,,
Ulrich Kunststofftechnik,https://www.ulrich-kunststofftechnik.com/,karlsruhe_osm_15km_2251,unresolved,,,
Rock Shop,https://rockshop.de/,karlsruhe_osm_15km_2251,unresolved,,,
Musikverlag Wilhelm Halter GmbH,https://halter.de/,karlsruhe_osm_15km_2251,unresolved,,,
Steuerberatung Weigel,https://steuerberatung-weigel.de/,karlsruhe_osm_15km_2251,unresolved,,,
Spie,http://www.spie-de.com/,karlsruhe_osm_15km_2251,unresolved,,,
Leonhard Weiss Bauunternehmung,http://www.leonhard-weiss.de/,karlsruhe_osm_15km_2251,career_content_found,https://www.leonhard-weiss.jobs/ | https://www.leonhard-weiss.de/karriere | https://www.leonhard-weiss.de/karriere/attraktiver-arbeitgeber | https://www.leonhard-weiss.jobs/professionals | https://www.leonhard-weiss.de/en/career,,
Connexity,http://connexity.com/,karlsruhe_osm_15km_2251,unresolved,,,
Hans Huber Grabmale,https://grabmale-huber.de/,karlsruhe_osm_15km_2251,unresolved,,,
Hangen,http://jhb-hangen.de/,karlsruhe_osm_15km_2251,unresolved,,,
Lumi Bau,https://www.lumi-karlsruhe.de/,karlsruhe_osm_15km_2251,unresolved,,,
Büchele Lufttechnik,https://www.buechele-lufttechnik.de/,karlsruhe_osm_15km_2251,career_content_found,https://www.buechele-lufttechnik.de/jobs/stellenangebote/ | https://www.buechele-lufttechnik.de/jobs/ | https://www.buechele-lufttechnik.de/jobs/ausbildung/,,
Innenausbau und Schreinerei,http://www.schreinerei-kuppinger.de/,karlsruhe_osm_15km_2251,unresolved,,,
Biochem,https://www.biochem.de/,karlsruhe_osm_15km_2251,career_content_found,https://www.biochem.de/jobs/ | https://www.biochem.de/job/initiativbewerbung/ | https://www.biochem.de/job/auszubildenden-m-w-d-chemielaborant/ | https://www.biochem.de/job/auszubildenden-m-w-d-biologielaborant/ | https://www.biochem.de/job/labormitarbeiter-m-w-d-mikrobiologie-kennziffer-bc2026-01/,,
MVZ Labor Diagnostik Karlsruhe GmbH,https://www.labor-karlsruhe.de/,karlsruhe_osm_15km_2251,unresolved,,,
Balcke Dürr,https://www.balcke-duerr.com/,karlsruhe_osm_15km_2251,ats_identified,,recruitee | recruitee | recruitee,
Call a Trucker,https://www.callatrucker.de/unsere-standorte/karlsruhe/,karlsruhe_osm_15km_2251,unresolved,,,
Swiss Life Select,https://www.swisslife-select.de/content/vor-ort/michael-bofinger/de/home.html,karlsruhe_osm_15km_2251,unresolved,,,
"Hauptzollamt Karlsruhe, Zollamt Karlsruhe",https://www.zoll.de/SharedDocs/Dienststellen/DE/1_DSSD_Importer/Hauptzollamt/HZA_Karlsruhe/ZA/ZA_Karlsruhe_5880/ZA_Karlsruhe_5880.html,karlsruhe_osm_15km_2251,jobs_extracted,https://www.zoll.de/DE/Karriere/karriere_node.html | https://www.zoll-karriere.de/Karriere/Home/home_node.html,html_jobs,1
EMT,https://emt-metallbau.de/,karlsruhe_osm_15km_2251,unresolved,,,
Zenkner,https://www.zenkner-sanitaer.com/,karlsruhe_osm_15km_2251,career_content_found,https://www.zenkner-sanitaer.com/karriere/ | https://www.zenkner-sanitaer.com/karriere,,
Lancom Systems,https://www.lancom-systems.de/,karlsruhe_osm_15km_2251,career_content_found,https://www.lancom-jobs.de/stellenangebote.html | https://rs-nc.rohde-schwarz.com/de/unternehmen/karriere | https://rs-nc.rohde-schwarz.com/de/unternehmen/karriere/cloud-entwicklung,,
MomentumNow | Research & Consulting,https://www.momentumnow.de/,karlsruhe_osm_15km_2251,unresolved,,,
Doldt,https://maler-doldt.de/,karlsruhe_osm_15km_2251,career_content_found,https://maler-doldt.de/karriere | https://maler-doldt.de/karriere/stellenangebot-maler-lackierer,,
Neon Martin,https://www.neon-martin.de/,karlsruhe_osm_15km_2251,unresolved,,,
Infokom,https://www.infokom-it.de/,karlsruhe_osm_15km_2251,career_content_found,https://www.infokom-it.de/karriere,,
EUROBAUSTOFF,https://www.eurobaustoff.com/,karlsruhe_osm_15km_2251,career_content_found,https://www.eurobaustoff.com/de/karriere/unsere-stellenangebote/ | https://www.eurobaustoff.com/en/careers/our-vacancies/ | https://www.eurobaustoff.com/de/karriere/ | https://www.eurobaustoff.com/de/karriere/unsere-highlights/ | https://www.eurobaustoff.com/de/karriere/unsere-ansprechpartner/,,
Hoffmann,https://www.hoffmann-umzuege.de/,karlsruhe_osm_15km_2251,unresolved,,,
Timo Borrmann,https://www.timo-borrmann.de/,karlsruhe_osm_15km_2251,unresolved,,,
HEWI,https://hewi-fugen.de/,karlsruhe_osm_15km_2251,career_content_found,https://hewi-fugen.de/Stellenangebote_Jobs.html,,
Ariadne,https://verlagvonloeper.ariadne.de/,karlsruhe_osm_15km_2251,unresolved,,,
IB Elektronik,http://www.i-b-gmbh.de/,karlsruhe_osm_15km_2251,unresolved,,,
Gartenbauverband Baden-Württemberg-Hessen e.V. - Geschäftsstelle Karlsruhe,https://www.gvbwh.de/,karlsruhe_osm_15km_2251,unresolved,,,
eitieCloud,https://eitiecloud.de/,karlsruhe_osm_15km_2251,career_content_found,https://eitiecloud.de/karriere/ | https://eitiecloud.de/category/jobs/,,
Allianz,https://vertretung.allianz.de/uwe.keim/,karlsruhe_osm_15km_2251,unresolved,,,
Büge Fliesenverlegung,https://www.buegefliesen.de/,karlsruhe_osm_15km_2251,unresolved,,,
Maler Zorn,https://www.malerzorn.de/,karlsruhe_osm_15km_2251,career_content_found,https://www.maler-zorn.de/jobs,,
DER Business Travel Center Karlsruhe,https://www.derbusinesstravel.com/,karlsruhe_osm_15km_2251,unresolved,,,
Brewgreen Engineering,https://brewgreen-engineering.de/,karlsruhe_osm_15km_2251,unresolved,,,
ascent AG,https://www.ascent.de/,karlsruhe_osm_15km_2251,career_content_found,https://www.ascent.de/ag/karriere | https://www.ascent.de/ag/karriere/vorteile,,
e.weisenburger Autolackierung,https://www.autolackierung-weisenburger.de/,karlsruhe_osm_15km_2251,unresolved,,,
SÜBA,https://www.sbw-karlsruhe.de/,karlsruhe_osm_15km_2251,unresolved,,,
Softronic,http://www.softronic.de/,karlsruhe_osm_15km_2251,unresolved,,,
KwK Akademie,https://kwk-akademie.de/selbststaendig-machen-karlsruhe/,karlsruhe_osm_15km_2251,unresolved,,,
Komm.ONE,https://www.komm.one/,karlsruhe_osm_15km_2251,career_content_found,https://www.komm.one/karriere/stellenangebote | https://www.komm.one/karriere/stellenangebote+komm_one | https://www.endica.de/karriere/aktuelle%20stellenangebote | https://www.endica.de/karriere/aktuelle+stellenangebote | https://www.komm.one/karriere,,
Ergo,https://axel-bastian.ergo.de/,karlsruhe_osm_15km_2251,unresolved,,,
dieBauingenieure,https://www.diebauingenieure.com/,karlsruhe_osm_15km_2251,career_content_found,https://karriere.diebauingenieure.com/ | https://karriere.diebauingenieure.com/index.html,,
raumobil GmbH,https://www.raumobil.com/,karlsruhe_osm_15km_2251,unresolved,,,
Innenausbau Kuppinger,http://innenausbau-kuppinger.de/,karlsruhe_osm_15km_2251,unresolved,,,
Griesemann,https://griesemann.com/,karlsruhe_osm_15km_2251,career_content_found,https://griesemann.com/karriere/ | https://griesemann.com/karriere/ausbildung/,,
Hief + Heinzmann,https://www.hief-heinzmann.de/,karlsruhe_osm_15km_2251,career_content_found,https://www.hief-heinzmann.de/karriere | https://www.hief-heinzmann.de/karriere/stellenangebote/initiativbewerbung-neue-mitarbeiter-in-allen-bereichen | https://www.hief-heinzmann.de/karriere/faq-karriere,softgarden,
nexnoa,https://www.nexnoa.com/,karlsruhe_osm_15km_2251,unresolved,,,
Leopold Siegrist GmbH,http://www.siegrist.de/,karlsruhe_osm_15km_2251,jobs_extracted,https://siegrist.de/jobs/ | https://siegrist.de/jobs/teilzeitkraft-buchhaltung-m-w-d/ | https://siegrist.de/jobs/teamassistenz-fuer-den-vertriebsinnendienst-m-w-d/,html_jobs,1
Slanted Publishers,https://www.slanted.de/,karlsruhe_osm_15km_2251,unresolved,,,
Edgar Ganz Rolladenbau GmbH,https://www.rolladenbau-ganz.de/,karlsruhe_osm_15km_2251,career_content_found,https://www.rolladenbau-ganz.de/jobs/,,
PhysioMediKA,https://www.physiomedika.de/,karlsruhe_osm_15km_2251,unresolved,,,
Bildungsakademie der Handwerkskammer Karlsruhe,https://www.bia-karlsruhe.de/,karlsruhe_osm_15km_2251,career_content_found,https://hwk-karlsruhe.softgarden.io/de/vacancies,softgarden | softgarden | softgarden,
Biffar Studio,https://www.biffar.de/studiosuche/studio-karlsruhe/,karlsruhe_osm_15km_2251,career_content_found,https://www.biffar.de/jobs/ | https://www.biffar.de/karrierebeginn-in-der-welt-der-it/,,
Bawey Gebäudemanagement,http://bawey.de/,karlsruhe_osm_15km_2251,unresolved,,,
S-FM,https://www.s-fm-gmbh.de/,karlsruhe_osm_15km_2251,unresolved,,,
MHG Heiztechnik,https://mhg.de/,karlsruhe_osm_15km_2251,career_content_found,https://mhg.de/karriere/,,
Immo Gartner,https://immo-gartner.de/,karlsruhe_osm_15km_2251,unresolved,,,
Finanzberatung Fred Gartner,https://www.baufi-gartner.de/,karlsruhe_osm_15km_2251,unresolved,,,
BIT Ingenieure AG,http://www.bit-ingenieure.de/,karlsruhe_osm_15km_2251,career_content_found,https://bit-karriere.de/stellenangebote/,,
Allianz Generalvertretung Bernd Hamann,https://vertretung.allianz.de/bernd.hamann/,karlsruhe_osm_15km_2251,unresolved,,,
ARES,https://ares-bauelemente.de/,karlsruhe_osm_15km_2251,unresolved,,,
GkB Gesellschaft für kommunale Baulanderschließung mbH,https://www.gkb-ag.de/,karlsruhe_osm_15km_2251,career_content_found,https://bit-karriere.de/stellenangebote/,,
ReTech,http://www.retech-gmbh.de/,karlsruhe_osm_15km_2251,unresolved,,,
Pröll Miltner,https://www.proell-miltner.de/,karlsruhe_osm_15km_2251,unresolved,,,
Baam,https://www.baam-transporte.de/,karlsruhe_osm_15km_2251,unresolved,,,
Karlheinz Ulrich,https://www.steuerberater-ka.de/,karlsruhe_osm_15km_2251,unresolved,,,
GA-tec GmbH,http://www.ga-tec.de/,karlsruhe_osm_15km_2251,career_content_found,https://www.ga-tec.de/karriere/stellenangebote | https://www.ga-tec.de/karriere | https://www.ga-tec.de/karriere/ausbildung,,
KS LED-Konzepte Kassensysteme,https://ks-kassen.de/,karlsruhe_osm_15km_2251,career_content_found,https://ks-kassen.de/unternehmen/karriere/,,
LVM-Versicherungsagentur Tobias Fricke,https://agentur.lvm.de/t-fricke/,karlsruhe_osm_15km_2251,unresolved,,,
GPK Gesellschaft für medizinische Prävention und Kommunikation,https://gpk.de/,karlsruhe_osm_15km_2251,unresolved,,,
Ratiodata SE,http://www.ratiodata.de/,karlsruhe_osm_15km_2251,jobs_extracted,https://karriere.ratiodata.de/jobs/ | https://karriere.ratiodata.de/job/?vacancieid=2023-111 | https://karriere.ratiodata.de/job/?vacancieid=2025-218 | https://karriere.ratiodata.de/job/?vacancieid=2026-046 | https://karriere.ratiodata.de/job/?vacancieid=2026-114,html_jobs,1
Rudolph Sanitär + Heizungstechnik,https://www.sht-rudolph.de/,karlsruhe_osm_15km_2251,career_content_found,https://www.sht-rudolph.de/jobs/ | https://www.sht-rudolph.de/jobs/?s= | https://www.sht-rudolph.de/category/jobs/,,
ZZ DriveTech,http://www.zzdrivetech.com/,karlsruhe_osm_15km_2251,unresolved,,,
INERATEC GmbH,https://www.ineratec.de/,karlsruhe_osm_15km_2251,jobs_feed_found,https://www.ineratec.de/de/karriere | https://www.ineratec.de/en/careers | https://www.ineratec.de/de/jobs/initiativbewerbung-__480651,personio,8
Autosattlerei Anderer,http://www.autosattlerei-anderer.de/,karlsruhe_osm_15km_2251,unresolved,,,
INROS LACKNER SE,https://www.inros-lackner.de/,karlsruhe_osm_15km_2251,career_content_found,https://www.inros-lackner.de/karriere/stellenangebote | https://www.inros-lackner.de/en/career/job-vacancies | https://www.inros-lackner.de/de/karriere/stellenangebote | https://www.inros-lackner.de/karriere/faqs | https://www.inros-lackner.de/karriere/benefits,,
Alexander Ochs Wärmetechnik,http://ochs-gruppe.com/,karlsruhe_osm_15km_2251,jobs_extracted,https://ochs-gruppe.com/karriere/,html_jobs,1
Like@Home,https://www.likehome.immo/,karlsruhe_osm_15km_2251,unresolved,,,
Erhardt Garten- und Landschaftsbau GmbH,https://www.erhardt-galabau.de/,karlsruhe_osm_15km_2251,jobs_extracted,https://galabau-ka.de/landschaftsgaertner-karlsruhe/stellenangebote/ | https://galabau-ka.de/landschaftsgaertner-karlsruhe/stellenangebote/Gaertner-m-w-d-im-Garten-und-Landschaftsbau.php | https://galabau-ka.de/landschaftsgaertner-karlsruhe/stellenangebote/Ingenieur-Techniker-m-w-d-im-Garten-und-Landschaftsbau.php | https://erhardt-galabau.de/landschaftsgaertner/karriere/,html_jobs,1
Maler-Meister Alshut,https://www.maler-alshut.de/,karlsruhe_osm_15km_2251,career_content_found,https://www.maler-alshut.de/index.php/index.php/jobs.html | https://www.maler-alshut.de/index.php/index.php/index.php/jobs.html | https://www.maler-alshut.de/index.php/index.php/index.php/index.php/jobs.html | https://www.maler-alshut.de/index.php/index.php/index.php/index.php/index.php/index.php/jobs.html | https://www.maler-alshut.de/index.php/index.php/index.php/index.php/index.php/jobs.html,,
Vulcan Energie,https://v-er.eu/,karlsruhe_osm_15km_2251,jobs_feed_found,https://v-er.eu/careers/,personio,51
Chaos,https://enscape3d.com/,karlsruhe_osm_15km_2251,unresolved,,,
RaumFabrik Vermietungsgesellschaft mbH & Co. KG Durlach,https://www.raumfabrik-durlach.de/,karlsruhe_osm_15km_2251,jobs_extracted,https://raumfabrik-durlach.de/jobs/ | https://raumfabrik-durlach.de/jobs/lizenzmanager-gn/ | https://raumfabrik-durlach.de/jobs/sen-engineer-corporate-it-gn/ | https://raumfabrik-durlach.de/jobs/zahnarzt-m-w-d-fuer-20-30-std-gesucht/ | https://raumfabrik-durlach.de/jobs/produktmanager-rechenzentrum-cloud-gn/,html_jobs,15
Servicebüro August-Klingler-Areal,https://volkswohnung.de/,karlsruhe_osm_15km_2251,jobs_extracted,https://volkswohnung.de/karriere/stellenangebote/ | https://volkswohnung.de/karriere/stellenangebote/jobalert.html | https://volkswohnung.de/karriere/stellenangebote/stellenangebote.html | https://volkswohnung.de/karriere/stellenangebote/stellenangebote.html?reset_search=1 | https://volkswohnung.de/karriere/stellenangebote/Schulpraktikum-de-j408.html?sid=c7688c877ea96900638c592ffb9e64c5,html_jobs,3
TelemaxX,https://www.telemaxx.de/,karlsruhe_osm_15km_2251,jobs_feed_found,https://www.telemaxx.de/ueber-uns/karriere/berufserfahrene,personio,10
Burkard Steuerberater PartG,https://www.burkardsteuerberater.de/,karlsruhe_osm_15km_2251,career_content_found,https://www.burkardsteuerberater.de/karriere/,,
atevia,https://www.atevia.com/,karlsruhe_osm_15km_2251,unresolved,,,
Schlosserei Wahlich,http://www.schlosserei-wahlich.de/,karlsruhe_osm_15km_2251,jobs_extracted,https://www.schlosserei-wahlich.de/karriere/,html_jobs,2
Deutsche Lebens-Rettungs-Gesellschaft Landesverband Baden e. V. Geschäftstelle,https://baden.dlrg.de/ueber-uns/geschaeftsstelle/,karlsruhe_osm_15km_2251,unresolved,,,
ShiraTech-Knowtion,https://shiratech-knowtion.com/,karlsruhe_osm_15km_2251,career_content_found,https://www.knowtion.de/karriere/ | https://www.knowtion.de/en/career/,,
joimax,https://www.joimax.com/,karlsruhe_osm_15km_2251,jobs_feed_found,https://www.joimax.com/en/careers/,personio,7
KEYENCE,https://www.keyence.de/,karlsruhe_osm_15km_2251,career_content_found,https://www.keyence.de/ss/careers/ | https://www.keyence.de/ss/careers/faq.jsp | https://career.keyence.de/go/JOBS/2945201/ | https://career.keyence.de/job/Bundesweit-Junior-Consultant-Engineer-%28mwd%29/1407839733/,successfactors,
TeamViewer,https://teamviewer.com/,karlsruhe_osm_15km_2251,jobs_extracted,https://www.teamviewer.com/de/global/company/careers/,html_jobs,24
SVA System Vertrieb Alexander GmbH,https://sva.de/,karlsruhe_osm_15km_2251,career_content_found,https://sva.de/de/karriere | https://sva.de/de/job-portal | https://www.sva.de/de/job-portal/stellenangebote.html | https://www.sva.de/de/job-portal | https://www.sva.de/de/job-portal/,,
virtual7,https://virtual7.de/,karlsruhe_osm_15km_2251,jobs_extracted,https://virtual7.de/jobs/ | https://virtual7jobs.recruitee.com/,recruitee | recruitee | recruitee | html_jobs,6
DIQA,https://diqa.de/,karlsruhe_osm_15km_2251,unresolved,,,
FC Gruppe,https://www.fc-gruppe.de/,karlsruhe_osm_15km_2251,career_content_found,https://www.fc-gruppe.de/karriere | https://www.fc-gruppe.de/en/career,,
tipico,https://www.tipico-group.com/,karlsruhe_osm_15km_2251,career_content_found,https://www.tipico-careers.com/en/jobs/job/backend-developer-m-f-x-vienna-b2494ebd-ed03-46e4-a9f8-ecc8bb4314d8/ | https://www.tipico-careers.com/en/jobs/job/head-of-payments-m-f-x-st-julian-s-16bf68ae-f251-40cb-bb21-f69a7b849ba1/,smartrecruiters | smartrecruiters,
worKA,https://www.worka.de/,karlsruhe_osm_15km_2251,career_content_found,https://www.worka.de/worka/jobs.html,personio,
GFK Ingenieure,https://gfk-ingenieure.de/,karlsruhe_osm_15km_2251,jobs_extracted,https://gfk-ingenieure.de/karriere/ | https://gfk-ingenieure.de/job/projektmanager-hochbau-m-w-d/ | https://gfk-ingenieure.de/job/senior-planungsingenieur-kib-all-genders/ | https://gfk-ingenieure.de/job/teamleitung-planung-50hz-ola-all-genders/ | https://gfk-ingenieure.de/job/teamleitung-fuer-verkehrsanlagen-all-genders/,html_jobs,8
BürgerBüro Ost,https://web1.karlsruhe.de/service/Buergerdienste/organisation.php?id=6006606,karlsruhe_osm_15km_2251,unresolved,,,
Weber EDV-Consulting,https://www.weber-edv.net/,karlsruhe_osm_15km_2251,unresolved,,,
Schmidt+Eger,https://www.schmidt-eger.de/,karlsruhe_osm_15km_2251,career_content_found,https://www.schmidt-eger.de/karriere/ | https://www.schmidt-eger.de/karriere/stellenangebote-firmengruppe/ | https://www.schmidt-eger.de/karriere/region/ | https://www.schmidt-eger.de/karriere/studium/,,
Papershift,https://www.papershift.com/,karlsruhe_osm_15km_2251,career_content_found,https://www.papershift.com/jobs,,
"Zwick, Hanke und Hartmann Wirtschaftsprüfer Steuerberater Rechtsanwalt",https://www.zwick-hanke-hartmann.com/,karlsruhe_osm_15km_2251,unresolved,,,
Visteon,https://www.visteon.com/,karlsruhe_osm_15km_2251,career_content_found,https://www.visteon.com/careers/join-us/default.aspx | https://www.visteon.com/careers/early-careers/default.aspx,,
Goldbeck,https://www.goldbeck.de/standorte/karlsruhe/,karlsruhe_osm_15km_2251,unresolved,,,
GTU,https://www.gtu-gruppe.de/,karlsruhe_osm_15km_2251,career_content_found,https://www.gtu-gruppe.de/karriere,,
Ludwig Center,https://www.ludwigcenter.de/,karlsruhe_osm_15km_2251,unresolved,,,
arconsis,http://www.arconsis.com/,karlsruhe_osm_15km_2251,unresolved,,,
Schorn & Groh Furniere,http://www.sg-veneers.com/,karlsruhe_osm_15km_2251,career_content_found,https://www.sg-veneers.com/unternehmen/karriere/,,
TNG,https://www.tngtech.com/,karlsruhe_osm_15km_2251,jobs_feed_found,,personio,15
Schöffler + Wörner Verwaltung,http://swweb.de/,karlsruhe_osm_15km_2251,career_content_found,https://www.swweb.de/karriere/ | https://haberkorn.dvinci-hr.com/de/p/schoefflerundwoerner/jobs/50783/intro | https://haberkorn.dvinci-hr.com/de/p/schoefflerundwoerner/jobs/50783/form,,
Codewerk GmbH,https://www.codewerk.de/,karlsruhe_osm_15km_2251,jobs_extracted,https://www.codewerk.de/karriere/ | https://www.codewerk.de/job/werkstudenten-m-w-d/ | https://www.codewerk.de/job/it-administrator-m-w-d/ | https://www.codewerk.de/job/office-management-m-w-d/ | https://www.codewerk.de/job/full-stack-entwickler-m-w-d/,html_jobs,2
flexlog,http://www.flexlog.de/,karlsruhe_osm_15km_2251,career_content_found,https://www.flexlog.de/karriere/ | https://www.flexlog.de/de/karriere | https://www.flexlog.de/de/karriere/ | https://www.flexlog.de/en/career,,
tipico,https://www.tipico-group.com/,karlsruhe_osm_15km_2251,career_content_found,https://www.tipico-careers.com/en/jobs/job/backend-developer-m-f-x-vienna-b2494ebd-ed03-46e4-a9f8-ecc8bb4314d8/ | https://www.tipico-careers.com/en/jobs/job/head-of-payments-m-f-x-st-julian-s-16bf68ae-f251-40cb-bb21-f69a7b849ba1/,smartrecruiters | smartrecruiters,
HD-Dentaltechnik,https://hd-zahntechnik.com/,karlsruhe_osm_15km_2251,jobs_extracted,https://hd-zahntechnik.com/jobs/ | https://hd-zahntechnik.com/job/keramiker-in/ | https://hd-zahntechnik.com/job/zahntechniker-in/ | https://hd-zahntechnik.com/job/azubi-zahntechniker-in-ausbildung/ | https://hd-zahntechnik.com/job/kunststofftechnikerin-kunststoffkenner/,html_jobs,3
ISB,https://www.conet-isb.de/,karlsruhe_osm_15km_2251,unresolved,,,
Esthetic-Line,http://www.esthetic-line.biz/,karlsruhe_osm_15km_2251,unresolved,,,
Asseco Solutions AG,https://www.assecosolutions.com/,karlsruhe_osm_15km_2251,jobs_feed_found,https://www.assecosolutions.com/jobs/,personio,11
Hanka,http://www.schlosserei-hanka.de/,karlsruhe_osm_15km_2251,unresolved,,,
Geschäftsstelle ASB Baden-Württemberg e. V. Region Karlsruhe,https://www.asb-ka.de/,karlsruhe_osm_15km_2251,career_content_found,https://www.asb-ka.de/jobs-und-ausbildung/stellenangebote | https://www.asb-ka.de/jobs-und-ausbildung/stellenangebote?ccm_paging_p=2&ccm_order_by=j.jobTitle&ccm_order_by_direction=desc | https://www.asb-ka.de/jobs-und-ausbildung/stellenangebote?ccm_paging_p=3&ccm_order_by=j.jobTitle&ccm_order_by_direction=desc | https://www.asb-ka.de/jobs-und-ausbildung/stellenangebote?ccm_paging_p=4&ccm_order_by=j.jobTitle&ccm_order_by_direction=desc | https://www.asb-ka.de/jobs-und-ausbildung/stellenangebote?ccm_paging_p=1&ccm_order_by=j.jobTitle&ccm_order_by_direction=desc,,
OBERMEYER Infrastruktur GmbH & Co. KG,https://www.obermeyer-group.com/kontakt/nationale-standorte,karlsruhe_osm_15km_2251,unresolved,,,
Grether Delp Steuerberater,https://www.grether-delp.de/,karlsruhe_osm_15km_2251,unresolved,,,
Elektro Schmitt,https://www.elektroschmitt-durlach.de/,karlsruhe_osm_15km_2251,unresolved,,,
Frey Fenster + Türen,https://www.fenster-frey.de/,karlsruhe_osm_15km_2251,unresolved,,,
HaKü Werbetechnik,http://hakue-werbetechnik.de/,karlsruhe_osm_15km_2251,unresolved,,,
SAT Spezialbau GmbH,https://www.sat-roads.com/,karlsruhe_osm_15km_2251,career_content_found,https://www.sat-roads.com/databases/internet/_public/content30.nsf/web30?Openagent=&id=DE-SATROADS.COMN_karriere.html&men1=4&sid=410 | https://karriere.strabag.com/de/warnung-vor-gefaelschten-stellenangeboten | https://www.sat-roads.com/databases/internet/_public/content30.nsf/web30?Openagent=&id=DE-SATROADS.COMN_karriere.html&men1=4&sid=400,,
Power Projekt,http://www.powerprojekt.de/,karlsruhe_osm_15km_2251,unresolved,,,
AAT Controls GmbH,http://www.aat-gmbh.de/,karlsruhe_osm_15km_2251,career_content_found,https://www.aat-gmbh.de/karriere/ | https://www.aat-gmbh.de/en/career/,,
AAT Automation GmbH,http://www.aat-gmbh.de/,karlsruhe_osm_15km_2251,career_content_found,https://www.aat-gmbh.de/karriere/ | https://www.aat-gmbh.de/en/career/,,
Pinar Karasu,https://www.rundumwohnen.de/,karlsruhe_osm_15km_2251,unresolved,,,
Weber Parkett Bodenbeläge,http://weber-parkettboden.de/,karlsruhe_osm_15km_2251,career_content_found,https://weber-parkettboden.de/index.php/karriere/,,
"Obermeier, Hubert & Co.",https://www.q-cnc.de/,karlsruhe_osm_15km_2251,unresolved,,,
Evangelische Hoffnungsgemeinde Karlsruhe,https://hoffnungsgemeinde-karlsruhe.de/,karlsruhe_osm_15km_2251,unresolved,,,
4you GmbH,http://4you-gmbh.eu/,karlsruhe_osm_15km_2251,unresolved,,,
KA Real Estate GmbH,https://ka-real-estate.de/,karlsruhe_osm_15km_2251,unresolved,,,
KA Immo Management GmbH,https://www.ka-immo.eu/,karlsruhe_osm_15km_2251,unresolved,,,
BP Projektentwicklung GmbH,https://www.bp-projektentwicklung.de/,karlsruhe_osm_15km_2251,unresolved,,,
EF Logistik GmbH,https://www.emilfrey.de/de/ef-logistik-gmbh,karlsruhe_osm_15km_2251,unresolved,,,
Julialacht Fotografie,https://julialacht.de/,karlsruhe_osm_15km_2251,unresolved,,,
Imkerei Junge,http://www.bienen-junge.de/,karlsruhe_osm_15km_2251,unresolved,,,
Hubert Michel Haus und Garten,https://michel-hug.de/,karlsruhe_osm_15km_2251,unresolved,,,
Pontis Versicherungsmakler,https://www.pontisfinanz.de/,karlsruhe_osm_15km_2251,unresolved,,,
Noor Fotostudio,https://www.sd-fotografie.de/noor-studio,karlsruhe_osm_15km_2251,unresolved,,,
Enke iTS,https://enkeonline.de/,karlsruhe_osm_15km_2251,unresolved,,,
Blum Immobilien,https://www.immobilien-blum.com/,karlsruhe_osm_15km_2251,unresolved,,,
BOKA Sanitär- & Heizungstechnik,https://boka-sanitaer.de/,karlsruhe_osm_15km_2251,unresolved,,,
Atelier Schaukasten,https://atelier-schaukasten.de/,karlsruhe_osm_15km_2251,unresolved,,,
Muffenrohr,https://www.muffenrohr.de/karlsruhe/,karlsruhe_osm_15km_2251,career_content_found,https://www.muffenrohr.de/karriere/a/karriere | https://www.muffenrohr.de/unsere-stellenangebote/a/stellenangebote | https://karriere.stark-deutschland.de/stellen/,workday,
Studio le Photographe,http://www.le-photographe1.com/index.html,karlsruhe_osm_15km_2251,unresolved,,,
Arnold,https://www.arnold-bauing.de/,karlsruhe_osm_15km_2251,unresolved,,,
Blossom Kreativmanufaktur,https://blossom-kreativmanufaktur.de/,karlsruhe_osm_15km_2251,unresolved,,,
Zahntechnik Lauber,https://zahntechnik-lauber.de/,karlsruhe_osm_15km_2251,unresolved,,,
Strabag BMTI,http://bmti.strabag.com/,karlsruhe_osm_15km_2251,career_content_found,https://karriere.strabag.com/de/warnung-vor-gefaelschten-stellenangeboten,,
Uhren Benesch,https://uhrenbenesch.de/,karlsruhe_osm_15km_2251,unresolved,,,
Ingenieurbüro Wagner GmbH,http://www.ibw-ka.de/,karlsruhe_osm_15km_2251,unresolved,,,
Derichebourg Umwelt,https://www.derichebourg-umwelt.de/,karlsruhe_osm_15km_2251,unresolved,,,
MBV,https://www.mbv-ka.de/,karlsruhe_osm_15km_2251,career_content_found,https://www.mbv-ka.de/stellenangebote,,
Vollack,http://www.vollack.de/,karlsruhe_osm_15km_2251,jobs_feed_found,,personio,16
Pfarrbüro Heilig Kreuz,https://kath-karlsruhe.de/,karlsruhe_osm_15km_2251,unresolved,,,
pratec,https://www.pratec.de/,karlsruhe_osm_15km_2251,career_content_found,https://job.arnotec.de/ | https://job.arnotec.de/arnotec-gmbh-ein-top-arbeitgeber-finde-heraus-warum/offene-stellenangebot-jobs-karlsruhe/ | https://www.arnotec.de/karriere/kommen-sie-zu-uns.html | https://www.arnotec.de/en/career/vacancy-overview.html | https://www.arnotec.de/karriere/produktion/produktionsallrounder.html,,
BLUM Immobilien,https://www.immobilien-blum.com/,karlsruhe_osm_15km_2251,unresolved,,,
Freunde der Erziehungskunst Rudolf Steiners e.V.,https://www.freunde-waldorf.de/,karlsruhe_osm_15km_2251,career_content_found,https://www.freunde-waldorf.de/die-freunde/stellenangebote/ | https://www.freunde-waldorf.de/en/the-friends/job-vacancies/,,
Finanzamt Karlsruhe-Durlach,https://finanzamt-bw.fv-bwl.de/fa_kadurlach,karlsruhe_osm_15km_2251,career_content_found,"https://finanzamt-bw.fv-bwl.de/,Lde/Startseite/Karriere | https://finanzamt-bw.fv-bwl.de/,Lde/Startseite/Karriere/Stellenausschreibungen | https://finanzamt-bw.fv-bwl.de/,Len/Home+page/Career | https://finanzamt-bw.fv-bwl.de/,Len/Home+page/Career/Job+advertisements",,
SAB Sachwerte Anlage Beratungsgesellschaft,https://sab-gmbh.de/,karlsruhe_osm_15km_2251,career_content_found,https://sab-gmbh.de/karriere/,,
THW Regionalstelle Karlsruhe,https://www.thw.de/,karlsruhe_osm_15km_2251,career_content_found,https://www.thw.de/DE/Mitwirken/Hauptamt/Stellenangebote/stellenangebote_node.html | https://service.bund.de/IMPORTE/Stellenangebote/editor/BVA-AVB/2026/08/6589355 | https://service.bund.de/IMPORTE/Stellenangebote/editor/BVA-THW/2026/10/6659508 | https://service.bund.de/IMPORTE/Stellenangebote/editor/BVA-THW/2026/10/6659356 | https://service.bund.de/IMPORTE/Stellenangebote/editor/BVA-THW/2026/10/6658089,,
Barmenia Versicherung,https://agentur.barmenia.de/iasmin_ied,karlsruhe_osm_15km_2251,unresolved,,,
Honorarkonsulat der Republik Armenien,http://www.honorarkonsulat-armenien.de/,karlsruhe_osm_15km_2251,unresolved,,,
JACOB Elektronik,https://www.jacob.de/,karlsruhe_osm_15km_2251,jobs_feed_found,https://www.jacob.de/stellenangebote/ | https://www.jacob.de/stellenangebote/233406/,personio,17
Verband der Kleingärtner Baden-Württemberg,http://www.kleingarten-bawue.de/,karlsruhe_osm_15km_2251,unresolved,,,
Gartenfreunde Karlsruhe,http://www.kleingarten-karlsruhe.de/,karlsruhe_osm_15km_2251,unresolved,,,
Schreinerei Glaserei Potaczek,https://www.schreinerei-glaserei-potaczek.de/,karlsruhe_osm_15km_2251,unresolved,,,
Manuel Custodero,https://www.sizilien-recht.com/,karlsruhe_osm_15km_2251,unresolved,,,
Industriebau Schauenberg,https://www.industriebau-schauenberg.de/,karlsruhe_osm_15km_2251,jobs_extracted,https://www.industriebau-schauenberg.de/jobs/ | https://www.industriebau-schauenberg.de/jobs/architekt/ | https://www.schauenberg-stahlbau.de/jobs/ | https://www.industriebau-schauenberg.de/jobs/projektleiter/,html_jobs,1
generic.de,https://www.generic.de/,karlsruhe_osm_15km_2251,jobs_feed_found,https://genericde.jobs.personio.de/,personio,1
CAD Spanke,https://www.cad-spanke.de/,karlsruhe_osm_15km_2251,unresolved,,,
Hölzer,https://hoelzergmbh.de/,karlsruhe_osm_15km_2251,unresolved,,,
Mercer,https://www.mercer.de/,karlsruhe_osm_15km_2251,unresolved,,,
Büdenbender,https://www.buedenbender-hausbau.de/unternehmen/fachberater/karlsruhe/,karlsruhe_osm_15km_2251,career_content_found,https://www.buedenbender-hausbau.de/unternehmen/karriere | https://www.buedenbender-hausbau.de/unternehmen/karriere/vertrieb,,
xDSB Datenschutz,https://xdsb.de/,karlsruhe_osm_15km_2251,career_content_found,https://xdsb.de/karriere/,,
avk edv,https://avk.net/,karlsruhe_osm_15km_2251,unresolved,,,
Maler Gros GmbH,http://www.maler-gros.de/,karlsruhe_osm_15km_2251,unresolved,,,
STS Silo-Tankfahrzeug Service GmbH,https://www.sts-heilbronn.de/,karlsruhe_osm_15km_2251,unresolved,,,
Güdler Datenservice,http://www.guedler.de/,karlsruhe_osm_15km_2251,unresolved,,,
Transneu Internationale Spedition,http://www.transneu.de/,karlsruhe_osm_15km_2251,career_content_found,https://www.transneu.de/stellenangebote-und-kontakt.html,,
Fahnen Kreisel,http://fahnen-kreisel.de/,karlsruhe_osm_15km_2251,unresolved,,,
BELL Computer-Netzwerke GmbH,https://www.bell.de/,karlsruhe_osm_15km_2251,jobs_extracted,https://www.bell.de/jobs | https://www.bell.de/en/jobs | https://www.bell.de/jobs/system-engineer-m-w-d | https://www.bell.de/jobs/vertriebsleiter-m-w-d-bonn | https://www.bell.de/jobs/system-engineer-m-w-d-hannover,html_jobs,11
Werner Tantzky GmbH,https://www.tantzky.de/,karlsruhe_osm_15km_2251,career_content_found,https://tantzky.de/unternehmen/tantzky-karriere | https://tantzky.de/unternehmen/tantzky-karriere?view=article&id=131%3Aimpressum&catid=2 | https://tantzky.de/unternehmen/tantzky-karriere?view=article&id=132%3Adatenschutz&catid=2 | https://tantzky.de/unternehmen/tantzky-karriere?view=article&id=350%3Alogistik-mitarbeiter&catid=47,,
Steiner Transporte,http://www.steiner-transporte.com/,karlsruhe_osm_15km_2251,unresolved,,,
Theo Seulberger-Chemie,https://www.fischer-chemie.de/seulberger,karlsruhe_osm_15km_2251,career_content_found,https://www.fischer-chemie.de/seulberger/jobs/,,
Barco Control Rooms GmbH,https://www.barco.com/de/,karlsruhe_osm_15km_2251,unresolved,,,
Genthner GmbH,https://genthner.de/,karlsruhe_osm_15km_2251,unresolved,,,
Barco GmbH,https://www.barco.com/de/,karlsruhe_osm_15km_2251,unresolved,,,
Die Wärmedämmer,http://waermedaemmer.de/,karlsruhe_osm_15km_2251,unresolved,,,
Prof. Dr.-Ing. Uwe Görisch GmbH Ingenieurbüro für Abfallwirtschaft,https://goerisch.de/,karlsruhe_osm_15km_2251,unresolved,,,
it-structure,https://www.it-structure.de/,karlsruhe_osm_15km_2251,unresolved,,,
visuelo,https://www.visuelo.de/,karlsruhe_osm_15km_2251,unresolved,,,
Seeger Beratungs und Treuhand GmbH,https://www.seeger-consulting.com/,karlsruhe_osm_15km_2251,unresolved,,,
THE MAK'ED TEAM,https://www.the-maked-team.com/,karlsruhe_osm_15km_2251,jobs_feed_found,https://www.the-maked-team.com/karriere,personio,2
Jegle,https://www.jegle.de/,karlsruhe_osm_15km_2251,career_content_found,https://jegle.de/karriere/,,
ristav,http://ristav.de/,karlsruhe_osm_15km_2251,unresolved,,,
Bodynova,https://bodynova.de/,karlsruhe_osm_15km_2251,career_content_found,https://bodynova.de/jobs/ | https://bodynova.de/en/jobs/ | https://bodynova.de/fr/jobs/,,
Research 4 You,http://www.research4you.de/,karlsruhe_osm_15km_2251,unresolved,,,
Rothweiler & Mall,https://www.rmgmbh.de/,karlsruhe_osm_15km_2251,unresolved,,,
Schneller Inkasso,http://www.schneller-inkasso.de/,karlsruhe_osm_15km_2251,unresolved,,,
Gehlen Gastroverpackungen Hygieneartikel,http://www.gehlen-verpackungen.de/,karlsruhe_osm_15km_2251,unresolved,,,
Mulaku GmbH Bauunternehmung,https://www.mulaku-bau.de/,karlsruhe_osm_15km_2251,unresolved,,,
Rückert+Müller Elektrotechnik,http://www.ruemue.de/,karlsruhe_osm_15km_2251,unresolved,,,
Leverkus. Der Maler.,http://www.leverkus.de/,karlsruhe_osm_15km_2251,career_content_found,https://www.leverkus.de/jobs/,,
Völlinger & Partner,https://www.voellinger-partner.de/,karlsruhe_osm_15km_2251,career_content_found,https://voellinger-partner.com/karriere/ | https://voellinger-partner.com/2025/02/18/stellenangebot-mitarbeiter-jahresabschlussabteilung/,,
Burst & Zick,https://www.burst-und-zick.de/,karlsruhe_osm_15km_2251,career_content_found,https://www.burst-zick.de/karriere/ | https://www.burst-zick.de/karriere-en/,,
Armbruster,https://www.armbruster-fenster.de/,karlsruhe_osm_15km_2251,career_content_found,https://www.armbruster-fenster.de/die-firma/job-und-karriere.html,,
docpharm,http://docpharm.de/,karlsruhe_osm_15km_2251,career_content_found,https://www.docpharm.de/karriere/,,
AWO Bezirksverband Baden e.V.,https://www.awo-baden.de/,karlsruhe_osm_15km_2251,career_content_found,https://www.awo-baden.de/jobs-und-karriere | https://www.awo-baden.de/jobs-und-karriere/faq | https://www.awo-baden.de/jobs-und-karriere/ausbildung | https://www.awo-baden.de/jobs-und-karriere/arbeitsgeber-awo,,
Smart Energysystems International AG,https://www.smart-energy.ag/,karlsruhe_osm_15km_2251,unresolved,,,
Lohmeyer GmbH,https://www.lohmeyer.de/,karlsruhe_osm_15km_2251,jobs_extracted,https://www.lohmeyer.de/ueber-uns/stellenangebote/ | https://www.lohmeyer.de/ueber-uns/stellenangebote/studentische-hilfskraft/ | https://www.lohmeyer.de/en/about-us/vacancies/studentische-hilfskraft/ | https://www.lohmeyer.de/en/about-us/vacancies/,html_jobs,1
epr edelstahl präzision reinholz,https://www.epr-reinholz.de/,karlsruhe_osm_15km_2251,unresolved,,,
Taxi-Funk-Zentrale Karlsruhe eG,http://www.taxi-zentrale-karlsruhe.de/,karlsruhe_osm_15km_2251,unresolved,,,
VEMA,https://www.vema-eg.de/,karlsruhe_osm_15km_2251,jobs_extracted,https://karriere.vema-eg.de | https://zutun.de/bayreuth/jobs/top-10-arbeitgeber | https://zutun.de/bayreuth | https://karriere.vema-eg.de/jobs/devops-engineer/?stelle=DevOps+Engineer | https://karriere.vema-eg.de/jobs/java-entwickler/?stelle=Java-Entwickler,html_jobs,10
VHH Versicherungsservice für Handel & Handwerk GmbH,https://www.vhh.de/,karlsruhe_osm_15km_2251,career_content_found,https://www.vhh.de/gewerbe/vorsorge/betriebliche-altersvorsorge,,
Schmidt Rollladen - Markisen,https://www.schmidt-markisen.de/markisen-in-karlsruhe.html,karlsruhe_osm_15km_2251,career_content_found,https://www.schmidt-markisen.de/jobs.html,,
ICP,http://icp-ing.de/,karlsruhe_osm_15km_2251,career_content_found,https://icp-ing.de/stellenangebotbauingenieur-m-w-d-gesucht/,,
AFS Strahltechnik,https://www.afs-strahltechnik.de/,karlsruhe_osm_15km_2251,unresolved,,,
Astrid Maier Metall- und Tribünenbau GmbH,http://www.maier-tribuenen.de/,karlsruhe_osm_15km_2251,unresolved,,,
Glas Schmid,https://www.glasschmid.de/,karlsruhe_osm_15km_2251,unresolved,,,
Peter Gross Bau,https://gross-bau.de/,karlsruhe_osm_15km_2251,unresolved,,,
Private Storage,https://private-storage.de/,karlsruhe_osm_15km_2251,unresolved,,,
Theisinger & Probst Bau GmbH,http://theisinger-probst.de/,karlsruhe_osm_15km_2251,unresolved,,,
Bautrans GmbH & Co. KG,http://bautrans.de/,karlsruhe_osm_15km_2251,unresolved,,,
Erdbörse Karlsruhe GmbH & Co. KG,http://www.erdboerse-karlsruhe.de/,karlsruhe_osm_15km_2251,unresolved,,,
Blumen Mosch,https://www.blumen-mosch.de/,karlsruhe_osm_15km_2251,unresolved,,,
Holub Werbetechnik,http://www.holub.de/,karlsruhe_osm_15km_2251,unresolved,,,
Rudolf Kopp und Söhne GmbH,https://www.kopp-schlosserei.de/,karlsruhe_osm_15km_2251,unresolved,,,
Emil Ganz GmbH Schrottgroßhandel,https://www.ganz-containerdienst.de/,karlsruhe_osm_15km_2251,unresolved,,,
Ingeburg Praxis-Cosmetic GmbH,http://www.praxis-cosmetic.de/,karlsruhe_osm_15km_2251,unresolved,,,
Global Protection Intelligence,http://gpi-int.com/,karlsruhe_osm_15km_2251,unresolved,,,
Deutsche Transalpine Oelleitung GmbH,https://www.tal-oil.com/,karlsruhe_osm_15km_2251,unresolved,,,
Kern,https://www.steinmetz-kern.de/,karlsruhe_osm_15km_2251,unresolved,,,
Druckhaus Karlsruhe,http://www.druck-verlag-sw.de/,karlsruhe_osm_15km_2251,unresolved,,,
VPL Vegetationspflege Landschaftsbau GmbH,http://www.vpl-vegetationspflege.de/,karlsruhe_osm_15km_2251,unresolved,,,
DZ Service,https://www.dzservice.de/,karlsruhe_osm_15km_2251,unresolved,,,
Assekuranz Herrmann,https://www.artus-gruppe.com/versicherungsmakler-ettlingen,karlsruhe_osm_15km_2251,career_content_found,https://www.artus-gruppe.com/karriere/bewerbung | https://www.artus-gruppe.com/karriere/offene-stellen/ | https://www.artus-gruppe.com/karriere/offene-stellen/stellenangebote.html?reset_search=1 | https://www.artus-gruppe.com/karriere | https://www.artus-gruppe.com/karriere/ausbildung-studium,,
Pneuhage,http://www.pneu.com/,karlsruhe_osm_15km_2251,career_content_found,https://pneu.com/karriere/ | https://www.firststop.de/karriere/stellenangebote/ | https://www.rrteam.de/unternehmen/stellenangebote/ | https://www.reifen-ehrhardt.de/karriere/stellenangebote/,,
Interpneu,https://www.interpneu.de/,karlsruhe_osm_15km_2251,career_content_found,https://www.interpneu.de/unternehmen/karriere-und-ausbildung | https://www.interpneu.de/unternehmen/karriere-und-ausbildung/stellenangebote | https://www.interpneu.de/unternehmen/karriere-und-ausbildung/stellenangebote?tx_tanxmlparser_tanxmlparser%5Baction%5D=list&tx_tanxmlparser_tanxmlparser%5Bcontroller%5D=Xmlparser&cHash=b282aca37fc02495025af4b6538eb5b1 | https://www.interpneu.de/unternehmen/karriere-und-ausbildung/stellenangebote?tx_tanxmlparser_tanxmlparser%5Baction%5D=list&tx_tanxmlparser_tanxmlparser%5Bcontroller%5D=Xmlparser&tx_tanxmlparser_tanxmlparser%5Bordering%5D=jobtitle_asc&cHash=8e1eaf7f28aff102cac672faeca0e32a | https://www.interpneu.de/unternehmen/karriere-und-ausbildung/stellenangebote?tx_tanxmlparser_tanxmlparser%5Baction%5D=list&tx_tanxmlparser_tanxmlparser%5Bcontroller%5D=Xmlparser&tx_tanxmlparser_tanxmlparser%5Bordering%5D=location_asc&cHash=dfe1ca7e49f38082518fd542fce1ae78,,
HydroWatt,https://hydrowatt.de/,karlsruhe_osm_15km_2251,unresolved,,,
Rittershofer Bedachungen und Malerfachbetrieb,http://www.rittershofer-bedachungen.de/,karlsruhe_osm_15km_2251,unresolved,,,
IGIENAIR,https://igienair.de/,karlsruhe_osm_15km_2251,career_content_found,https://igienair.de/jobs/ | https://igienair.de/jobs/teamleiter-hygienereinigung-gesucht/ | https://igienair.de/jobs/mitarbeiter-technische-reinigung-gesucht/,,
Seica,https://www.seica.com/,karlsruhe_osm_15km_2251,unresolved,,,
Leitz Service,http://www.leitz.org/,karlsruhe_osm_15km_2251,career_content_found,https://www.leitz.org/de/karriere/stellenangebote | https://www.leitz.org/de-de/karriere/stellenangebote | https://www.leitz.org/de-at/karriere/stellenangebote | https://www.leitz.org/de-ch/karriere/stellenangebote | https://www.leitz.org/de/karriere/stellenangebote/job-detail/einkaeufer-werkzeugindustrie,,
Knettenbrech Gurdulic,https://www.knettenbrech-gurdulic.de/standorte/karlsruhe,karlsruhe_osm_15km_2251,unresolved,,,
Hauptfleisch,https://www.hauptfleisch.de/,karlsruhe_osm_15km_2251,career_content_found,https://www.hauptfleisch.de/karriere/ | https://www.hauptfleisch.de/karriere/mitarbeiter-in-vertriebsinnendienst/ | https://www.hauptfleisch.de/karriere/mitarbeiter-in-auftragssachbearbeiter/ | https://www.hauptfleisch.de/karriere/mitarbeiter-in-vertriebsinnendienst-heilbronn/ | https://www.hauptfleisch.de/karriere/ausbildung-kaufmann-frau-fuer-gross-und-aussenhandelsmanagement/,,
Actemium Energy Projects,https://www.actemium.de/standort/actemium-energy-projects-karlsruhe/,karlsruhe_osm_15km_2251,jobs_feed_found,https://actemium.career.softgarden.de/,softgarden | softgarden | softgarden | schema_org,255
Koehler & Leutwein Ingenieurbüro für Verkehrswesen,http://www.koehler-leutwein.de/,karlsruhe_osm_15km_2251,unresolved,,,
Conuti,https://conuti.de/,karlsruhe_osm_15km_2251,jobs_extracted,https://conuti.de/careers | https://conuti.de/careers/sales-solution-architect | https://conuti.de/careers/consultant-sap-s4hana-utilities | https://conuti.de/careers/partner-customer-success-manager | https://conuti.de/careers/consultant-ai-service-experience,html_jobs,1
Lantzerath Tankstellentechnik GmbH,https://lantzerath-group.com/,karlsruhe_osm_15km_2251,jobs_feed_found,https://lantzerath-group.career.softgarden.de/,softgarden | softgarden | schema_org,31
Hitex Embedded Tools and Solutions,https://www.hitex.com/,karlsruhe_osm_15km_2251,jobs_extracted,https://www.hitex.com/company/career | https://www.hitex.com/company/career/working-at-hitex | https://www.hitex.com/company/career/job-opportunities | https://www.hitex.com/de/unternehmen/karriere/stellenangebote | https://www.hitex.com/de/unternehmen/karriere/stellenangebote/system-test-engineer,html_jobs,13
Löffler Grabmale,https://www.grabmale-loeffler.de/,karlsruhe_osm_15km_2251,unresolved,,,
MB-International Worldwide Geodata,https://www.mbi-geodata.com/,karlsruhe_osm_15km_2251,unresolved,,,
Jungheinrich Vertriebszentrum Süd – Niederlassung Karlsruhe,http://www.jungheinrich.de/vertrieb-deutschland/karlsruhe/,karlsruhe_osm_15km_2251,jobs_extracted,https://www.jungheinrich.de/karriere/jobs | https://www.jungheinrich.de/karriere/jobs?fcid=2155334103520 | https://www.jungheinrich.de/karriere/jobs?fcid=2155334887126 | https://www.jungheinrich.de/karriere | https://www.jungheinrich.de/karriere/praktikum-und-werkstudium,html_jobs,3
Konecny Gerätebau GmbH,http://www.eurotec-ks.cz/,karlsruhe_osm_15km_2251,career_content_found,https://www.eurotec-ks.com/de/karriere,,
PSI GridConnect,https://www.psigridconnect.com/,karlsruhe_osm_15km_2251,unresolved,,,
hilzinger,https://www.hilzinger.de/fensterbauer-karlsruhe/,karlsruhe_osm_15km_2251,jobs_extracted,https://www.hilzinger.de/jobs/ | https://www.hilzinger.de/jobs/ausbildungsstellen/ | https://www.hilzinger.de/jobs-kategorien/lahr/ | https://www.hilzinger.de/jobs-kategorien/jicin/,html_jobs,1
rösberg,https://roesberg.com/,karlsruhe_osm_15km_2251,jobs_feed_found,https://roesberg.com/stellenangebote,personio,13
Goldschmiede Müller-Gawenat,https://www.goldschmiede.eshop.t-online.de/,karlsruhe_osm_15km_2251,unresolved,,,
Kuhnle Laborbedarf,https://www.kuhnle-laborbedarf.de/,karlsruhe_osm_15km_2251,unresolved,,,
abrechnung.immo,https://abrechnung.immo/,karlsruhe_osm_15km_2251,unresolved,,,
Bechtle IT-Systemhaus Karlsruhe,https://www.bechtle.com/ueber-bechtle/unternehmen/standorte/bechtle-it-systemhaus-karlsruhe,karlsruhe_osm_15km_2251,career_content_found,https://jobs.bechtle.com/ | https://www.bechtle.com/karriere | https://jobs.bechtle.com/job/Affalterbach-Teamleiter-Managed-Services-%28wmd%29-71563/83251-de_DE/,,
merlin.zwo InfoDesign,https://www.merlin-zwo.de/,karlsruhe_osm_15km_2251,jobs_extracted,https://www.merlin-zwo.de/merlin-zwo/karriere/offene-stellen/ | https://www.merlin-zwo.de/merlin-zwo/karriere/ | https://www.merlin-zwo.de/merlin-zwo/karriere/ausbildung/,html_jobs,2
Rolladen Klingler,https://www.rolladen-klingler.de/,karlsruhe_osm_15km_2251,unresolved,,,
Kleingartenverein Ettlingen e.V. Geschäftsstelle,https://kv-ettlingen.de/,karlsruhe_osm_15km_2251,unresolved,,,
Mateco,https://www.mateco.de/de/standorte/deutschland/karlsruhe,karlsruhe_osm_15km_2251,jobs_extracted,https://jobs.mateco.de/de/ | https://www.mateco.de/de/karriere/wirmachenhoehe,html_jobs,2
Hatz Bäckereibetriebe GmbH,http://www.ich-geh-zum-hatz.de/,karlsruhe_osm_15km_2251,unresolved,,,
Scholpp,https://www.scholppkran.de/,karlsruhe_osm_15km_2251,jobs_extracted,https://www.scholppkran.de/karriere/stellenangebote/ | https://www.scholppkran.de/karriere/bewerbung/ | https://www.scholppkran.de/stellenangebote/kraftfahrer-m-w-d/ | https://www.scholppkran.de/stellenangebote/ladekranfahrer-m-w-d/ | https://www.scholppkran.de/stellenangebote/mobilkranfahrer-m-w-d/,html_jobs,1
Draht-Jäger GmbH,https://www.draht-jaeger.de/,karlsruhe_osm_15km_2251,unresolved,,,
Perez Haustechnik,https://perez-haustechnik.de/,karlsruhe_osm_15km_2251,career_content_found,https://perez-haustechnik.de/jobs/,,
Auto-Bissinger,https://www.auto-bissinger.de/,karlsruhe_osm_15km_2251,career_content_found,https://auto-bissinger.de/karriere,,
Leipziger,https://leipziger-logistik.com/,karlsruhe_osm_15km_2251,career_content_found,https://leipziger-logistik.com/karriere | https://leipziger-logistik.com/karriere/kraftfahrer,,
becker,https://www.beckergmbh.de/,karlsruhe_osm_15km_2251,unresolved,,,
Trautmann GmbH,https://www.trautmann-bauunternehmen.de/,karlsruhe_osm_15km_2251,jobs_extracted,https://trautmann-bauunternehmen.de/jobs-karriere/Stellenangebote/Ausbildungsplaetze-m-w-d.php | https://trautmann-bauunternehmen.de/jobs-karriere/Stellenangebote/Polier-Werkpolier-m-w-d-Rohbau.php | https://trautmann-bauunternehmen.de/jobs-karriere/Stellenangebote/Maurer-Betonbauer-und-Einschaler-m-w-d.php | https://trautmann-bauunternehmen.de/jobs-karriere/Stellenangebote/Bauleitung-fuer-den-Bereich-Rohbau-m-w-d.php | https://trautmann-bauunternehmen.de/jobs-karriere/,html_jobs,2
Zeppelin Rental,https://www.zeppelin-rental.de/ansprechpartner/standorte/karlsruhe,karlsruhe_osm_15km_2251,career_content_found,https://www.zeppelin-rental.de/karriere | https://www.zeppelin.com/de/de/karriere/ | https://www.zeppelin.com/de/de/karriere/studierende/,workday | workday | workday,
VuS-Diamanttechnik,https://www.vus-diamanttechnik.de/,karlsruhe_osm_15km_2251,unresolved,,,
Daniel Rittershofer,https://rittershofer-bedachungen.de/,karlsruhe_osm_15km_2251,unresolved,,,
Trüb Fensterbau GmbH,https://www.trueb-fensterbau.de/,karlsruhe_osm_15km_2251,career_content_found,https://www.trueb-fensterbau.de/kontakt/jobs/,,
Joos Tief+Straßenbau,https://joos-gruppe.de/joos-tief-und-strassenbau-gmbh-co-kg/,karlsruhe_osm_15km_2251,career_content_found,https://joos-gruppe.de/karriere/ | https://joos-gruppe.de/jobs/bauabrechner-m-w-d/ | https://joos-gruppe.de/jobs/polier-vorarbeiter-tief-und-strassenbau-m-w-d/,,
Joos Umwelttechnik,https://joos-gruppe.de/joos-umwelttechnik-gmbh/,karlsruhe_osm_15km_2251,career_content_found,https://joos-gruppe.de/karriere/ | https://joos-gruppe.de/jobs/bauabrechner-m-w-d/ | https://joos-gruppe.de/jobs/polier-vorarbeiter-tief-und-strassenbau-m-w-d/,,
Töpferladen,http://www.toepferladen-karlsruhe.de/,karlsruhe_osm_15km_2251,unresolved,,,
PIR,https://www.pir-galabau.de/,karlsruhe_osm_15km_2251,unresolved,,,
Straßenmeisterei Ettlingen,https://www.landkreis-karlsruhe.de/,karlsruhe_osm_15km_2251,career_content_found,https://www.landkreis-karlsruhe.de/Service-Verwaltung/Das-Landratsamt-von-A-bis-Z/Karriere-Ausbildung/ | https://www.landkreis-karlsruhe.de/Service-Verwaltung/Das-Landratsamt-von-A-bis-Z/Karriere-Ausbildung/Virtuelles-Kennenlerngespr%C3%A4ch/ | https://beruf-und-familie.blogspot.com/2021/03/ZertifikatserteilungMaerz.html,,
AppSphere,https://appsphere.com/,karlsruhe_osm_15km_2251,ats_identified,,personio,
ScriptRunner,https://www.scriptrunner.com/,karlsruhe_osm_15km_2251,jobs_feed_found,https://www.scriptrunner.com/company/career | https://www.scriptrunner.com/company/career/speculative-application,personio,1
Health and Beauty,https://www.health-and-beauty.com/,karlsruhe_osm_15km_2251,unresolved,,,
RBS wave,https://www.rbs-wave.de/,karlsruhe_osm_15km_2251,career_content_found,https://www.rbs-wave.de/karriere/bewerbung/ | https://www.rbs-wave.de/karriere/ | https://www.rbs-wave.de/karriere/arbeitswelt/,,
Zahnwerk Ettlingen,https://www.zahnarztpraxis-ettlingen.de/,karlsruhe_osm_15km_2251,career_content_found,https://www.zahnarztpraxis-ettlingen.de/zfa-zfm-stellenangebot-empfang/ | https://www.zahnarztpraxis-ettlingen.de/stellenangebote-jobs-als-zfa-zfm/ | https://www.zahnarztpraxis-ettlingen.de/zmf-zfa-ettlingen-karlsruhe/,,
Bodylife Medien,https://bodylife-medien.com/,karlsruhe_osm_15km_2251,unresolved,,,
Bauer,http://www.db-dach.de/,karlsruhe_osm_15km_2251,unresolved,,,
Inapa,https://inapa.de/,karlsruhe_osm_15km_2251,unresolved,,,
Immobilien Günter GmbH,https://www.immobilien-guenter.de/,karlsruhe_osm_15km_2251,career_content_found,https://www.immobilien-guenter.de/ueber-uns/karriere/,,
IntegraCeram,http://www.integraceram.de/,karlsruhe_osm_15km_2251,unresolved,,,
Leipziger,https://leipziger-logistik.com/,karlsruhe_osm_15km_2251,career_content_found,https://leipziger-logistik.com/karriere | https://leipziger-logistik.com/karriere/kraftfahrer,,
BAFA,https://www.bafa-gmbh.de/,karlsruhe_osm_15km_2251,unresolved,,,
REMEX,https://www.remex.de/,karlsruhe_osm_15km_2251,unresolved,,,
Partyservice Bruns,http://www.bruns-partyservice.de/,karlsruhe_osm_15km_2251,unresolved,,,
BUCHEN,https://www.buchen.net/,karlsruhe_osm_15km_2251,unresolved,,,
ExpertFab e.K.,https://www.expertfab.de/,karlsruhe_osm_15km_2251,unresolved,,,
Lang,https://bau-lang.de/,karlsruhe_osm_15km_2251,career_content_found,https://reif.app/apps/sparta/public/index.php?preset=internet_lang,,
Werner Fensterfolien,https://www.fensterfolien-karlsruhe.com/,karlsruhe_osm_15km_2251,unresolved,,,
Krusig,https://www.krusig.de/,karlsruhe_osm_15km_2251,unresolved,,,
Garten- und Landschaftspflege Mohrhardt,http://landschaftspflege-mohrhardt.de/,karlsruhe_osm_15km_2251,unresolved,,,
Hagsfelder Werkstätten Gärtnerei,http://www.hwk.com/,karlsruhe_osm_15km_2251,career_content_found,https://www.hwk.com/werde-teil-unseres-cafe-teams/,personio,
Draht Walput,https://www.draht-walput.com/,karlsruhe_osm_15km_2251,career_content_found,https://www.draht-walput.com/de/jobs/ | https://www.draht-walput.com/de/jobs/index.php/,,
Gleich Eventtechnik,https://eventtechnik-gleich.de/,karlsruhe_osm_15km_2251,unresolved,,,
Peter & Mann Metallbau,https://www.schlosserei-peter-mann.de/,karlsruhe_osm_15km_2251,unresolved,,,
Schukraft,https://www.schukraft.de/,karlsruhe_osm_15km_2251,career_content_found,https://www.schukraft.de/jobs/,,
Küffner,https://kueffner.de/,karlsruhe_osm_15km_2251,career_content_found,https://kueffner.de/jobs,,
Markisen Kirchenbauer,https://kirchenbauer.de/,karlsruhe_osm_15km_2251,unresolved,,,
MiRO Mineralölraffinerie Oberrhein - Werk 2,https://www.miro-ka.de/,karlsruhe_osm_15km_2251,career_content_found,https://www.miro-ka.de/karriere/stellenangebote | https://www.miro-ka.de/karriere/stellenangebote/details/chemikant-m-w-d?id=1239 | https://www.miro-ka.de/karriere/stellenangebote/details/elektroniker-m-w-d?id=2897 | https://www.miro-ka.de/karriere/stellenangebote/details/feuerwehrmann-m-w-d-befristung-bis-31-12-2027?id=3055 | https://www.miro-ka.de/karriere/stellenangebote/details/mitarbeiter-verladelogistik-im-4-schichtbetrieb-m-wd?id=3051,,
Maus Rotationsgießformen,http://maus-gmbh.de/,karlsruhe_osm_15km_2251,jobs_extracted,https://maus-gmbh.de/de/offene-stellen/,html_jobs,1
COS Systemhaus OHG / COS Geoinformatik GbR,http://www.cosgeo.de/,karlsruhe_osm_15km_2251,unresolved,,,
svt Schadensanierung,https://svt-sanierung.de/,karlsruhe_osm_15km_2251,career_content_found,https://svt-karriere.de/,,
Schulz Garten- und Landschaftsbau,https://www.gartenbauschulz.de/,karlsruhe_osm_15km_2251,career_content_found,https://www.gartenbauschulz.de/jobs-und-ausbildung | https://www.gartenbauschulz.de/jobs,,
KUNBUS GmbH,https://www.kunbus.de/,karlsruhe_osm_15km_2251,jobs_feed_found,https://www.kunbus.com/en/career | https://www.kunbus.com/en/job-openings,personio,2
ZG Raiffeisen Energie,https://www.zg-raiffeisen.de/standorte/standort/karlsruhe/zg-raiffeisen-energie-niederlassung-karlsruhe,karlsruhe_osm_15km_2251,jobs_extracted,https://www.zg-raiffeisen.de/unternehmen/karriere | https://www.zg-raiffeisen.de/unternehmen/karriere/stellenmarkt | https://www.zg-raiffeisen.de/unternehmen/karriere/unsere-benefits | https://www.zg-raiffeisen.de/unternehmen/karriere/entdecke-unser-wir | https://www.zg-raiffeisen.de/unternehmen/karriere/deine-karrieremoeglichkeiten,html_jobs,1
Kiefer Glas,https://glasraum.business.site/,karlsruhe_osm_15km_2251,unresolved,,,
Müller Ingenieurplan GmbH,https://www.mip-ka.de/,karlsruhe_osm_15km_2251,career_content_found,https://www.mip-ka.de/karriere/ | https://www.mip-ka.de/karriere/index.html,,
ExpertFab,https://www.expertfab.de/,karlsruhe_osm_15km_2251,unresolved,,,
Gartenservice Haßmann,https://gartenservice-hassmann.de/,karlsruhe_osm_15km_2251,unresolved,,,
SanLucar,https://sanlucar-group.com/,karlsruhe_osm_15km_2251,unresolved,,,
Baden Airpark Express GmbH,https://www.badenairparkexpress.de/,karlsruhe_osm_15km_2251,unresolved,,,
SchwaGe-Druck,https://www.schwagedruck.de/,karlsruhe_osm_15km_2251,unresolved,,,
MAYER-IT-SOLUTIONS,http://www.mayer-it-solutions.de/,karlsruhe_osm_15km_2251,unresolved,,,
Finanzamt Ettlingen,"https://fa-ettlingen.fv-bwl.de/pb/,Lde/Startseite",karlsruhe_osm_15km_2251,unresolved,,,
Armin Müller,http://www.gartenbau-rheinstetten.de/,karlsruhe_osm_15km_2251,unresolved,,,
Jens Weber,http://www.jw-stuck.de/,karlsruhe_osm_15km_2251,unresolved,,,
Pfarramt Grötzingen Heilig Kreuz,http://kath-durlach-bergdörfer.de/,karlsruhe_osm_15km_2251,unresolved,,,
Imkerei Windmeier,https://www.imkerei-windmeier.de/,karlsruhe_osm_15km_2251,unresolved,,,
IBS-Gruppe,https://www.ibs-gruppe.de/,karlsruhe_osm_15km_2251,career_content_found,https://www.ibs-gruppe.de/karriere/,,
Kombident,https://www.kombident.de/,karlsruhe_osm_15km_2251,unresolved,,,
Applus GmbH,https://www.kuhn-edeka.de/,karlsruhe_osm_15km_2251,jobs_extracted,https://www.kuhn-edeka.de/karriere/ | https://www.kuhn-edeka.de/karriere/praktikum/ | https://www.kuhn-edeka.de/karriere/ausbildung/ | https://www.kuhn-edeka.de/karriere/quereinstieg/ | https://www.kuhn-edeka.de/karriere/berufserfahrene/,html_jobs,3
Dental Manufaktur 76,http://www.dentalmanufaktur76.de/,karlsruhe_osm_15km_2251,career_content_found,https://www.dentalmanufaktur76.de/kopie-karriere,,
entegra AG,https://entegra.de/,karlsruhe_osm_15km_2251,unresolved,,,
Simone Walter Teamtraining für Mensch und Hund,https://teamtraining-walter.de/,karlsruhe_osm_15km_2251,unresolved,,,
Dalloopool Schwimmbadtechnik,https://dalloo-pool.de/,karlsruhe_osm_15km_2251,unresolved,,,
Firma J. Schäfer,http://www.natursteine-schaefer.com/,karlsruhe_osm_15km_2251,unresolved,,,
Busch & Sohn,https://malerbetrieb-busch.de/,karlsruhe_osm_15km_2251,unresolved,,,
SV Blankenloch,http://www.sv-blankenloch.de/,karlsruhe_osm_15km_2251,unresolved,,,
Partyservice Stutensee,http://www.party-service-stutensee.de/,karlsruhe_osm_15km_2251,unresolved,,,
Hildenbrand Datensysteme GmbH,http://www.hildenbrand.de/,karlsruhe_osm_15km_2251,unresolved,,,
ALBA Baugenossenschaft eG,https://www.alba-baugenossenschaft.de/,karlsruhe_osm_15km_2251,unresolved,,,
W+W Consulting GmbH,https://www.ww-cs.de/,karlsruhe_osm_15km_2251,career_content_found,https://www.ww-cs.de/jobangebote/,,
Mille Stelle Group,https://www.millestelle.group/,karlsruhe_osm_15km_2251,unresolved,,,
"Rechtsanwaltskanzlei Karin Atwell-Nosal, Daniela Kraus",https://www.atwell-nosal.de/,karlsruhe_osm_15km_2251,unresolved,,,
WOLFSRUDEL Kreativagentur,https://www.wolfsrudel-kreativagentur.com/,karlsruhe_osm_15km_2251,jobs_extracted,https://www.wolfsrudel-kreativagentur.com/jobs/,html_jobs,1
Griesinger+Löwenberger OHG,https://griesinger-löwenberger.de/,karlsruhe_osm_15km_2251,unresolved,,,
Erdgas Südwest GmbH,https://www.erdgas-suedwest.de/,karlsruhe_osm_15km_2251,career_content_found,https://www.erdgas-suedwest.de/ueber-uns/karriere | https://www.erdgas-suedwest-service.de/karriere | https://www.erdgas-suedwest-service.de/karriere/elektriker | https://www.erdgas-suedwest-service.de/karriere/shk-anlagenmechaniker | https://www.erdgas-suedwest-service.de/karriere/monteur-und-helfer-shk,,
Fotostudio Rolf Stahl,http://www.foto-stutensee.de/,karlsruhe_osm_15km_2251,unresolved,,,
Zimmer Group,https://www.zimmer-group.com/,karlsruhe_osm_15km_2251,jobs_extracted,https://www.zimmer-group.com/de/karriere/stellenangebote | https://www.zimmer-group.com/de/karriere/stellenangebote/stellenangebote-international | https://www.zimmer-group.com/de/karriere/stellenangebote/sales-support-marketing-netherlands | https://www.zimmer-group.com/de/karriere,html_jobs,3
Ski-Club Ettlingen,https://ski-club-ettlingen.de/,karlsruhe_osm_15km_2251,unresolved,,,
Kunststofftanks FT-Design,https://www.ft-design.de/,karlsruhe_osm_15km_2251,unresolved,,,
Siegfried Erndwein,https://www.egg-leo.de/de/umwelt-wirtschaft/wirtschaft/unternehmensverzeichnis/unternehmen/Brennerei-Siegfried-Erndwein.php,karlsruhe_osm_15km_2251,unresolved,,,
Kleiner & Kieckhäfer,http://rechtsanwalt-stutensee.de/,karlsruhe_osm_15km_2251,unresolved,,,
mm Markisen,https://www.mm-markisen.de/filialen/ettlingen-karlsruhe/,karlsruhe_osm_15km_2251,career_content_found,https://www.mm-markisen.de/jobs/,,
ImmoServices Kay Albrecht,https://www.immoservices.de/,karlsruhe_osm_15km_2251,unresolved,,,
Kirchliches Rechenzentrum,https://krz-swd.de/,karlsruhe_osm_15km_2251,career_content_found,https://www.krz-swd.de/stellenangebote/ | https://jobs.b-ite.com/jobposting/fbaac46bebaf50ce636dc78e3883b9601943581e5 | https://www.krz-swd.de/arbeiten-bei-uns/,,
Dr. Thomas + Partner,http://www.tup.com/,karlsruhe_osm_15km_2251,career_content_found,https://www.tup.com/karriere-bei-tup/stellenangebote/ | https://www.tup.com/karriere-bei-tup/stellenangebote/?tax_post_tag=schule&unfilter=1 | https://www.tup.com/karriere-bei-tup/stellenangebote/?tax_post_tag=praktika&unfilter=1 | https://www.tup.com/karriere-bei-tup/stellenangebote/?tax_post_tag=initiativ&unfilter=1 | https://www.tup.com/karriere-bei-tup/stellenangebote/?tax_post_tag=alle-offenen-stellen&unfilter=1,,
MiRO Mineralölraffinerie Oberrhein - Werk 1,https://www.miro-ka.de/,karlsruhe_osm_15km_2251,career_content_found,https://www.miro-ka.de/karriere/stellenangebote | https://www.miro-ka.de/karriere/stellenangebote/details/chemikant-m-w-d?id=1239 | https://www.miro-ka.de/karriere/stellenangebote/details/elektroniker-m-w-d?id=2897 | https://www.miro-ka.de/karriere/stellenangebote/details/feuerwehrmann-m-w-d-befristung-bis-31-12-2027?id=3055 | https://www.miro-ka.de/karriere/stellenangebote/details/mitarbeiter-verladelogistik-im-4-schichtbetrieb-m-wd?id=3051,,
Rolf Heeger,http://www.ra-heeger.de/,karlsruhe_osm_15km_2251,unresolved,,,
Immego,https://immego-karlsruhe.de/,karlsruhe_osm_15km_2251,unresolved,,,
Ferrotec GmbH,http://www.ferrotec.net/,karlsruhe_osm_15km_2251,unresolved,,,
Bauunternehmung Oronzo Piroscia GmbH,http://www.piroscia.de/,karlsruhe_osm_15km_2251,unresolved,,,
Evangelisches Pfarramt,https://ekiegg.de/,karlsruhe_osm_15km_2251,unresolved,,,
Andreas Fretz,http://andreasfretz.de/,karlsruhe_osm_15km_2251,unresolved,,,
Sprachmühle,https://www.sprachmuehle.de/,karlsruhe_osm_15km_2251,unresolved,,,
"ROSEN Germany GmbH, Betriebsstätte Stutensee",http://www.rosen-group.com/global/company/explore/we-are/locations/europe/rosen-karlsruhe.html,karlsruhe_osm_15km_2251,unresolved,,,
"ROSEN Technology and Research Center GmbH, Betriebsstätte Stutensee",http://www.rosen-group.com/global/company/explore/we-are/locations/europe/rosen-karlsruhe.html,karlsruhe_osm_15km_2251,unresolved,,,
Finanz LUPE GmbH,https://www.versicherungsmakler-karlsruhe.info/,karlsruhe_osm_15km_2251,unresolved,,,
Pickel Haustechnik,https://pickel-haustechnik.de/,karlsruhe_osm_15km_2251,unresolved,,,
e2 Arbogast - Lösche - Hocke GbR,https://e2-karlsruhe.de/,karlsruhe_osm_15km_2251,unresolved,,,
artec showtechnik,https://www.artec-showtechnik.de/,karlsruhe_osm_15km_2251,unresolved,,,
Otmar Pol,http://www.otmar-pol.de/,karlsruhe_osm_15km_2251,unresolved,,,
Tristar,http://tristar-technik.de/,karlsruhe_osm_15km_2251,unresolved,,,
Pfarrbüro Michaelisgemeinde,http://www.michaelisgemeinde.de/,karlsruhe_osm_15km_2251,unresolved,,,
Knöll Elektrotechnik,https://www.etknoell.de/,karlsruhe_osm_15km_2251,unresolved,,,
Navaei,http://navaei.de/,karlsruhe_osm_15km_2251,unresolved,,,
Pfarramt St. Josef,http://www.kath-stutensee-weingarten.de/,karlsruhe_osm_15km_2251,unresolved,,,
AfB social & green IT,https://www.afb-group.de/,karlsruhe_osm_15km_2251,jobs_feed_found,https://www.afb-group.de/ueber-uns/karriere/ | https://www.afb-group.de/ueber-uns/karriere/stellenmarkt/,personio,28
GE Pipeline Solutions,http://www.ge.com/,karlsruhe_osm_15km_2251,career_content_found,https://careers.geaerospace.com/global/en | https://careers.geaerospace.com/global/en/home,,
Fahrzeuglogistik ZELTMANN,https://www.kfz-zeltmann.de/,karlsruhe_osm_15km_2251,career_content_found,https://www.kfz-zeltmann.de/karriere/disponent | https://www.kfz-zeltmann.de/karriere/online-bewerbung?tx_powermail_pi1%5Bfield%5D%5Bbewerbungals%5D=Disponent+%28m%2Fw%2Fd%29&cHash=4a6996aec732faa13b0846643567a813 | https://www.kfz-zeltmann.de/karriere/sachbearbeiter | https://www.kfz-zeltmann.de/karriere/online-bewerbung?tx_powermail_pi1%5Bfield%5D%5Bbewerbungals%5D=Sachbearbeiter+%28m%2Fw%2Fd%29&cHash=fd6568304b378ab1a9ad8a87f318191e | https://www.kfz-zeltmann.de/karriere/kraftfahrer-fernverkehr,,
Schlosserei NATEK GbR,http://www.schlosserei-natek.de/,karlsruhe_osm_15km_2251,unresolved,,,
Industrieschilder Stachurski GmbH,http://www.stachurski.de/,karlsruhe_osm_15km_2251,unresolved,,,
Jeschke Umwelttechnik GmbH,http://www.jeschke-umwelttechnik.de/,karlsruhe_osm_15km_2251,career_content_found,https://jobs.kanalservicegruppe.com/ksg-de,personio | personio | personio,
MG Industrieelektronik GmbH,https://www.mg-industrieelektronik.de/,karlsruhe_osm_15km_2251,career_content_found,https://mg-ie.de/en/jobs-en/,,
iformatics,https://www.iformatics.de/,karlsruhe_osm_15km_2251,unresolved,,,
HBH Microwave GmbH,http://www.hbhmw.de/,karlsruhe_osm_15km_2251,unresolved,,,
Kintzel Akustik,https://www.kintzel-akustik.de/,karlsruhe_osm_15km_2251,unresolved,,,
abilis GmbH,http://www.abilis.de/,karlsruhe_osm_15km_2251,unresolved,,,
becomeCloud,https://www.becomecloud.com/,karlsruhe_osm_15km_2251,career_content_found,https://www.becomecloud.com/karriere/,,
Medlab medizinische Diagnosegeräte GmbH,http://www.medlab.eu/,karlsruhe_osm_15km_2251,unresolved,,,
Grether Delp Steuerberater,https://www.grether-delp.de/,karlsruhe_osm_15km_2251,unresolved,,,
HKR Garten-und Landschaftsbau,http://www.hkr-garten.de/,karlsruhe_osm_15km_2251,unresolved,,,
ELOS,https://elosmedtech.com/,karlsruhe_osm_15km_2251,jobs_extracted,https://jobs.elosmedtech.com/jobs | https://jobs.elosmedtech.com/jobs/8483438-quality-inspector | https://jobs.elosmedtech.com/jobs/8483407-manufacturing-engineer,html_jobs,3
Spectra GmbH,http://www.spectra-gmbh.de/,karlsruhe_osm_15km_2251,career_content_found,https://www.spectra-gmbh.de/jobs/,,
Schmidt und Seitz & Co. GmbH,http://www.schmidt-seitz.com/,karlsruhe_osm_15km_2251,career_content_found,https://www.schmidt-seitz.com/jobs/,,
oxaion gmbh,https://www.oxaion.de/,karlsruhe_osm_15km_2251,career_content_found,https://www.oxaion.de/unternehmen/studium-und-karriere,,
comgrav® technology GmbH & Co. KG,http://www.comgrav.de/,karlsruhe_osm_15km_2251,unresolved,,,
Rajapack,https://www.rajapack.de/,karlsruhe_osm_15km_2251,career_content_found,https://karriere.rajapack.de/stellenangebote.html | https://karriere.rajapack.de/arbeiten-bei-raja.html | https://karriere.rajapack.de/karriere.rajapack.de/initiativbewerbung-de-f11.html,,
esentri AG,https://esentri.com/,karlsruhe_osm_15km_2251,career_content_found,https://esentri.com/karriere/ | https://esentri.com/karriere/benefits/ | https://esentri.com/karriere/duesentrieb-camp/ | https://gofore.com/de/karriere/ | https://gofore.com/de/offene-stellen/,,
Patricia D. Kappler,https://www.patricia-kappler.de/,karlsruhe_osm_15km_2251,career_content_found,https://www.patricia-kappler.de/stellenangebote,,
Gerüstbau Kammerer,http://www.geruestbau-kammerer.de/,karlsruhe_osm_15km_2251,career_content_found,https://www.geruestbau-kammerer.de/kontakt-und-anfahrt/stellenangebote,,
Finck & Rau,https://fundr.com/,karlsruhe_osm_15km_2251,unresolved,,,
Caspar Doll GmbH,http://www.doll-der-maler.de/,karlsruhe_osm_15km_2251,unresolved,,,
BOA Metal Solutions GmbH,https://www.boagroup.com/,karlsruhe_osm_15km_2251,career_content_found,https://www.boagroup.com/careers/welder-iii-2nd-shift/,,
IWK Verpackungstechnik GmbH,https://iwk.de/,karlsruhe_osm_15km_2251,career_content_found,https://iwk.de/karriere/ | https://jobs.atsautomation.com/job/Stutensee-Ausbildung-bei-der-IWK-BW-76297/1440056633/ | https://jobs.atsautomation.com/job/Stutensee-Duales-Studium-bei-der-IWK-BW-76297/1440056233/ | https://jobs.atsautomation.com/job/Stutensee-Mitarbeiter-%28mwd%29-Finanz-und-Rechnungswesen-BW-76297/1420576533/ | https://jobs.atsautomation.com/job/Stutensee-Mitarbeiter-%28mwd%29-Hauptbuchhaltung-und-Controlling-BW-76297/1420593833/,,
kreativdesign,https://kreativdesign-karlsruhe.de/,karlsruhe_osm_15km_2251,unresolved,,,
Manfred Hofheinz,https://www.hofheinz-steuerberater.de/,karlsruhe_osm_15km_2251,unresolved,,,
Höllmüller GmbH,https://www.hoellmueller.de/,karlsruhe_osm_15km_2251,unresolved,,,
digitaltest,http://www.digitaltest.de/,karlsruhe_osm_15km_2251,unresolved,,,
BOA Metal Solutions GmbH / IWK Verpackungstechnik GmbH,http://www.atsautomation.com/,karlsruhe_osm_15km_2251,career_content_found,https://www.atslifesciences.com/careers/,,
race result AG,https://www.raceresult.com/,karlsruhe_osm_15km_2251,career_content_found,https://karriere.raceresult.com/ | https://karriere.raceresult.com/jobs,,
tonish,https://www.tonish.com/,karlsruhe_osm_15km_2251,unresolved,,,
IMA Dairy & Food Holding GmbH,https://www.imadairyfood.com/,karlsruhe_osm_15km_2251,unresolved,,,
Lindner & Walter Software GmbH,http://www.lwsoft.de/,karlsruhe_osm_15km_2251,unresolved,,,
Bäder Singer,http://www.baeder-singer.de/,karlsruhe_osm_15km_2251,unresolved,,,
Markus Schmidt GmbH,https://schmidtstallateur.de/,karlsruhe_osm_15km_2251,career_content_found,https://schmidtstallateur.de/karriere/,,
CSE Center of Safety Excellence,https://cse-engineering.de/,karlsruhe_osm_15km_2251,career_content_found,https://cse-engineering.de/unternehmen/karriere/,,
Herrmann und Kutscher GmbH,http://www.herrmann-kutscher.de/,karlsruhe_osm_15km_2251,unresolved,,,
Test- und Weiterbildungszentrum Wärmepumpen und Kältetechnik,https://www.twk-karlsruhe.de/,karlsruhe_osm_15km_2251,career_content_found,https://www.twk-karlsruhe.de/Stellenangebote,,
Helmut Berger Metallbau GmbH,https://www.bergermetallbau.de/,karlsruhe_osm_15km_2251,unresolved,,,
Computer SuppliesTeam,http://www.cst24.de/,karlsruhe_osm_15km_2251,unresolved,,,
InkTec,https://www.inktec-megastore.de/,karlsruhe_osm_15km_2251,unresolved,,,
MS Security & Service Cooperation GmbH,https://www.sicherheit-ms.de/,karlsruhe_osm_15km_2251,career_content_found,https://www.sicherheit-ms.de/jobs2926adb2,,
BGV Hauptvertretung Jens Wagner,http://www.pfinztal.versicherung/,karlsruhe_osm_15km_2251,unresolved,,,
Schuhmann Straßenbau,http://www.schumann-strassenbau.de/,karlsruhe_osm_15km_2251,unresolved,,,
Mihm-Vogt GmbH & Co.KG,http://www.mihm-vogt.de/,karlsruhe_osm_15km_2251,unresolved,,,
Abbund Center Stutensee,http://www.abbund-center.de/,karlsruhe_osm_15km_2251,career_content_found,https://abbund-center.de/karriere/,,
Steuerberater Breitbarth,https://steuer-pfinztal.de/,karlsruhe_osm_15km_2251,career_content_found,https://steuer-pfinztal.de/team/karriere/,,
NDT Global GmbH & Co. KG,http://www.ndt-global.com/,karlsruhe_osm_15km_2251,career_content_found,https://www.ndt-global.com/careers/,,
Evangelisches Pfarramt Berghausen,https://www.evki-berghausen-woe.de/,karlsruhe_osm_15km_2251,unresolved,,,
Süd-Überdachung,http://www.sued-ueberdachung.de/,karlsruhe_osm_15km_2251,unresolved,,,
Altenis,https://www.altenis.de/,karlsruhe_osm_15km_2251,unresolved,,,
PT Bauunternehmen GmbH,http://www.pt-massivbau.de/,karlsruhe_osm_15km_2251,unresolved,,,
Ugan Immobilien,http://ugan.de/,karlsruhe_osm_15km_2251,unresolved,,,
Kafa Bul,http://www.kafabul.de/,karlsruhe_osm_15km_2251,unresolved,,,
Deutsche Rote Kreuz Ortsverein Berghausen,http://www.drk-berghausen.de/,karlsruhe_osm_15km_2251,unresolved,,,
Metallwerkstatt Joachim Epp,http://www.metallwerkstatt-epp.de/,karlsruhe_osm_15km_2251,unresolved,,,
Bäckerei-Konditorei Visel GmbH,http://www.baeckerei-visel.de/,karlsruhe_osm_15km_2251,career_content_found,https://baeckerei-visel.de/karriere/,,
TG-Datennetze,http://www.tg-datennetze.de/,karlsruhe_osm_15km_2251,unresolved,,,
ZIEMANN Sicherheit GmbH,http://www.ziemann-gruppe.de/,karlsruhe_osm_15km_2251,career_content_found,https://karriere.ziemann-gruppe.de/stellenangebote.html | https://karriere.ziemann-gruppe.de/stellenangebote.html?reset_search=1 | https://www.ziemann-gruppe.de/karriere/arbeiten-bei-ziemann/,,
ritterweiß,https://ritterweiss.de/,karlsruhe_osm_15km_2251,career_content_found,https://ritterweiss.de/karriere/ | https://ritterweiss.de/job/rechtsanwalt-m-w-d/ | https://ritterweiss.de/job/steuerfachangestellte-steuerfachwirte-m-w-d/ | https://ritterweiss.de/job/steuerfachangestellte-steuerfachwirte-m-w-d-3/ | https://ritterweiss.de/job/fachkaufmann-frau-fuer-buerokommunikation-steuerfachangestellte-m-w-d-die-keine-lust-mehr-auf-buchhaltung-und-steuererklaerungen-haben-und-die-verwaltung-lieben-m-w-d-fuer-den-standort-woerth/,,
Kudoke,https://www.vermessung-kudoke.de/,karlsruhe_osm_15km_2251,unresolved,,,
M.D.S. Transport,http://www.mds-transport.de/,karlsruhe_osm_15km_2251,career_content_found,https://mds-transport.de/karriere | https://mds-transport.de/careers | https://mds-transport.de/jobs,,
die netzwerft,https://dienetzwerft.de/,karlsruhe_osm_15km_2251,jobs_feed_found,https://dienetzwerft.de/karriere/,personio,5
WMD GmbH,http://wmdgmbh.de/,karlsruhe_osm_15km_2251,unresolved,,,
SN-Finanzplanung,https://www.sn-finanzplanung.de/,karlsruhe_osm_15km_2251,unresolved,,,
Kentner GmbH,http://kentner-schrankwaende.de/,karlsruhe_osm_15km_2251,unresolved,,,
Buchbinderei H-G,https://buchbinderei-gussmann.de/,karlsruhe_osm_15km_2251,unresolved,,,
bringe,https://bringe.com/,karlsruhe_osm_15km_2251,unresolved,,,
Jamit GmbH,https://jamit.de/,karlsruhe_osm_15km_2251,unresolved,,,
Pink Event Service,https://www.pink-event-service.de/,karlsruhe_osm_15km_2251,unresolved,,,
Klar GmbH,https://klar-online.de/,karlsruhe_osm_15km_2251,unresolved,,,
rbs Redaktionsbüro Stutensee,https://fachpressetexte.rbsonline.de/,karlsruhe_osm_15km_2251,unresolved,,,
René Miceli,https://www.rene-miceli.de/,karlsruhe_osm_15km_2251,career_content_found,https://www.rene-miceli.de/karriere/,,
Horn Deutschland Zentrale,http://www.horn-gmbh.com/,karlsruhe_osm_15km_2251,unresolved,,,
Cosma AG,http://www.cosma-gruppe.de/,karlsruhe_osm_15km_2251,unresolved,,,
"Schilling, Peters",http://www.schilling-peters.de/rechtsanwaelte/,karlsruhe_osm_15km_2251,unresolved,,,
Zeeh Design,http://www.zeeh-design.com/,karlsruhe_osm_15km_2251,career_content_found,https://www.zeeh-design.com/karriere/ | https://www.zeeh-design.com/en/careers/,,
Riedle Heiztech & Bäderwelten,https://www.riedle-heiztech.de/,karlsruhe_osm_15km_2251,jobs_extracted,https://riedle-heiztech.de/karriere-in-stutensee/ | https://riedle-heiztech.de/karriere/,html_jobs,4
Technisches Rathaus,https://www.rheinstetten.de/,karlsruhe_osm_15km_2251,career_content_found,https://www.rheinstetten.de/rathaus-und-service/karriere/stellenangebote | https://www.rheinstetten.de/rathaus-und-service/karriere | https://www.rheinstetten.de/rathaus-und-service/karriere/ausbildung | https://www.rheinstetten.de/rathaus-und-service/karriere/beruf--familie,,
Vin's Catering,https://www.vins-catering.de/,karlsruhe_osm_15km_2251,unresolved,,,
!pages,https://impressive-pages.de/,karlsruhe_osm_15km_2251,unresolved,,,
Schneider-Schäfte,http://www.schneider-schaefte.de/,karlsruhe_osm_15km_2251,unresolved,,,
Pickert GmbH,https://www.pickert.gmbh/,karlsruhe_osm_15km_2251,unresolved,,,
Mantel & Groppe Elektrotechnik,https://elektro-mg.de/,karlsruhe_osm_15km_2251,unresolved,,,
RNT Rausch GmbH,https://rnt.de/,karlsruhe_osm_15km_2251,unresolved,,,
ISCAR Germany GmbH,https://www.iscar.de/newarticles.aspx/countryid/7/newarticleid/10892,karlsruhe_osm_15km_2251,unresolved,,,
Leibniz-Institut für Informationsinfrastruktur,https://www.fiz-karlsruhe.de/,karlsruhe_osm_15km_2251,career_content_found,https://www.fiz-karlsruhe.de/de/ueber-uns/unsere-stellenangebote | https://www.fiz-karlsruhe.de/en/ueber-uns/unsere-stellenangebote | https://www.fiz-karlsruhe.de/de/ueber-uns/fiz-karlsruhe-als-arbeitgeber | https://www.fiz-karlsruhe.de/en/ueber-uns/fiz-karlsruhe-als-arbeitgeber,,
ISCAR Germany GmbH,https://www.iscar.de/newarticles.aspx/countryid/7/newarticleid/10892,karlsruhe_osm_15km_2251,unresolved,,,
Institut für Astroteilchenphysik,https://www.iap.kit.edu/,karlsruhe_osm_15km_2251,unresolved,,,
Institut für Experimentelle Teilchenphysik,https://www.etp.kit.edu/,karlsruhe_osm_15km_2251,career_content_found,https://www.etp.kit.edu/stellenangebote.php | https://www.etp.kit.edu/english/jobs.php,,
Institut für Thermische Energietechnik und Sicherheit,https://www.ites.kit.edu/,karlsruhe_osm_15km_2251,career_content_found,https://www.ites.kit.edu/789.php,,
Institut für Technische Physik,https://www.itep.kit.edu/,karlsruhe_osm_15km_2251,career_content_found,https://www.itep.kit.edu/stellenangebote.php | https://www.kit.edu/karriere/stellenangebote.php | https://jobs.pse.kit.edu/de/p/Duales_Studium/jobs/144333/form | https://jobs.pse.kit.edu/de/p/Duales_Studium/jobs/144327/form | https://jobs.pse.kit.edu/de/p/Duales_Studium/jobs/144331/form,,
telematis Netzwerke GmbH,https://www.telematis.de/,karlsruhe_osm_15km_2251,unresolved,,,
Institut für Meteorologie und Klimaforschung,http://www.imk.kit.edu/,karlsruhe_osm_15km_2251,career_content_found,https://www.imk.kit.edu/87.php | https://www.imkaaf.kit.edu/deutsch/Stellenangebote.php | https://www.imkaaf.kit.edu/deutsch/Stellenangebote_965.php | https://www.imkaaf.kit.edu/deutsch/Stellenangebote_948.php,,
Institut für Hochleistungsimpuls- und Mikrowellentechnik,https://www.ihm.kit.edu/,karlsruhe_osm_15km_2251,unresolved,,,
Institut für QuantenMaterialien und Technologien,https://www.iqmt.kit.edu/,karlsruhe_osm_15km_2251,career_content_found,https://www.iqmt.kit.edu/1514.php,,
Goraieb Versuchstechnik,http://www.goraieb.de/,karlsruhe_osm_15km_2251,unresolved,,,
Karlsruher Beryllium Handling Facility,http://www.kbhf.org/,karlsruhe_osm_15km_2251,unresolved,,,
Südroh Recycling GmbH,https://www.suedroh.com/,karlsruhe_osm_15km_2251,career_content_found,https://www.suedroh.com/karriere/ | https://www.suedroh.com/karriere/aushilfsfahrer-in/ | https://www.suedroh.com/karriere/lkw-fahrer-in/,,
Tritiumlabor Karlsruhe,https://www.itep.kit.edu/80.php,karlsruhe_osm_15km_2251,unresolved,,,
Institut für Beschleunigerphysik und Technologie (IBPT),https://www.ibpt.kit.edu/,karlsruhe_osm_15km_2251,unresolved,,,
Institut für Angewandte Informatik,https://www.iai.kit.edu/,karlsruhe_osm_15km_2251,career_content_found,https://www.iai.kit.edu/stellenangebote.php | https://jobs.pse.kit.edu/de/jobs/170788/intro | https://www.iai.kit.edu/english/vacancies.php | https://www.kit.edu/karriere/stellenangebote.php,,
KITTEN,https://www.kitten.kit.edu/,karlsruhe_osm_15km_2251,unresolved,,,
Karlsruhe Research Accelerator (KARA),https://www.ibpt.kit.edu/,karlsruhe_osm_15km_2251,unresolved,,,
Institute for Advanced Membrane Technology (IAMT),http://www.iamt.kit.edu/64.php,karlsruhe_osm_15km_2251,career_content_found,https://www.iamt.kit.edu/24.php,,
Institut für Biologische Grenzflächen 2,http://www.ibg.kit.edu/64.php,karlsruhe_osm_15km_2251,unresolved,,,
Particle Accelerator Test Facility (FLUTE),https://www.ibpt.kit.edu/,karlsruhe_osm_15km_2251,unresolved,,,
Institut für Biologische Grenzflächen Ⅰ,https://www.ibg.kit.edu/ibg1,karlsruhe_osm_15km_2251,unresolved,,,
gSofa,https://www.gsofa.de/,karlsruhe_osm_15km_2251,unresolved,,,
Elektrotechnik Aloisi,https://www.elektrotechnik-aloisi.de/,karlsruhe_osm_15km_2251,career_content_found,https://www.elektrotechnik-aloisi.de/stellenangebote,,
n.able GmbH,https://www.n-able-innovation.com/,karlsruhe_osm_15km_2251,unresolved,,,
My Häppy Garten,https://www.myhaeppygarten.com/,karlsruhe_osm_15km_2251,unresolved,,,
Kerntechnische Entsorgung Karlsruhe GmbH,https://www.kte-karlsruhe.de/,karlsruhe_osm_15km_2251,career_content_found,https://karriere.kte-karlsruhe.de/stellenangebote/ | https://www.jen-juelich.de/karriere/offene-stellen | https://karriere.kte-karlsruhe.de/arbeitgeber-kte/,,
Die VideoAgentur,https://www.dievideoagentur.de/,karlsruhe_osm_15km_2251,unresolved,,,
Stadtbrauhaus Herrmannsbräu,http://www.stadtbrauhaus.de/,karlsruhe_osm_15km_2251,unresolved,,,
Steuerberaterin Brunhilde Krumes,https://www.stb-krumes.de/,karlsruhe_osm_15km_2251,unresolved,,,
mall Umweltsysteme,https://www.mall.info/,karlsruhe_osm_15km_2251,career_content_found,https://www.mall.info/unternehmen/karriere/aktuelle-stellenangebote/ | https://www.mall.info/unternehmen/karriere/aktuelle-stellenangebote/?showOptIn=1&cHash=edc46b3391a71b955adaacbc866462ce | https://www.mall.info/unternehmen/karriere/ | https://www.mall.info/unternehmen/karriere/arbeiten-bei-mall/ | https://www.mall.info/unternehmen/karriere/ausbildung-duales-studium-praktikum-thesisarbeit/,,
Blechnerei Nock,https://blechnerei-nock.de/,karlsruhe_osm_15km_2251,career_content_found,https://blechnerei-nock.de/kontakt/stellen/,,
ABD Dreherei,https://www.abd-dreherei.de/,karlsruhe_osm_15km_2251,unresolved,,,
Sautter,https://www.sautter-elektrotechnik.de/,karlsruhe_osm_15km_2251,unresolved,,,
Pöschl,http://www.pöschl-stahlbau.de/,karlsruhe_osm_15km_2251,unresolved,,,
Johnson Controls,https://www.johnsoncontrols.com/,karlsruhe_osm_15km_2251,career_content_found,https://jobs.johnsoncontrols.com/ | https://jobs.johnsoncontrols.com/job-search | https://jobs.johnsoncontrols.com/job-search?production_JCI_jobs%5BrefinementList%5D%5Bparent_category%5D%5B0%5D=Sales,workday | workday,
Thomas Schneider,https://www.malerbetrieb-thomas-schneider.de/,karlsruhe_osm_15km_2251,unresolved,,,
Klingelnberg,https://klingelnberg.com/,karlsruhe_osm_15km_2251,jobs_extracted,https://klingelnberg.com/karriere | https://klingelnberg.com/karriere/studium | https://klingelnberg.com/karriere/schueler | https://klingelnberg.com/karriere/ausbildung | https://klingelnberg.com/karriere/jobangebote,html_jobs,2
Apleona,https://www.apleona.com/ueber-apleona/,karlsruhe_osm_15km_2251,jobs_extracted,https://apleona.com/careers/qa-zur-ausbildung/ | https://apleona.com/careers/ihr-karrierepotential/ | https://apleona.com/careers/qa-zu-ihrer-bewerbung/ | https://jobs.apleona.com/ | https://apleona.com/careers/security-services-akademy/,html_jobs,1
Fabry Holzbau,https://www.fabry-holzbau.de/,karlsruhe_osm_15km_2251,career_content_found,https://www.fabry-holzbau.de/karriere/ | https://www.fabry-holzbau.de/karriere/handwerk-holzbau/,,
Hölscher Wasserbau,https://www.hoelscher-wasserbau.de/,karlsruhe_osm_15km_2251,career_content_found,https://www.hoelscher-wasserbau.de/de/ | https://www.hoelscher-wasserbau.de/de/karriere/stellenangebote/ | https://www.hoelscher-wasserbau.de/en/employer/jobs/ | https://www.hoelscher-wasserbau.de/de/karriere/ | https://www.hoelscher-wasserbau.de/de/karrieretag-2026/ | https://www.hoelscher-wasserbau.de/de/karriere/linienbaustelle/,,
Semilution GmbH,http://www.semilution.de/,karlsruhe_osm_15km_2251,unresolved,,,
Newill,https://www.stuckateur-newill.de/,karlsruhe_osm_15km_2251,unresolved,,,
Weickum Bauunternehmen GmbH,http://www.weickum-bau.de/,karlsruhe_osm_15km_2251,unresolved,,,
Ginex Espressomaschienen,https://ginex-espressomaschinen.de/,karlsruhe_osm_15km_2251,unresolved,,,
Allianz Generalvertretung Patrik Hirsch,https://vertretung.allianz.de/patrik.hirsch/index.html,karlsruhe_osm_15km_2251,unresolved,,,
Kristina Fetzner,https://www.stb-fetzner.de/,karlsruhe_osm_15km_2251,unresolved,,,
P-Neo Personal GmbH,https://p-neo.de/,karlsruhe_osm_15km_2251,career_content_found,https://p-neo.de/ | https://p-neo.de/jobs/ | https://p-neo.de/job/ota-ata-mrta/ | https://p-neo.de/job/pflegefachkraft/ | https://p-neo.de/job/initiativbewerbung/ | https://p-neo.de/job/kinderkrankenpfleger/,,
Fruchtcargo,https://www.fruchtcargo.de/,karlsruhe_osm_15km_2251,career_content_found,https://www.fruchtcargo.de/career.shtml,,
Rollotronic,https://max-simmel.de/,karlsruhe_osm_15km_2251,unresolved,,,
GÜNTER RUPP,https://www.rupp-siebe.com/,karlsruhe_osm_15km_2251,unresolved,,,
Barmenia Versicherung - Alexandra Pilyus,https://agentur.barmenia.de/alexandra_pilyus,karlsruhe_osm_15km_2251,unresolved,,,
riess,https://www.riess.de/,karlsruhe_osm_15km_2251,jobs_extracted,https://www.riess.de/riess/karriere,html_jobs,1
Riedle HeizTech,http://www.riedle-heiztech.de/,karlsruhe_osm_15km_2251,jobs_extracted,https://riedle-heiztech.de/karriere-in-stutensee/ | https://riedle-heiztech.de/karriere/,html_jobs,4
EPIKUR,http://lernhilfe-epikur.de/,karlsruhe_osm_15km_2251,unresolved,,,
Grabmale Martin Faass,https://martin-faass-grabmale.de/,karlsruhe_osm_15km_2251,unresolved,,,
Guthmann,https://www.guthmann-gmbh.com/,karlsruhe_osm_15km_2251,unresolved,,,
Sparkassen Versicherung,https://www.sparkassenversicherung.de/bernd.kuenzler,karlsruhe_osm_15km_2251,jobs_extracted,https://www.sparkassenversicherung.de/firmenkunden/gewerbliche-rechtsschutzversicherung/arbeitgeber-rechtsschutz.html | https://www.sparkassenversicherung.de/firmenkunden/arbeitgeberportal.html | https://www.sparkassenversicherung.de/firmenkunden/arbeitgeberformular.html | https://www.sparkassenversicherung.de/karriere.html,html_jobs,2
Steuerring,https://www.steuerring.de/arbeitnehmer-steuererklaerung/martin/karlsbad.html,karlsruhe_osm_15km_2251,unresolved,,,
Gamerbräu,https://gamerbraeu.de/,karlsruhe_osm_15km_2251,unresolved,,,
Elektro Wiens,http://www.elektro-wiens.de/,karlsruhe_osm_15km_2251,unresolved,,,
Gotman Fliesenfachbetrieb,https://www.fliesenleger-stutensee.de/,karlsruhe_osm_15km_2251,unresolved,,,
Fliesenverlegung Oliver Megerle,https://megerle.info/,karlsruhe_osm_15km_2251,unresolved,,,
HHAC Labor Dr. Heusler,https://hhac.de/,karlsruhe_osm_15km_2251,unresolved,,,
Haus Garten Montage,https://www.haus-garten-montage.de/,karlsruhe_osm_15km_2251,career_content_found,https://www.haus-garten-montage.de/stellenangebote.html | https://www.haus-garten-montage.de/stelle-1.html,,
AB-Fotodesign,https://www.ab-fotodesign.de/,karlsruhe_osm_15km_2251,unresolved,,,
Crossing Steuerberatungsgesellschaft,https://www.crossing-gmbh.de/,karlsruhe_osm_15km_2251,unresolved,,,
Scheffler,https://scheffler-haustechnik.de/,karlsruhe_osm_15km_2251,unresolved,,,
Brennerei Heidt,https://www.brennerei-heidt.de/,karlsruhe_osm_15km_2251,unresolved,,,
Metallbau Model,https://metallbau-model.de/,karlsruhe_osm_15km_2251,unresolved,,,
Brecht Garten- & Landschaftsbau,https://www.brecht-galabau.de/,karlsruhe_osm_15km_2251,unresolved,,,
Hannemann Montageservice,https://www.hannemann.biz/,karlsruhe_osm_15km_2251,unresolved,,,
Timo Rehorn,https://www.timo-rehorn.de/,karlsruhe_osm_15km_2251,unresolved,,,
Evangelische Kirchengemeinde Langensteinbach (Evang. Pfarrhaus),https://evkila.de/,karlsruhe_osm_15km_2251,unresolved,,,
Pfarramt Evangelische Kirchengemeinde Friedrichstal,https://www.ev-kirche-friedrichstal.de/,karlsruhe_osm_15km_2251,unresolved,,,
Natur- und Vogelfreunde Staffort,http://www.vogelfreunde-staffort.de/,karlsruhe_osm_15km_2251,unresolved,,,
Fotostudio W. Mayrhofer,http://www.foto-mayrhofer.de/,karlsruhe_osm_15km_2251,unresolved,,,
Helvetia Generalagentur Volker Meyer & Marcel Höniges,https://www.helvetia.com/de/web/de/ueber-uns/ueber-helvetia/deutschland/agenturen/volker-meyer.html,karlsruhe_osm_15km_2251,career_content_found,https://www.helvetia.de/de/jobs/de.html | https://www.helvetia.de/de/jobs.html | https://www.helvetia.de/de/jobs/de/kontakt.html | https://www.helvetia.de/de/jobs/de/benefits.html,,
Trockenmacher,https://trockenmacher.de/,karlsruhe_osm_15km_2251,unresolved,,,
Geissler Bad & Dach,http://www.bad-dach.de/,karlsruhe_osm_15km_2251,unresolved,,,
SK Holzbau,https://www.sk-holzbau.com/,karlsruhe_osm_15km_2251,unresolved,,,
Jörg Hoffmann,https://www.stukkateurhoffmann.de/,karlsruhe_osm_15km_2251,career_content_found,https://www.stukkateurhoffmann.de/jobs/,,
Ratzel Steuerberatungsgesellschaft,https://ratzel-stb.de/,karlsruhe_osm_15km_2251,unresolved,,,
Daferner,https://www.daferner-gmbh.de/,karlsruhe_osm_15km_2251,career_content_found,https://www.daferner-gmbh.de/stellenangebote/,,
Holzbau Breyer GmbH,http://www.breyer-holzbau.de/,karlsruhe_osm_15km_2251,unresolved,,,
48DESIGN GmbH - Agentur für neue Medien,https://www.48design.de/,karlsruhe_osm_15km_2251,unresolved,,,
Lernhilfe Fabian,https://www.lernhilfefabian.de/,karlsruhe_osm_15km_2251,unresolved,,,
Energieberatung & Schornsteinfeger M. Jung,http://www.energieberater-jung.de/,karlsruhe_osm_15km_2251,unresolved,,,
Blechblasinstrumente-Karlsbad,https://www.blechblasinstrumente-karlsbad.de/,karlsruhe_osm_15km_2251,unresolved,,,
Neumeister,https://neumeister-gmbh.de/,karlsruhe_osm_15km_2251,unresolved,,,
Schlanz Schleiftechnik,http://www.schanz-schleiftechnik.de/,karlsruhe_osm_15km_2251,unresolved,,,
ISB GmbH,https://www.isb.net/,karlsruhe_osm_15km_2251,career_content_found,https://www.isb.net/karriere/ | https://www.isb.net/karriere,,
Erb GaLaBau,https://www.erb-galabau.de/,karlsruhe_osm_15km_2251,career_content_found,https://www.erb-galabau.de/Karriere.html,,
Physiolinkenheim,https://www.physiolinkenheim.de/,karlsruhe_osm_15km_2251,career_content_found,https://www.physiolinkenheim.de/Job/,,
Wittemann GmbH,https://www.ihrbad.de/,karlsruhe_osm_15km_2251,unresolved,,,
Steuerberaterin Anette Merk-Thiel,https://merk-thiel.de/,karlsruhe_osm_15km_2251,unresolved,,,
dieBergerDesigner,https://www.diebergerdesigner.de/,karlsruhe_osm_15km_2251,unresolved,,,
"Four Wheel Travel Co., Ltd. Niederlassung Deutschland",https://expedition.4wheel.travel/,karlsruhe_osm_15km_2251,unresolved,,,
i-Tüpfelchen Events & Dekoration mit Herz,https://www.i-tuepfelchen-shop.de/,karlsruhe_osm_15km_2251,unresolved,,,
Mahler-Transporte,http://www.mahler-transporte.de/,karlsruhe_osm_15km_2251,unresolved,,,
Rechtsanwaltskanzlei Rolf Schweiger,https://ra-schweiger.de/,karlsruhe_osm_15km_2251,career_content_found,https://ra-schweiger.de/ueber-die-kanzlei/stellenangebote/ | https://ra-schweiger.de/ueber-die-kanzlei/stellenangebote/volljuristin/ | https://ra-schweiger.de/ueber-die-kanzlei/stellenangebote/referendarin/,,
Freshfood,https://www.freshfood-catering.de/,karlsruhe_osm_15km_2251,career_content_found,https://www.freshfood-catering.de/ausbildung-zur-veranstaltungskauffrau-m-w-d-bei-freshfood-catering-starte-deine-karriere/,,
Help & Clean,https://www.helpandclean.de/,karlsruhe_osm_15km_2251,career_content_found,https://www.helpandclean.de/stellenangebote-neu,,
TreeVitalis,http://www.treevitalis.de/,karlsruhe_osm_15km_2251,unresolved,,,
Nees GmbH & Co. KG,https://nees-bauen.de/,karlsruhe_osm_15km_2251,unresolved,,,
huks.digital,https://huks.digital/,karlsruhe_osm_15km_2251,unresolved,,,
Bodo Metz Stukkateurmeisterbetrieb,https://metz-stukkateurmeisterbetrieb.de/,karlsruhe_osm_15km_2251,career_content_found,https://metz-stukkateurmeisterbetrieb.de/stellenangebote.html,,
Schlosserei und Metallbau Busch,https://www.busch-schlosserei.de/,karlsruhe_osm_15km_2251,unresolved,,,
Holcim Kies- und Trockensandwerk,https://www.holcim-sued.de/de/sueddeutschlandstandorte/3/1553,karlsruhe_osm_15km_2251,career_content_found,https://www.holcim-sued.de/de/karriere | https://careers.holcimgroup.com/holcim_south_germany/go/Jobs-bei-Holcim-S%C3%BCddeutschland/8916502/ | https://careers.holcimgroup.com/holcim_south_germany/job/Weil-am-Rhein-Kraftfahrer-%28mwd%29-79576/1361633757/ | https://careers.holcimgroup.com/holcim_south_germany/job/Stra%C3%9Fberg-Kraftfahrer-%28mwd%29-72479/1368898957/,,
Allianz Generalvertretung Zahn OHG,http://www.allianz-zahn.de/,karlsruhe_osm_15km_2251,unresolved,,,
Theapiezenturm Sproß Gmbh,https://www.therapiezentrum-spross.de/,karlsruhe_osm_15km_2251,career_content_found,https://www.therapiezentrum-spross.de/karriere/,,
Holcim Kies- und Trockensandwerk Malsch Verwaltung,https://www.holcim-sued.de/de/sueddeutschlandstandorte/3/1553,karlsruhe_osm_15km_2251,career_content_found,https://www.holcim-sued.de/de/karriere | https://careers.holcimgroup.com/holcim_south_germany/go/Jobs-bei-Holcim-S%C3%BCddeutschland/8916502/ | https://careers.holcimgroup.com/holcim_south_germany/job/Weil-am-Rhein-Kraftfahrer-%28mwd%29-79576/1361633757/ | https://careers.holcimgroup.com/holcim_south_germany/job/Stra%C3%9Fberg-Kraftfahrer-%28mwd%29-72479/1368898957/,,
Glasbläserei Glashalm,https://www.glashalm.de/,karlsruhe_osm_15km_2251,unresolved,,,
Fotodesign Di Nunzio,https://www.fotodesign-dinunzio.de/,karlsruhe_osm_15km_2251,unresolved,,,
Lau & Partner,https://www.lau-partner.de/,karlsruhe_osm_15km_2251,unresolved,,,
BAFzA-Bildungszentrum Büchenau,https://bundesfreiwilligendienst.de/,karlsruhe_osm_15km_2251,unresolved,,,
Schneider Gebäudetechnik GmbH,https://www.swhs.de/,karlsruhe_osm_15km_2251,career_content_found,https://www.swhs.de/category/jobangebote/,,
Hangar Süd von Aircraft Simulation Technology,https://www.hangar-sued.de/,karlsruhe_osm_15km_2251,unresolved,,,
Giacomo Cammalleri Fliesenleger,https://gc-fliesen-karlsruhe.de/,karlsruhe_osm_15km_2251,unresolved,,,
Bolz,http://www.bolz-stutensee.de/,karlsruhe_osm_15km_2251,unresolved,,,
TSE GmbH,http://www.tse-informatik.de/,karlsruhe_osm_15km_2251,unresolved,,,
Malerbetrieb Metz,https://www.malerbetrieb-metz.de/,karlsruhe_osm_15km_2251,unresolved,,,
Gudrun Süß,http://www.rechtsanwaeltin-suess-stutensee.de/,karlsruhe_osm_15km_2251,unresolved,,,
Saurano - Officemanagement,http://www.saurano.de/,karlsruhe_osm_15km_2251,unresolved,,,
Klaus Mangold,http://www.stb-mangold.de/,karlsruhe_osm_15km_2251,unresolved,,,
Anke Such,http://www.asr-web.de/,karlsruhe_osm_15km_2251,unresolved,,,
Hecht Steuerberatungsbüro,https://www.steuerbuero-hecht.de/,karlsruhe_osm_15km_2251,unresolved,,,
Bedios GmbH,https://www.bedios.de/,karlsruhe_osm_15km_2251,unresolved,,,
Magnie Personalservice e.K.,https://www.magnie.de/,karlsruhe_osm_15km_2251,unresolved,,,
Eura Personal GmbH,http://www.eura-personal.de/de/standorte/standorte_bruchsal.php,karlsruhe_osm_15km_2251,unresolved,,,
Süss,http://rolandsuess.de/,karlsruhe_osm_15km_2251,unresolved,,,
Baublechnerei Helmut Feth,http://www.feth-blechnerei.de/,karlsruhe_osm_15km_2251,unresolved,,,
BürgerBüro Spöck,http://www.stutensee.de/rathaus/ansprech/ap_spoec.html,karlsruhe_osm_15km_2251,unresolved,,,
Pailer,https://pailer.com/,karlsruhe_osm_15km_2251,career_content_found,https://pailer.com/karriere/,,
Perfekt Gebäudereinigung,https://www.perfekt-gbr.de/,karlsruhe_osm_15km_2251,unresolved,,,
Dietrich Concept,https://ds-concepts.de/,karlsruhe_osm_15km_2251,unresolved,,,
Baron Sicherheit & Service,https://baron-sicherheit-service.de/,karlsruhe_osm_15km_2251,jobs_extracted,https://baron-sicherheit-service.de/bss/jobs-karriere/ | https://www.diqp.eu/testergebnisse/top-arbeitgeber/baron-sicherheit-service-gmbh/ | https://www.diqp.eu/stellenangebote/ | https://www.diqp.eu/was-bedeutet-employer-branding/,html_jobs,1
ElektroTechnik Michael Hoffner,http://www.etmh.de/,karlsruhe_osm_15km_2251,unresolved,,,
EntrümpelX,https://entruempelx.de/,karlsruhe_osm_15km_2251,career_content_found,https://entruempelx.de/karriere | https://entruempelx.de/careers | https://entruempelx.de/jobs,,
persolog GmbH,https://persolog.com/,karlsruhe_osm_15km_2251,unresolved,,,
plakartiv,http://www.plakartiv.de/,karlsruhe_osm_15km_2251,unresolved,,,
Alter Bahnhof Malsch,https://alterbahnhofmalsch.de/,karlsruhe_osm_15km_2251,unresolved,,,
Allianz,https://www.ocker-steinmetz-allianz.de/,karlsruhe_osm_15km_2251,unresolved,,,
jost-artwork,http://www.jost-artwork.de/,karlsruhe_osm_15km_2251,unresolved,,,
Schlosserei Willi Bauer,https://www.wb-metallbau.de/,karlsruhe_osm_15km_2251,career_content_found,https://www.wb-metallbau.de/blog-reader/stellenangebot.html,,
Fliesen Grimm,http://fliesengrimm.net/,karlsruhe_osm_15km_2251,unresolved,,,
Oberacker Natur & Technik,https://www.oberacker.de/,karlsruhe_osm_15km_2251,unresolved,,,
Cuffaro Immobilien,https://www.cuffaro-immobilien.de/,karlsruhe_osm_15km_2251,unresolved,,,
H+W,https://meisteramwerk.de/,karlsruhe_osm_15km_2251,unresolved,,,
Schreinerei Kastner,https://www.schreinerei-kastner.de/,karlsruhe_osm_15km_2251,unresolved,,,
Profiltech Stufenbandprofile GmbH,https://www.profiltech.com/,karlsruhe_osm_15km_2251,career_content_found,https://www.profiltech.com/karriere/stellenangebote/ | https://www.profiltech.com/en/jobs/ | https://www.profiltech.com/karriere/,,
HS Treuhand GmbH,https://www.hs-gmbh-stb.de/,karlsruhe_osm_15km_2251,career_content_found,https://www.hs-gmbh-stb.de/karriere.html | https://www.hs-gmbh-stb.de/karriere,,
Gartenservice Haubl; Brennholz Stutensee,https://www.gartenservicewh.de/,karlsruhe_osm_15km_2251,unresolved,,,
Zimmerei Scheitl,https://zimmereischeitl.de/,karlsruhe_osm_15km_2251,career_content_found,https://zimmereischeitl.de/stellenangebote.html,,
Mönch Holzbau,https://www.mönch-holzbau.de/,karlsruhe_osm_15km_2251,unresolved,,,
MC Building GmbH,https://www.mc-building.de/,karlsruhe_osm_15km_2251,career_content_found,https://www.mc-building.de/jobs/ | https://www.mc-building.de/jobs/?s=,,
Gartenwerk Erb,https://gartenwerk-erb.de/,karlsruhe_osm_15km_2251,unresolved,,,
Baumpflege Dennig,https://baumpflege-dennig.de/,karlsruhe_osm_15km_2251,career_content_found,https://baumpflege-dennig.de/jobs | https://baumpflege-dennig.de/karriere | https://baumpflege-dennig.de/careers,,
MB Solartechnik,https://www.mb-solartechnik.de/,karlsruhe_osm_15km_2251,unresolved,,,
JB Elektro,https://www.jb-elektro.com/,karlsruhe_osm_15km_2251,career_content_found,https://www.buchmann-elektrotechnik.de/karriere,,
Cuffaro Unternehmensgruppe,https://www.cuffaro-gruppe.de/,karlsruhe_osm_15km_2251,unresolved,,,
novemberWeb Internetdientleistungen,https://www.novemberweb.de/,karlsruhe_osm_15km_2251,unresolved,,,
Generalagentur Björn Tremmel,https://www.sparkassenversicherung.de/,karlsruhe_osm_15km_2251,jobs_extracted,https://www.sparkassenversicherung.de/firmenkunden/gewerbliche-rechtsschutzversicherung/arbeitgeber-rechtsschutz.html | https://www.sparkassenversicherung.de/firmenkunden/arbeitgeberportal.html | https://www.sparkassenversicherung.de/firmenkunden/arbeitgeberformular.html | https://www.sparkassenversicherung.de/karriere.html,html_jobs,2
Meisterklempnerei Alpeisow,http://www.aw-meisterklempnerei.de/,karlsruhe_osm_15km_2251,unresolved,,,
SAN BAU,http://www.san-bau.de/,karlsruhe_osm_15km_2251,unresolved,,,
Perle Teppichwäscherei,https://www.teppichwaesche-karlsruhe.de/,karlsruhe_osm_15km_2251,unresolved,,,
Maler Valencia,http://www.maler-valencia.de/,karlsruhe_osm_15km_2251,unresolved,,,
Arin Transporte,https://arin-ka.de/,karlsruhe_osm_15km_2251,unresolved,,,
Eugen Geyer GmbH,https://www.geyer-gmbh.de/,karlsruhe_osm_15km_2251,career_content_found,https://www.geyer-gmbh.de/de/karriere/ | https://www.geyer-gmbh.de/de/karriere/Praktikum.php | https://www.geyer-gmbh.de/de/karriere/ausbildung.php | https://www.geyer-gmbh.de/de/karriere/arbeitgeber.php | https://www.geyer-gmbh.de/de/karriere/duales-studium.php,,
Stuckateur Meisterbetrieb Ratzel,http://www.ratzel-gipser.de/,karlsruhe_osm_15km_2251,unresolved,,,
Zimmerei Ratzel,https://www.zimmerei-ratzel.de/,karlsruhe_osm_15km_2251,career_content_found,https://zimmerei-ratzel.de/karriere,,
W+W Holzelementbau,https://holzelementbau-nordbaden.de/,karlsruhe_osm_15km_2251,unresolved,,,
Tachlinski Elektrotechnik,http://tachlinski-elektro.de/,karlsruhe_osm_15km_2251,unresolved,,,
Deutsche Vermögensberatung Bärbel Gessler,https://www.dvag.de/baerbel.gessler/index.html,karlsruhe_osm_15km_2251,career_content_found,https://www.dvag-karriere.de/#baerbel.gessler | https://www.dvag-karriere.de/jetzt-bewerben.html | https://www.dvag.de/baerbel.gessler/karriere.html,,
Holzwerkstatt Max Geiger,https://www.holzwerkstatt-geiger.de/,karlsruhe_osm_15km_2251,career_content_found,https://www.holzwerkstatt-geiger.de/news-lesen/stellenangebote.html,,
Metallbau Greulich,https://www.metallbau-greulich.de/,karlsruhe_osm_15km_2251,unresolved,,,
TRG design,https://trg-design.de/,karlsruhe_osm_15km_2251,unresolved,,,
Heinrich Schmid,https://www.heinrich-schmid.com/,karlsruhe_osm_15km_2251,jobs_extracted,https://www.heinrich-schmid.com/karriere/jobs/ | https://www.heinrich-schmid.com/ch/karriere/jobs/ | https://www.heinrich-schmid.com/karriere/ | https://www.heinrich-schmid.com/karriere/kaufleute/ | https://www.heinrich-schmid.com/karriere/handwerker/,html_jobs,19
Henninger Konstruktionstechnik,http://www.henninger-konstruktionstechnik.de/,karlsruhe_osm_15km_2251,unresolved,,,
MF Gebäudetechnik,https://www.mf-gebaeudetechnik.de/,karlsruhe_osm_15km_2251,unresolved,,,
Gruber,http://www.stukkateur-gruber.de/,karlsruhe_osm_15km_2251,unresolved,,,
Immobilien & Hausverwaltung Weiß e.K.,https://www.hausverwaltung-weiss.de/,karlsruhe_osm_15km_2251,unresolved,,,
Buchmann Elektrotechnik,https://buchmann-elektro.de/,karlsruhe_osm_15km_2251,jobs_extracted,https://buchmann-elektro.de/jobs-karriere/ | https://buchmann-elektro.de/jobs/elektroniker-energie-gebaeudetechnik/,html_jobs,1
LELE Production GbR,http://www.lele-pr.com/,karlsruhe_osm_15km_2251,unresolved,,,
Avnet Embedded,https://embedded.avnet.com/,karlsruhe_osm_15km_2251,career_content_found,https://www.tria-technologies.com/career-opportunities/ | https://www.tria-technologies.com/careers/,,
Mödinger & Motk GdbR,http://www.moedinger-motk.de/,karlsruhe_osm_15km_2251,unresolved,,,
Delta Leonis Mediendesign,http://www.delta-leonis.de/,karlsruhe_osm_15km_2251,unresolved,,,
Regulus Service GmbH,http://www.regulus-service.de/,karlsruhe_osm_15km_2251,unresolved,,,
Keramikstudio Baer,http://www.baer-zahntechnik.de/,karlsruhe_osm_15km_2251,unresolved,,,
Flex Dienstleistungen,https://flexdienstleistungen.de/,karlsruhe_osm_15km_2251,unresolved,,,
Glashandlung Walter,https://www.glas-walter.de/,karlsruhe_osm_15km_2251,unresolved,,,
Stahlbau Ritz,http://www.stahlbau-ritz.de/,karlsruhe_osm_15km_2251,unresolved,,,
Steuerkanzlei Haag,https://www.steuerkanzlei-haag.de/,karlsruhe_osm_15km_2251,unresolved,,,
