name,website,email,category,lat,lon,distance_m,osm_type,osm_id,source_url
Regierungspräsidium Karlsruhe am Rondellplatz,https://rp.baden-wuerttemberg.de/rpk,,government,49.0072957,8.4042364,58.9,way,90181932,https://www.openstreetmap.org/way/90181932
Center Management,,,company,49.006468,8.4030262,68.7,node,4622655478,https://www.openstreetmap.org/node/4622655478
Bauordnungsamt Stadt Karlsruhe,,,government,49.0075307,8.4035017,71.6,node,5888375733,https://www.openstreetmap.org/node/5888375733
Stadtplanungsamt Stadt Karlsruhe,,,government,49.0077119,8.4030966,100.4,node,5888375734,https://www.openstreetmap.org/node/5888375734
Karlsruher Energie- und Klimaschutzagentur,https://www.kek-karlsruhe.de/,info@kek-karlsruhe.de,association,49.008114,8.4030061,144.2,node,4694068957,https://www.openstreetmap.org/node/4694068957
alfatraining Bildungszentrum,https://www.alfatraining.de/,,company,49.0057752,8.4051039,161.6,node,1866924740,https://www.openstreetmap.org/node/1866924740
atelier der schönen schneiderkünste,,,atelier,49.0070004,8.4059171,162.1,node,12913063100,https://www.openstreetmap.org/node/12913063100
Industrie- und Handelskammer Karlsruhe,https://www.karlsruhe.ihk.de/ihre-ihk/ueber-uns/anfahrt-2451544,,chamber,49.0076959,8.4018195,163.2,node,4225635194,https://www.openstreetmap.org/node/4225635194
Familienkasse Baden-Württemberg West,https://www.arbeitsagentur.de/vor-ort/familienkasse/familienkasse-baden-wuerttemberg-west-karlsruhe.html,,government,49.0057669,8.4052168,167.7,node,9975731617,https://www.openstreetmap.org/node/9975731617
Staatsanwaltschaft Karlsruhe,https://staatsanwaltschaft-karlsruhe.justiz-bw.de/,poststelle@stakarlsruhe.justiz.bwl.de,government,49.0069321,8.4012732,177.0,node,13643594227,https://www.openstreetmap.org/node/13643594227
Regierungspräsidium Karlsruhe,https://rp.baden-wuerttemberg.de/,,government,49.0081938,8.4052066,181.0,node,3426925515,https://www.openstreetmap.org/node/3426925515
Bewährungs- und Gerichtshilfe Baden-Württemberg,"https://www.bgbw.landbw.de/pb/,Lde/Startseite/Kontakt/Einrichtung+Karlsruhe",karlsruhe@bgbw.bwl.de,government,49.0067417,8.4011776,184.8,node,13643594226,https://www.openstreetmap.org/node/13643594226
Kantorat der Stadtkirche,https://www.stadtkirche-karlsruhe.de/wer-wir-sind/kantorat/,,religion,49.0080255,8.4057266,193.7,node,13507821364,https://www.openstreetmap.org/node/13507821364
Evangelisches Pfarramt,https://www.stadtkirche-karlsruhe.de/wer-wir-sind/pfarramt/,,religion,49.0080603,8.4057259,196.2,node,13507831557,https://www.openstreetmap.org/node/13507831557
Curious About,,,architect,49.006149,8.4062409,203.3,node,1547914554,https://www.openstreetmap.org/node/1547914554
Sapienti AG,http://sapienti-ag.de/,,tax_advisor,49.0083919,8.4016489,223.4,node,5196585502,https://www.openstreetmap.org/node/5196585502
Signal Iduna,https://www.signal-iduna.de/gs.karlsruhe,,insurance,49.008406,8.4016013,226.9,node,5196585503,https://www.openstreetmap.org/node/5196585503
Stadt Karlsruhe Wirtschaftsförderung,,,government,49.0088444,8.4047148,228.5,node,3579302579,https://www.openstreetmap.org/node/3579302579
BARMER Krankenkasse,https://www.barmer.de/,service@barmer.de,insurance,49.0062558,8.4006941,230.7,node,990262313,https://www.openstreetmap.org/node/990262313
Internext Consulting Group,https://www.internext.de/,,company,49.0084561,8.4014498,238.5,node,4972439315,https://www.openstreetmap.org/node/4972439315
Handwerkskammer Karlsruhe,https://www.hwk-karlsruhe.de/,,association,49.0084822,8.4013598,245.1,node,2935895761,https://www.openstreetmap.org/node/2935895761
Amt für Stadtentwicklung,https://www.karlsruhe.de/Stadtentwicklung,afsta@karlsruhe.de,government,49.0087359,8.4056233,247.7,node,8075611589,https://www.openstreetmap.org/node/8075611589
Greenpeace Karlsruhe,,,ngo,49.0067231,8.4072038,256.3,node,4825818954,https://www.openstreetmap.org/node/4825818954
Entropia e.V.,https://entropia.de,info@entropia.de,ngo,49.0065018,8.4071868,258.2,node,671024080,https://www.openstreetmap.org/node/671024080
Volkswohnung,https://volkswohnung.com/,,estate_agent,49.0045636,8.4039783,260.6,node,3694453687,https://www.openstreetmap.org/node/3694453687
Elke Ukas,http://ukas.de,,landscape_architect,49.004507,8.4045072,272.5,node,3694453683,https://www.openstreetmap.org/node/3694453683
Stadtkämmerei: Sachgebiet Kommunale Steuern,,,government,49.008383,8.4067322,275.9,node,4677039621,https://www.openstreetmap.org/node/4677039621
C-Concept Bausanierung,,,engineer,49.0089039,8.4059652,277.4,node,3578191196,https://www.openstreetmap.org/node/3578191196
Karlsruhe Marketing Event GmbH,https://karlsruhe-event.de/,info@karlsruhe-event.de,yes,49.0094452,8.4029861,287.8,node,13660080725,https://www.openstreetmap.org/node/13660080725
Fotostudio,,,photographer,49.0092567,8.4020278,289.0,node,4972621995,https://www.openstreetmap.org/node/4972621995
Karstadt Service-Center,,,customer_service,49.0092918,8.4021324,289.5,node,4972621994,https://www.openstreetmap.org/node/4972621994
Stadt Karlsruhe Stadtkämmerei,,,government,49.0087229,8.4066068,293.3,node,4756332032,https://www.openstreetmap.org/node/4756332032
Änderungsschneiderei Ercan,,,tailor,49.0087491,8.4067835,304.7,node,3578191193,https://www.openstreetmap.org/node/3578191193
Kundencenter Stadtwerke Karlsruhe,https://www.karlsruhe-erleben.de/,,energy_supplier,49.0097299,8.4041534,316.4,node,7057899959,https://www.openstreetmap.org/node/7057899959
Mosaik Digital Network GmbH,,,it,49.0059638,8.4078476,319.9,node,4726157504,https://www.openstreetmap.org/node/4726157504
Staatliches Schulamt Karlsruhe,"http://www.schulamt-karlsruhe.de/,Lde/Startseite",,government,49.0076711,8.3994753,319.9,way,238165707,https://www.openstreetmap.org/way/238165707
Ungerboeck Software,https://ungerboeck.com/,,company,49.0097542,8.4044686,322.3,node,3691999452,https://www.openstreetmap.org/node/3691999452
DIS AG,http://www.dis-ag.com,,company,49.0093069,8.4061814,323.1,node,3686189859,https://www.openstreetmap.org/node/3686189859
cinemo,http://www.cinemo.com/,,company,49.009762,8.4044833,323.3,node,3691999453,https://www.openstreetmap.org/node/3691999453
Objektkultur Software GmbH,http://www.objektkultur.de/,,company,49.009337,8.4011785,327.5,node,4622541491,https://www.openstreetmap.org/node/4622541491
Turan,,,tailor,49.0093168,8.4063775,332.2,node,3294325217,https://www.openstreetmap.org/node/3294325217
"Jugendberatung, Drogenberatung, Präventionsbüro, Interner Beratungsdienst",,,administrative,49.0096651,8.4055082,334.6,node,3611324606,https://www.openstreetmap.org/node/3611324606
Jugendamt Jugendgerichtshilfe,,,administrative,49.0096698,8.4055085,335.0,node,3598614047,https://www.openstreetmap.org/node/3598614047
Tiefbauamt S3 Straßenwesen Bauausführung,,,administrative,49.0096788,8.4055082,336.0,node,3584193704,https://www.openstreetmap.org/node/3584193704
Landratsamt Außenstelle,https://www.landkreis-karlsruhe.de,,government,49.0059772,8.4081257,338.7,node,9518189611,https://www.openstreetmap.org/node/9518189611
Fidelitas Sicherheit,,,security,49.0096476,8.405791,341.5,node,6018042352,https://www.openstreetmap.org/node/6018042352
BNN - Redaktion Karlsruhe-Stadt,http://www.bnn.de/,,newspaper,49.0099561,8.4029143,344.6,node,4057041487,https://www.openstreetmap.org/node/4057041487
Kern,https://www.e-kern.com/de/kern-welten/standorte/karlsruhe/,kern.karlsruhe@e-kern.com,translator,49.0098594,8.4022127,346.5,node,4069223110,https://www.openstreetmap.org/node/4069223110
Kreisbüro der LINKEN,,,political_party,49.0098943,8.4050346,346.9,node,3491830771,https://www.openstreetmap.org/node/3491830771
Orizon,https://www.orizon.de/,technologieregion-karlsruhe@orizon.de,company,49.0098456,8.4021012,347.7,node,3656667015,https://www.openstreetmap.org/node/3656667015
Hausverwaltung Egon Nock,http://hv-nock.de/,,estate_agent,49.0098382,8.4019503,350.8,node,4004213515,https://www.openstreetmap.org/node/4004213515
Lesser Rechtsanwälte,https://lesser-rechtsanwaelte.de/,info@lesser-rechtsanwaelte.de,lawyer,49.0098522,8.4019755,351.5,node,4705498947,https://www.openstreetmap.org/node/4705498947
ENSECUR GmbH,https://www.ensecur.de/,datenschutz@ensecur.de,consulting,49.0098909,8.4021185,352.0,node,10047250188,https://www.openstreetmap.org/node/10047250188
Stadt Karlsruhe Personal- und Organisationsamt,,,government,49.0088791,8.4075518,356.9,node,4585870065,https://www.openstreetmap.org/node/4585870065
bonding-studierndeninitiative e.V.,http://bonding.de/karlsruhe,karlsruhe@bonding.de,association,49.0037317,8.4048666,362.4,node,2602079585,https://www.openstreetmap.org/node/2602079585
Evangelischer Oberkirchenrat,,,religion,49.0070005,8.3987339,362.4,relation,1547813,https://www.openstreetmap.org/relation/1547813
Dr. Harald Wozniewski,http://www.kanzlei.dr-wo.de/,,lawyer,49.0036256,8.4041614,365.6,node,4017875994,https://www.openstreetmap.org/node/4017875994
Schreinerei Keller Pichi Mangold,,,carpenter,49.0066616,8.4087363,368.3,node,5209139516,https://www.openstreetmap.org/node/5209139516
Rechtsanwalt Wolfgang Schmatloch,,,lawyer,49.0096628,8.4065066,369.2,node,13014550450,https://www.openstreetmap.org/node/13014550450
ZAG,https://www.zag.de/ueber-zag/standorte/karlsruhe/,,employment_agency,49.0093046,8.4072458,372.0,node,9764584219,https://www.openstreetmap.org/node/9764584219
Erste Reserve,https://www.erste-reserve.de,,company,49.0096059,8.4067785,375.4,node,305533088,https://www.openstreetmap.org/node/305533088
Übersetzungsbüro BOZIG,,mirjanabozic@web.de,translation,49.0096142,8.4068933,381.2,node,5209292395,https://www.openstreetmap.org/node/5209292395
Wolfgang Pauls Freier Architekt,http://www.wolfgang-pauls.de/,,architect,49.0095607,8.4004019,381.3,node,3686189877,https://www.openstreetmap.org/node/3686189877
lennermann krämer architekten,http://www.lennermannarchitekten.de,,architect,49.0095691,8.4004057,381.9,node,3675643537,https://www.openstreetmap.org/node/3675643537
Übersetzungsbüro Pichottka,,,translation,49.0096125,8.4069141,382.0,node,5209292394,https://www.openstreetmap.org/node/5209292394
Hammer + Helbling Wilser Grundstücksverwaltung GmbH,,,company,49.0095765,8.4004107,382.3,node,3686189864,https://www.openstreetmap.org/node/3686189864
Anwaltskanzlei Pichottka,,,lawyer,49.0096112,8.4069335,382.8,node,5209292393,https://www.openstreetmap.org/node/5209292393
Verbraucherzentrale Baden-Württemberg,https://www.vz-bawue.de,,association,49.0095824,8.4004111,382.8,node,3686189876,https://www.openstreetmap.org/node/3686189876
erste reserve,,,employment_agency,49.0096032,8.4069996,385.1,node,5209292392,https://www.openstreetmap.org/node/5209292392
Mieter- und Bauverein Karlsruhe eG,https://www.mbv-ka.de,,company,49.0033643,8.4036197,393.2,node,7682359372,https://www.openstreetmap.org/node/7682359372
Stadtarchiv,https://www.karlsruhe.de/b1/stadtgeschichte/stadtarchiv.de,,administrative,49.0073143,8.4090915,395.9,way,108351526,https://www.openstreetmap.org/way/108351526
ame Personaldienstleistungen,https://www.ame-zeitarbeit.de/niederlassungen/,,company,49.0085974,8.4085341,399.9,node,12021245931,https://www.openstreetmap.org/node/12021245931
Klimaschutz- und Energieagentur Baden-Württemberg,,,company,49.0099164,8.4006884,400.9,node,3584193703,https://www.openstreetmap.org/node/3584193703
Schlüsseldienst Bolzhauser,https://www.bolzhauser.com/,,locksmith,49.0099661,8.4066063,401.5,node,4067576801,https://www.openstreetmap.org/node/4067576801
Schul- und Sportamt,,,government,49.0077495,8.3982695,407.2,node,4306367901,https://www.openstreetmap.org/node/4306367901
Corps Alemannia,https://alemannen.de/,cc@alemannen.de,association,49.0032208,8.4040757,410.0,node,6238607302,https://www.openstreetmap.org/node/6238607302
"L-Bank, Staatsbank für Baden-Württemberg",,,company,49.0105142,8.4051542,415.6,way,772962987,https://www.openstreetmap.org/way/772962987
Impact Hub,https://karlsruhe.impacthub.net/,,coworking,49.0092585,8.4081478,417.2,way,304550742,https://www.openstreetmap.org/way/304550742
Markus Mokinski Photography,,,photographer,49.0082225,8.4091085,421.0,node,12624186151,https://www.openstreetmap.org/node/12624186151
borellimmobilien,http://borellimmobilien.de/,,estate_agent,49.00992,8.4002012,421.8,node,4109525436,https://www.openstreetmap.org/node/4109525436
Rhein-Er Bau,http://rhein-er-bau.com/,,construction_company,49.0095632,8.4078701,424.5,node,9764584217,https://www.openstreetmap.org/node/9764584217
MegaCycle,https://megacycle-gmbh.de/,,it,49.0053468,8.4090403,426.1,node,540998399,https://www.openstreetmap.org/node/540998399
IG BCE Bezirk Karlsruhe,https://karlsruhe.igbce.de/,bezirk.karlsruhe@igbce.de,union,49.002987,8.4035752,435.2,node,9471428887,https://www.openstreetmap.org/node/9471428887
Freie evangelische Gemeinde,https://feg-karlsruhe.de/,gemeindebuero@feg-karlsruhe.de,religion,49.009647,8.3994168,436.9,node,5470384911,https://www.openstreetmap.org/node/5470384911
Sales & Promotion Marketing Vertriebsagentur,https://www.sundpmarketing.de,,advertising_agency,49.0055865,8.4093475,437.1,node,5821280060,https://www.openstreetmap.org/node/5821280060
Sean Dundee Fußballschule,,,sport,49.0055913,8.4093697,438.4,node,5821280061,https://www.openstreetmap.org/node/5821280061
IG Metall Karlsruhe,https://www.karlsruhe.igm.de,karlsruhe@igmetall.de,union,49.0029495,8.4035714,439.4,node,9342770853,https://www.openstreetmap.org/node/9342770853
Heinz Kutt e.K. Generalagentur,,,insurance,49.005594,8.4093965,440.2,node,5821280062,https://www.openstreetmap.org/node/5821280062
DGB Haus,,,ngo,49.0029416,8.4035474,440.3,way,101325570,https://www.openstreetmap.org/way/101325570
Ingenieurbüro H. Rothenhöfer,http://www.ing-rothenhoefer.de/,,engineer,49.0055969,8.40943,442.4,node,5821280063,https://www.openstreetmap.org/node/5821280063
IG BAU Mitgliederbüro Karlsruhe,,,union,49.002912,8.4035676,443.6,node,9369517965,https://www.openstreetmap.org/node/9369517965
NGG Region Mittelbaden-Nordschwarzwald,https://www.ngg.net/karlsruhe,region.mittelbaden-nordschwarzwald@ngg.net,union,49.0028774,8.4035641,447.4,node,9365489951,https://www.openstreetmap.org/node/9365489951
Techniker Krankenkasse,,,insurance,49.0090607,8.3984488,452.1,node,2998265443,https://www.openstreetmap.org/node/2998265443
Bagci Service,,,key_cutter,49.0095344,8.3989764,452.2,node,6425338443,https://www.openstreetmap.org/node/6425338443
Fachschaft Wirtschaftswissenschaften,https://www.fachschaft.org/,info@fachschaft.org,association,49.0091598,8.4088942,454.6,node,1154481441,https://www.openstreetmap.org/node/1154481441
ISCL - Internet Security Consulting Lang,http://www.iscl.de,,it,49.0097171,8.3990214,463.2,node,3267801586,https://www.openstreetmap.org/node/3267801586
Mieterverein Karlsruhe e.V.,https://www.mieterverein-karlsruhe.de/,info@mieterverein-karlsruhe.de,association,49.0051785,8.3979168,463.2,node,12739557931,https://www.openstreetmap.org/node/12739557931
Pfarrbüro St. Stephan,https://www.allerheiligen-ka.de/ueber-uns/pfarrbueros,info@allerheiligen-ka.de,religion,49.0101829,8.3997561,464.8,node,4770398434,https://www.openstreetmap.org/node/4770398434
Lohnsteuerhilfe City e.V.,,,tax_advisor,49.0095144,8.4088329,474.0,node,3510886811,https://www.openstreetmap.org/node/3510886811
Übersetzungsbüro Salex GmbH,,,translation,49.0095398,8.408836,475.9,node,4004213891,https://www.openstreetmap.org/node/4004213891
Tom Kohler Photography,https://www.tomkohler.de/,mail@tomkohler.de,photographer,49.002685,8.4054919,486.6,node,13663742047,https://www.openstreetmap.org/node/13663742047
studentec,https://www.studentec.de/,,company,49.009642,8.3984256,490.9,node,6466808351,https://www.openstreetmap.org/node/6466808351
KIT Gründerschmiede,https://kit-gruenderschmiede.de/,,consulting,49.0094915,8.4092416,496.4,node,3656667013,https://www.openstreetmap.org/node/3656667013
Starface GmbH,https://starface.com/,info@starface.com,company,49.0045037,8.4094757,498.5,node,610908804,https://www.openstreetmap.org/node/610908804
Schuhmachermeister Haffner,,,shoemaker,49.0023264,8.4037747,508.6,node,4720618322,https://www.openstreetmap.org/node/4720618322
SingLiesel,https://www.singliesel.de,,publisher,49.0063338,8.41063,509.4,node,4069223115,https://www.openstreetmap.org/node/4069223115
Röser Media,http://www.roeser-media.de/,,company,49.0063101,8.4106266,509.5,node,4069223113,https://www.openstreetmap.org/node/4069223113
VDE Bezirksverein Mittelbaden e.V.,http://www.vde-mittelbaden.de,,association,49.0063679,8.4106383,509.5,node,3526802127,https://www.openstreetmap.org/node/3526802127
Regierungspräsidium Karlsruhe,https://rp.baden-wuerttemberg.de/,,government,49.0109095,8.4071165,510.8,way,407204258,https://www.openstreetmap.org/way/407204258
Verlag Röser & Partner GmbH,https://www.roeser-partner.de,,publisher,49.0063163,8.4106588,511.7,node,4069223117,https://www.openstreetmap.org/node/4069223117
Nguyen Änderungsschneiderei,,,tailor,49.0068903,8.4107176,511.9,way,238175621,https://www.openstreetmap.org/way/238175621
Röser Verlag International,https://www.roeser-international.de/,,publisher,49.0063,8.4106628,512.2,node,4069223114,https://www.openstreetmap.org/node/4069223114
Röser,http://roeser-online.de/,,publisher,49.0063469,8.4106805,512.9,node,3526802122,https://www.openstreetmap.org/node/3526802122
Veselcic Bauengineering GmbH,,,architect,49.0023804,8.4051879,514.1,node,2274404243,https://www.openstreetmap.org/node/2274404243
Ingenieurgruppe Bauen,http://www.ingenieurgruppe-bauen.de,,company,49.0063226,8.4107,514.6,node,3734373115,https://www.openstreetmap.org/node/3734373115
KSR,http://ksr-gmbh.net/,info@k-s-r.net,yes,49.0086143,8.3970675,520.0,node,12566506479,https://www.openstreetmap.org/node/12566506479
Vorwerk,https://www.high-court.de/,mail@high-court.de,lawyer,49.0085795,8.3970031,522.9,node,12566506481,https://www.openstreetmap.org/node/12566506481
Gabriele Schneider,,,lawyer,49.0086519,8.3970087,525.5,node,12566506480,https://www.openstreetmap.org/node/12566506480
berchtoldkrass space&options,https://berchtoldkrass.de,,architect,49.0021945,8.4043873,525.6,node,13806067845,https://www.openstreetmap.org/node/13806067845
Vogel-Partner,https://www.vogel-partner.eu/,info@vogel-partner.eu,lawyer,49.0085321,8.3969325,525.9,node,12566506482,https://www.openstreetmap.org/node/12566506482
Fischer Rechtsanwälte,https://www.fischer-rechtsanwaelte.de/,,lawyer,49.0086102,8.3969531,527.6,node,12566506478,https://www.openstreetmap.org/node/12566506478
KIT Forschungsförderung,http://www.for.kit.edu,,university,49.0087486,8.4104077,530.7,node,4158244005,https://www.openstreetmap.org/node/4158244005
audials,https://audials.com/,,it,49.0085649,8.3968801,530.8,node,12566506477,https://www.openstreetmap.org/node/12566506477
Dr. Kern - Reflexive Kompetenz,https://reflexive-kompetenz.de/,gregorkern@web.de,consulting,49.0040954,8.3978088,531.0,node,6635157985,https://www.openstreetmap.org/node/6635157985
Deutsche BKK,,,insurance,49.0087407,8.4104459,532.9,node,4158244001,https://www.openstreetmap.org/node/4158244001
Akademie für Kommunikation,https://www.akademie-bw.de/,karlsruhe@akademie-bw.de,yes,49.0085091,8.3968086,533.5,node,12566506476,https://www.openstreetmap.org/node/12566506476
Büro Süd,http://www.büro-süd.de,an@editorio.de,company,49.0030712,8.4081151,533.8,node,7223647375,https://www.openstreetmap.org/node/7223647375
consultive gmbh,,,it,49.0094916,8.4098618,533.9,node,2392730442,https://www.openstreetmap.org/node/2392730442
workwise,https://www.workwise.io/,support@workwise.io,employment_agency,49.0085947,8.3968329,535.2,node,12566506475,https://www.openstreetmap.org/node/12566506475
Petra Kuch,https://petrakuch.de/,seminare@petrakuch.de,consulting,49.0040958,8.3977197,536.2,node,11821418772,https://www.openstreetmap.org/node/11821418772
Synergie,https://synergie.de/,,employment_agency,49.0085378,8.3967589,538.0,node,4893790737,https://www.openstreetmap.org/node/4893790737
Trippe + Partner Ingenieurgesellschaft,http://www.tpi-online.de,,company,49.0087978,8.410492,538.5,node,4128275409,https://www.openstreetmap.org/node/4128275409
Silke Wüstholz,https://silke-wuestholz.de/,info@silke-wuestholz.de,consulting,49.0040579,8.3977215,538.6,node,11821418773,https://www.openstreetmap.org/node/11821418773
Familienanwalt Dirk Vollmer,https://familienanwalt-karlsruhe.de/,,lawyer,49.0106519,8.3989489,542.3,node,8320663709,https://www.openstreetmap.org/node/8320663709
Huber Möbius Koch,http://www.kanzleihmk.de/,,lawyer,49.0097013,8.3975504,546.1,node,3755136433,https://www.openstreetmap.org/node/3755136433
Goldschmiede Cifci,https://www.goldschmiede-cifci.de/,,jeweller,49.0103334,8.3983069,548.2,node,3609171296,https://www.openstreetmap.org/node/3609171296
3F3E Hausverwaltung,https://www.3f3e-hausverwaltung.de,kontakt@3f3e-hausverwaltung.de,property_management,49.0047835,8.396904,548.7,node,11811835971,https://www.openstreetmap.org/node/11811835971
BBBank Schulungszentrum,,,company,49.0108673,8.3992033,549.7,node,3174659861,https://www.openstreetmap.org/node/3174659861
Alpha Consult KG,http://www.alphaconsult.org/,,company,49.0097027,8.3974698,551.0,node,3675643525,https://www.openstreetmap.org/node/3675643525
Augenzentrum Eckert: Augenarzt Karlsruhe Stadtmitte,https://augenzentrum-eckert.de/standorte/karlsruhe-stadtmitte/,info@augenzentrum-eckert.de,physician,49.0101504,8.3979857,551.7,node,7005855517,https://www.openstreetmap.org/node/7005855517
USU Software AG,https://www.usu.de,,company,49.0057255,8.4110495,551.8,node,4057042004,https://www.openstreetmap.org/node/4057042004
BridgingIT,http://www.bridging-it.de,,company,49.0039826,8.4098854,555.7,node,4078945376,https://www.openstreetmap.org/node/4078945376
adjusted ventures,https://www.adjusted-ventures.com/,axel.jahn@adjusted-ventures.com,consulting,49.0046062,8.3969019,557.6,node,11811799368,https://www.openstreetmap.org/node/11811799368
Fächerbräu,,,company,49.0092334,8.3969233,558.2,node,12104242159,https://www.openstreetmap.org/node/12104242159
Seeburger Haus- und Grundbesitz,http://www.hug-seeburger.de,,company,49.0039847,8.4099789,561.1,node,3633376973,https://www.openstreetmap.org/node/3633376973
qwertiko GmbH,https://www.qwertiko.de/,info@qwertiko.de,it,49.0096651,8.3972399,562.6,node,9217989066,https://www.openstreetmap.org/node/9217989066
ver.di Bezirk Mittelbaden-Nordschwarzwald,https://mittelbaden.verdi.de/,,union,49.0050389,8.410876,562.9,node,4057042228,https://www.openstreetmap.org/node/4057042228
Aticon,http://www.aticon.de,,tax_advisor,49.0049802,8.4108831,565.8,node,4057041486,https://www.openstreetmap.org/node/4057041486
Mkmetric,http://www.mkm.de/,,company,49.0039908,8.4100742,566.4,node,4078945384,https://www.openstreetmap.org/node/4078945384
Navigate AG,https://navigate.de,info@navigate.de,it,49.0095892,8.3971008,566.7,node,9217989069,https://www.openstreetmap.org/node/9217989069
Amnesty International Regionalbüro Karlsruhe,,,ngo,49.0104355,8.3980745,568.2,node,6200998411,https://www.openstreetmap.org/node/6200998411
Postbeamtenkrankenkasse,https://www.pbeakk.de/,,insurance,49.0049327,8.4108936,568.5,node,4057042001,https://www.openstreetmap.org/node/4057042001
Krankengymnastik Christian Konz,https://www.krankengymnastik-konz.de/,,therapist,49.0018842,8.402101,569.8,node,3731921094,https://www.openstreetmap.org/node/3731921094
Socotec,https://unsere-standorte.socotec.de/de/baden-wurttemberg/karlsruhe/karlsruhe/socotec-ingenieure-karlsruhe-500,karlsruhe@hays.de,engineer,49.0104877,8.3980948,571.2,node,13328224004,https://www.openstreetmap.org/node/13328224004
PBW,https://www.pbw.de/,info@pbw.de,yes,49.0104624,8.3980434,572.0,node,13328224005,https://www.openstreetmap.org/node/13328224005
Hays,https://www.hays.de/personalvermittlung/personaldienstleister/standorte/karlsruhe,karlsruhe@hays.de,employment_agency,49.0105144,8.3980661,574.8,node,13328224003,https://www.openstreetmap.org/node/13328224003
DAK Gesundheit,https://www.dak.de/dak/servicezentren/karlsruhe_15604,,insurance,49.0104892,8.3980095,575.8,node,13328224001,https://www.openstreetmap.org/node/13328224001
Service-Center Bagmaci,,,shoemaker,49.0056886,8.4113748,575.8,node,4060056290,https://www.openstreetmap.org/node/4060056290
Stiftung Aufwind,http://www.psd-aufwind.de,,foundation,49.0047719,8.4109092,576.6,node,4057042002,https://www.openstreetmap.org/node/4057042002
Kunz-Schulze Immobilien,http://www.kunz-schulze.de,,estate_agent,49.0051466,8.4111845,579.7,node,4057041999,https://www.openstreetmap.org/node/4057041999
AWIKA Absolventenbücher,http://www.awika.de/,info@awika.de,company,49.0101492,8.3974061,584.2,node,3575330093,https://www.openstreetmap.org/node/3575330093
Nero AG,http://www.nero.com,,company,49.0051184,8.4112431,584.8,node,4004213516,https://www.openstreetmap.org/node/4004213516
Geschäftsstelle DIE LINKE,,,political_party,49.0022831,8.4076641,589.2,node,3581700279,https://www.openstreetmap.org/node/3581700279
Strabag,,,company,49.0051258,8.411341,591.2,node,4057042003,https://www.openstreetmap.org/node/4057042003
Samsun Juwelier,,,jeweller,49.0024613,8.4081772,591.8,node,9519273169,https://www.openstreetmap.org/node/9519273169
Schwaninger & Schmale,https://www.schwaninger-schmale.de/,info@schwaninger-schmale.de,lawyer,49.0051998,8.3960106,591.9,node,13452268778,https://www.openstreetmap.org/node/13452268778
BUND Mittlerer Oberrhein,https://www.bund-mittlerer-oberrhein.de/,bund.mittlerer-oberrhein@bund.net,association,49.0090595,8.4111192,592.0,node,8776854616,https://www.openstreetmap.org/node/8776854616
KS Personal,https://www.ks-personal.jobs/,karlsruhe@ks-personal.jobs,employment_agency,49.0051519,8.3960168,593.2,node,13452268779,https://www.openstreetmap.org/node/13452268779
Berufsgenossenschaft für Gesundheitsdienst und Wohlfahrtspflege,https://www.bgw-online.de,,association,49.0051545,8.4114323,596.5,node,4109525426,https://www.openstreetmap.org/node/4109525426
FIX Personaldienstleistungen,https://fix-perso.de/,info@fix-perso.de,company,49.0100765,8.3971093,596.5,node,6557463322,https://www.openstreetmap.org/node/6557463322
Gaul's Catering,https://gaul-catering.de/,,company,49.0023431,8.3992622,601.3,node,11451606208,https://www.openstreetmap.org/node/11451606208
Gartenbauamt,,,government,49.0023261,8.3992597,603.0,node,4897347381,https://www.openstreetmap.org/node/4897347381
SchulLV,https://www.schullv.de/,mail@schullv.de,company,49.0100646,8.3969846,603.1,node,9158588335,https://www.openstreetmap.org/node/9158588335
Smartpunkt.,,,electronics_repair,49.0100484,8.3969465,604.3,node,1305923004,https://www.openstreetmap.org/node/1305923004
Unic GmbH,https://www.unic.com/,karlsruhe@unic.com,it,49.0097884,8.396678,604.5,node,4461286920,https://www.openstreetmap.org/node/4461286920
AOK Baden-Württemberg,https://bw.aok.de/,,insurance,49.0046144,8.3961698,605.2,node,5420222472,https://www.openstreetmap.org/node/5420222472
BKK VerbundPlus,https://www.bkk-verbundplus.de,,insurance,49.0098099,8.3966882,605.2,node,4128275404,https://www.openstreetmap.org/node/4128275404
Stephan Moritz,http://www.stephanmoritzbau.de/,,construction_company,49.001455,8.4040864,606.1,node,8022674268,https://www.openstreetmap.org/node/8022674268
Damian Grade,,,painter,49.0014414,8.4037987,607.0,node,8022674265,https://www.openstreetmap.org/node/8022674265
Helvetia,,,insurance,49.0051996,8.3957824,607.7,node,11810464561,https://www.openstreetmap.org/node/11810464561
Führungsakademie Baden-Württemberg,https://www.diefuehrungsakademie.de/,poststelle@fuehrungsakademie.bwl.de,government,49.0115719,8.3993394,609.1,node,13451912762,https://www.openstreetmap.org/node/13451912762
Deutsches Rotes Kreuz,https://www.drk-karlsruhe.de/,soziales@drk-karlsruhe.de,association,49.0051534,8.3957827,609.3,node,13452268780,https://www.openstreetmap.org/node/13452268780
mariposa,,,yes,49.0091169,8.4113481,609.9,node,3718868222,https://www.openstreetmap.org/node/3718868222
Vogt Medical,http://www.vogt-medical.com,,company,49.0051279,8.4116284,611.0,node,4057042005,https://www.openstreetmap.org/node/4057042005
Tabel-Subbert-Weins,http://suedstadt-physio.de,,therapist,49.0018901,8.4071556,611.4,node,3748096204,https://www.openstreetmap.org/node/3748096204
Elektro Reichert GmbH,https://www.reichert-elektro.de/,,electrician,49.0016077,8.4060833,613.6,node,8022674260,https://www.openstreetmap.org/node/8022674260
Unfallkasse Baden-Württemberg,http://www.uk-bw.de/,info@ukbw.de,insurance,49.0079615,8.4119683,614.5,way,238175633,https://www.openstreetmap.org/way/238175633
bluehands GmbH & Co.mmunication KG,https://www.bluehands.de/,,company,49.0086268,8.3956901,615.0,node,12376447738,https://www.openstreetmap.org/node/12376447738
International Student Hub,,,university,49.0096533,8.4110657,618.4,node,834261965,https://www.openstreetmap.org/node/834261965
merz kley partner,,,engineer,49.0016126,8.4063263,618.4,node,5890338959,https://www.openstreetmap.org/node/5890338959
Idea Service,http://www.idea-personal.de,,company,49.0078244,8.3953365,618.6,node,4078945381,https://www.openstreetmap.org/node/4078945381
Vector,,,company,49.0047631,8.4115927,622.8,node,4017876008,https://www.openstreetmap.org/node/4017876008
ChurchTools Innovations GmbH,https://church.tools,support@churchtools.de,company,49.0086805,8.3955985,623.2,node,6960633811,https://www.openstreetmap.org/node/6960633811
Kränzle+Fischer-Wasels Architekten,http://kraenzle-fischerwasels.de,info@kraenzle-fischerwasels.de,architect,49.0016775,8.4068519,624.6,node,5107767494,https://www.openstreetmap.org/node/5107767494
Fachschaft Mathematik,https://www.fsmi.org/,mathe@fsmi.org,association,49.0110057,8.4095828,626.5,way,1150212932,https://www.openstreetmap.org/way/1150212932
joa - Studio für Architektur,https://joa-architektur.de,,architect,49.0013563,8.4055541,631.1,node,5890338960,https://www.openstreetmap.org/node/5890338960
Hirsch Reisen,https://www.hirschreisen.de/,,company,49.0092555,8.3958103,632.3,node,5531978137,https://www.openstreetmap.org/node/5531978137
Glasarbeiten aller Art,https://www.glasarbeiten.com/,info@glasarbeiten.com,glaziery,49.002881,8.409851,633.3,node,11592977778,https://www.openstreetmap.org/node/11592977778
DeBeam Deutsche Beamten & ÖD Finanzdienstleistungen GmbH,https://debeam.de/,,insurance,49.0085767,8.3953718,635.4,node,10026572818,https://www.openstreetmap.org/node/10026572818
KIT Finanzmanagement,http://www.fima.kit.edu,,university,49.0099768,8.4110612,636.7,node,4237245703,https://www.openstreetmap.org/node/4237245703
awesome,https://awesome-it.de/,info@awesome-it.de,it,49.008043,8.3951275,638.1,node,12093593641,https://www.openstreetmap.org/node/12093593641
RosyWave,,,company,49.0067207,8.3949301,640.0,node,3755136438,https://www.openstreetmap.org/node/3755136438
Gartenbauamt Bezirk Mitte und Stadtgarten,https://www.karlsruhe.de/b3/freizeit/gruenflaechen/kontakt.de,bezirk-mitte@gba.karlsruhe.de,government,49.0018651,8.3994445,640.2,node,5238637321,https://www.openstreetmap.org/node/5238637321
Orthopädie-Schuhtechnik Granget,http://www.granget.de,,shoemaker,49.0066277,8.3949286,640.5,node,4109525433,https://www.openstreetmap.org/node/4109525433
KIT Dienstleistungseinheit Studium und Lehre,http://www.sle.kit.edu,,university,49.0100607,8.4110668,642.1,node,5599248486,https://www.openstreetmap.org/node/5599248486
Deutsche Telekom AG,,,company,49.0040627,8.4114578,647.9,node,7816793920,https://www.openstreetmap.org/node/7816793920
"Regierungspräsidium Tübingen, Abteilung 11 - Marktüberwachung",,,government,49.0061325,8.3948899,648.3,node,3520551329,https://www.openstreetmap.org/node/3520551329
Serviceplätze 1-9,,,university,49.0097584,8.4115768,656.6,way,256606281,https://www.openstreetmap.org/way/256606281
Erdal's Schlüssel Service,,,key_cutter,49.0017753,8.408192,657.3,node,9519273167,https://www.openstreetmap.org/node/9519273167
Welcome Desk,,,university,49.0096726,8.4116656,657.7,way,256606278,https://www.openstreetmap.org/way/256606278
Altium Europe GmbH,http://www.altium.com,,company,49.0047882,8.4121305,658.2,node,3666250051,https://www.openstreetmap.org/node/3666250051
Anwaltskanzlei Küster · Klas & Kollegen,http://www.kkk-law.de,,lawyer,49.0047851,8.412224,664.7,node,4017875989,https://www.openstreetmap.org/node/4017875989
SCC ServiceDesk,http://www.scc.kit.edu/servicedesk/index.php,,university,49.0122391,8.4077982,664.7,way,407200532,https://www.openstreetmap.org/way/407200532
Engel & Völkers,https://www.engelvoelkers.com/de/karlsruhe/,,estate_agent,49.0052042,8.3949025,668.8,node,4057041992,https://www.openstreetmap.org/node/4057041992
Studierendenservice,http://www.kit.edu/studieren/8744.php,,university,49.0097284,8.4117943,668.9,way,405742834,https://www.openstreetmap.org/way/405742834
Notar Roland Preis,https://www.notar-preis.de/,,notary,49.0051335,8.3949061,670.8,node,13737567645,https://www.openstreetmap.org/node/13737567645
Interhyp,,,estate_agent,49.0073847,8.3945283,671.2,node,6918881499,https://www.openstreetmap.org/node/6918881499
Baier & Depner Rechtsanwälte,https://www.bd-kanzlei.de/,kontakt@bd-kanzlei.de,lawyer,49.007798,8.3945376,675.7,node,11595105199,https://www.openstreetmap.org/node/11595105199
Seeger & Russwurm Immobilien GmbH,https://www.seeger-russwurm.de/,welcome@seeger-russwurm.de,estate_agent,49.0061612,8.3944456,680.0,node,4838882159,https://www.openstreetmap.org/node/4838882159
Kanzlei Link,http://www.stb-link.de/,Info@stb-link.de,tax_advisor,49.0078162,8.3944817,680.1,node,4069223109,https://www.openstreetmap.org/node/4069223109
Serviceplätze 10-18,,,university,49.009744,8.4119731,681.3,way,256606279,https://www.openstreetmap.org/way/256606279
Dr. jur. Herbert Geisler,,,lawyer,49.004847,8.3948814,682.6,node,3708646407,https://www.openstreetmap.org/node/3708646407
Geschäftsstelle Diabetiker Baden-Württemberg e.V.,http://www.diabetiker-bw.de/,,association,49.0048113,8.3948875,683.5,node,4078945379,https://www.openstreetmap.org/node/4078945379
borell Immobilien,http://borellimmobilien.de/,,estate_agent,49.0048619,8.3948512,684.1,node,3528913661,https://www.openstreetmap.org/node/3528913661
Domicilia Hausverwaltung,,,estate_agent,49.0101386,8.3957247,684.2,node,4004213513,https://www.openstreetmap.org/node/4004213513
Amalienpraxis Andrea Klaas,,,yes,49.007819,8.3943937,686.4,node,11595105198,https://www.openstreetmap.org/node/11595105198
Berufsgenossenschaft für Gesundheitsdienst und Wohlfahrtspflege,https://www.bgw-online.de,,association,49.0047892,8.4125429,686.4,node,3666250053,https://www.openstreetmap.org/node/3666250053
Fachschaft Geodäsie und Geoinformatik,https://www.fs-geod.kit.edu/,,association,49.0111088,8.4106245,688.6,node,2652802034,https://www.openstreetmap.org/node/2652802034
Amalienpraxis Claudia Haarbeck,,,yes,49.007831,8.3943556,689.4,node,11595105197,https://www.openstreetmap.org/node/11595105197
"Dipl.-Ing. Rolf Apell, Freier Architekt",,,architect,49.0078435,8.3943144,692.6,node,11595105196,https://www.openstreetmap.org/node/11595105196
Key-Work,https://key-work.de/,,consulting,49.0020539,8.4097269,695.4,node,4109525431,https://www.openstreetmap.org/node/4109525431
Eva Wolter Rechtsanwältin,,,lawyer,49.0078585,8.3942741,695.7,node,11595105195,https://www.openstreetmap.org/node/11595105195
Staatsanwaltschaft Karlsruhe,http://www.stakarlsruhe.de/,,lawyer,49.0118745,8.3979079,696.0,node,6018385949,https://www.openstreetmap.org/node/6018385949
Techniker Krankenkasse,https://www.tk.de/tk/kundenberatungen-a-z/k/0784-karlsruhe-campus/150668,,insurance,49.0090574,8.4126586,696.1,node,3241202670,https://www.openstreetmap.org/node/3241202670
Pranke Consulting,http://www.pranke.com/de/,,consulting,49.0093141,8.394779,703.9,node,3454699508,https://www.openstreetmap.org/node/3454699508
Dr. Daum & Partner Wirtschaftsprüfer Steuerberater Treuhand,https://www.daum-partner.de/kanzlei/steuerbuero_karlsruhe/,info@daum-partner.de,tax_advisor,49.0016735,8.398202,706.1,node,9905210965,https://www.openstreetmap.org/node/9905210965
Fachschaft Architektur,https://www.arch.kit.edu/fakultaet/3900.php,fachschaft@arch.kit.edu,association,49.0110607,8.4110308,707.1,node,3467690546,https://www.openstreetmap.org/node/3467690546
Hauptzollamt Karlsruhe,https://www.zoll.de/SharedDocs/Dienststellen/DE/1_DSSD_Importer/Hauptzollamt/HZA_Karlsruhe/HZA_Karlsruhe_5850/HZA_Karlsruhe_5850.html,poststelle.hza-karlsruhe@zoll.bund.de,government,49.0042792,8.4125555,708.6,node,8569599755,https://www.openstreetmap.org/node/8569599755
PicturePeople,,,photographer,49.0093371,8.3946946,710.5,node,9420355141,https://www.openstreetmap.org/node/9420355141
MatSec Security & Transport GmbH,,info@matsec-sec.de,security,49.0048772,8.394357,717.7,node,4793460912,https://www.openstreetmap.org/node/4793460912
DERR Immobilien,https://www.immobilien-derr.de/,info@immobilien-derr.de,estate_agent,49.0042279,8.3947321,718.5,node,3675643528,https://www.openstreetmap.org/node/3675643528
Schlüsselnotdienst Karlsruhe Moumen,https://www.schlüsseldienst-karlsruhe-key.de/,info@abdullah-moumen.de,yes,49.0047443,8.3943635,722.0,node,12582655044,https://www.openstreetmap.org/node/12582655044
Evangelisches Pfarramt Johannis-Paulus-Gemeinde,https://www.johannis-paulus-ka.de/,,parish,49.0008924,8.4075996,726.1,node,12845068351,https://www.openstreetmap.org/node/12845068351
Datex,http://www.datex.de,,company,49.0047289,8.3943053,726.5,node,3686189860,https://www.openstreetmap.org/node/3686189860
Müller + Hereth,http://www.mueller-hereth.com,,company,49.0047068,8.3943058,727.3,node,3708646415,https://www.openstreetmap.org/node/3708646415
Zentrale Studienberatung (ZSB),https://www.zsb.kit.edu/,,university,49.0102712,8.4124239,738.5,node,3327109593,https://www.openstreetmap.org/node/3327109593
Meister Bagci Service,,,key_cutter,49.0089682,8.394064,739.5,node,4825738783,https://www.openstreetmap.org/node/4825738783
Präsidium,http://www.kit.edu/ps/,,university,49.0103039,8.4124213,740.2,node,3327096892,https://www.openstreetmap.org/node/3327096892
Max Blum KG,,,company,49.0017886,8.4102632,743.1,node,3646153670,https://www.openstreetmap.org/node/3646153670
Technische Glasbläserei Paris,http://www.glasblaeserei.com,,glassblower,49.0078459,8.413812,745.0,node,2625309024,https://www.openstreetmap.org/node/2625309024
Unicef-Arbeitsgruppe Karlsruhe,,,ngo,49.0057132,8.3936338,746.0,node,4715572955,https://www.openstreetmap.org/node/4715572955
Vermögen und Bau Baden-Württemberg - Amt Karlsruhe,http://www.vba-karlsruhe.de,,administrative,49.0131952,8.4076571,757.2,node,4704304447,https://www.openstreetmap.org/node/4704304447
Deutsche Vermögensberatung,,,financial_advisor,49.0039959,8.394177,766.0,node,6070521687,https://www.openstreetmap.org/node/6070521687
Institut für Technikfolgenabschätzung und Systemanalyse,https://www.itas.kit.edu/,,research,49.0111345,8.3953881,767.6,node,3977827938,https://www.openstreetmap.org/node/3977827938
Studierenden Center Maschinenbau,https://www.mach.kit.edu/scm.php,,university,49.0098281,8.4132752,770.6,way,1134008482,https://www.openstreetmap.org/way/1134008482
DEKRA Arbeit GmbH Karlsruhe,https://www.dekra-arbeit.de/de/geschaeftsstellen/baden-wuerttemberg/karlsruhe/dekra-arbeit-karlsruhe.html,karlsruhe.arbeit@dekra.com,company,49.0096793,8.3939904,772.7,node,3755122723,https://www.openstreetmap.org/node/3755122723
Studierenden Center Maschinenbau,https://www.mach.kit.edu/scm.php,,university,49.0098792,8.4132787,773.2,way,1134008481,https://www.openstreetmap.org/way/1134008481
Fachschaft ETIT KIT,https://fs-etit.kit.edu/,info@fs-etit.kit.edu,association,49.0106521,8.4126576,775.2,way,1173405158,https://www.openstreetmap.org/way/1173405158
Deltavista,http://www.deltavista.de,,company,49.0097619,8.3939828,776.9,node,3755122724,https://www.openstreetmap.org/node/3755122724
RGM,,,company,49.0096885,8.3939214,777.7,node,3755136437,https://www.openstreetmap.org/node/3755136437
Pensum GmbH,https://www.pensum-gmbh.de/,karlsruhe@pensum-gmbh.de,company,49.0039861,8.3940067,777.8,node,13578219956,https://www.openstreetmap.org/node/13578219956
Timongruppe,https://timon.de/,info@timon.de,yes,49.0039375,8.3940405,777.8,node,13578219955,https://www.openstreetmap.org/node/13578219955
Anna Beckers,https://www.beckers-rechtspsychologie.de/,,surveyor,49.0056543,8.3931889,779.1,node,11835740738,https://www.openstreetmap.org/node/11835740738
Rechtsanwälte Gerhard Kuhn und Kollegen,https://rechtsanwaelte-kuhn.de/,,lawyer,49.0082716,8.3931883,781.7,node,9381419761,https://www.openstreetmap.org/node/9381419761
AutenSys,https://www.autensys.de/,info@autensys.de,yes,49.0039007,8.3940024,782.0,node,13578219953,https://www.openstreetmap.org/node/13578219953
Bios-BW,https://www.bios-bw.com/,info@bios-bw.de,yes,49.0039411,8.3939614,782.9,node,13578219954,https://www.openstreetmap.org/node/13578219954
mdbm,https://www.mdbm-baumanagement.de/,mail@mdbm-baumanagement.de,yes,49.0038439,8.3939965,785.1,node,4057042006,https://www.openstreetmap.org/node/4057042006
Conemis,http://www.conemis.com,info@conemis.com,company,49.0037826,8.3939845,788.9,node,4069223120,https://www.openstreetmap.org/node/4069223120
ISOMEDIA – Samsung Customer Service,https://isomedia.de/,,electronics_repair,49.008735,8.3931926,793.1,node,6466763896,https://www.openstreetmap.org/node/6466763896
AMZ Steuerberater,https://www.amz-steuer.de/karlsruhe.html,karlsruhe@amz-steuer.de,tax_advisor,49.0036483,8.3939757,796.2,node,10154900083,https://www.openstreetmap.org/node/10154900083
tecis,,,financial_advisor,49.0035774,8.3939701,800.1,node,13578252965,https://www.openstreetmap.org/node/13578252965
amiconsult GmbH,https://amiconsult.de,,company,49.0083813,8.3929066,804.3,node,12662836804,https://www.openstreetmap.org/node/12662836804
Heimstiftung Karlsruhe hsk,https://www.heimstiftung-karlsruhe.de/,verwaltung@heimstiftung-karlsruhe.de,charity,49.0035046,8.3939612,804.5,node,13578252966,https://www.openstreetmap.org/node/13578252966
Fachschaft Physik,https://fachschaft.physik.kit.edu,fachschaft@physik.kit.edu,association,49.0124128,8.4108478,804.7,node,3327096891,https://www.openstreetmap.org/node/3327096891
Hausmeister,,,caretaker,49.0094519,8.4141057,810.3,way,1134006884,https://www.openstreetmap.org/way/1134006884
Fachschaft Maschinenbau und Chemieingenieurwesen,https://www.fs-fmc.kit.edu,,association,49.0094948,8.41411,812.3,way,1134006883,https://www.openstreetmap.org/way/1134006883
kr3m. media GmbH,,info@kr3m.com,company,49.0101978,8.393701,816.3,node,4841370429,https://www.openstreetmap.org/node/4841370429
Hager,https://www.hager.de/,,company,48.9995537,8.4042791,818.0,node,4825738755,https://www.openstreetmap.org/node/4825738755
Berker,https://www.hager.de/,,company,48.9995528,8.4043422,818.3,node,4825738754,https://www.openstreetmap.org/node/4825738754
Super Gebäudereinigung,,,cleaning,49.0001423,8.408315,823.4,node,11733948647,https://www.openstreetmap.org/node/11733948647
Pharmakon,http://www.pharmakon-software.de,,company,48.9994842,8.4043019,825.8,node,4825738751,https://www.openstreetmap.org/node/4825738751
initial,http://initial-karlsruhe.de/,,association,48.9994833,8.4043703,826.1,node,4825738749,https://www.openstreetmap.org/node/4825738749
Karlsruhe Technology Consulting,https://k-tc.de,,company,48.9994701,8.4043368,827.5,node,4825738750,https://www.openstreetmap.org/node/4825738750
digitales bauen,http://www.digitales-bauen.de/,,company,48.9994472,8.4043328,830.0,node,4825738747,https://www.openstreetmap.org/node/4825738747
Evangelisch Lutherisches Pfarramt,https://lutherisch-karlsruhe.org/,,religion,49.0132986,8.3978125,831.0,node,3381799066,https://www.openstreetmap.org/node/3381799066
Cammerer Lenz,,,tax_advisor,49.0105876,8.3936787,838.1,node,5974071411,https://www.openstreetmap.org/node/5974071411
Mailänder Consult,http://www.mic.de/,,company,49.0022304,8.3946028,842.6,node,3708646413,https://www.openstreetmap.org/node/3708646413
CJD-Karlsruhe,https://www.cjd.de/de/beratung-fur-ihre-passende-weiterbildung-karlsruhe/,,educational_institution,49.0102088,8.3932468,846.6,node,11418618580,https://www.openstreetmap.org/node/11418618580
Wibu Systems,https://www.wibu.com/,info@wibu.com,company,49.0002853,8.409469,847.4,node,12093689620,https://www.openstreetmap.org/node/12093689620
Bündnis90 / Die Grünen Kreisverband Karlsruhe,https://gruenekarlsruhe.de,vorstand@gruenekarlsruhe.de,political_party,49.0032848,8.3934715,847.5,node,4806521821,https://www.openstreetmap.org/node/4806521821
Sozialtherapeutischer Kinder- und Jugendhilfeverbund,https://www.awo-karlsruhe.de/,,association,49.0102429,8.3932485,848.1,node,13695565418,https://www.openstreetmap.org/node/13695565418
Arfmann Rechtsanwälte,https://www.arfmann-recht.de/,kanzlei@arfmann-recht.de,lawyer,49.0088331,8.3924137,850.8,node,13706760502,https://www.openstreetmap.org/node/13706760502
Schweikert Schilling,https://www.schweikert-schilling.de/,info@schweikert-schilling.de,architect,48.9992868,8.4050083,851.9,node,446135458,https://www.openstreetmap.org/node/446135458
HeCoPa GmbH,http://www.hecopa-gmbh.de,,company,48.9991212,8.4044682,866.8,node,4109525429,https://www.openstreetmap.org/node/4109525429
Radsport & Schlüsseldienst,,,locksmith,49.0089749,8.4152002,870.0,node,524507023,https://www.openstreetmap.org/node/524507023
Fivers Versicherungsmakler GmbH,https://www.fivers.de,,insurance,48.9990579,8.4039362,872.2,node,7997441358,https://www.openstreetmap.org/node/7997441358
Immo Baden,,,estate_agent,49.0089187,8.3921082,874.8,node,13017393134,https://www.openstreetmap.org/node/13017393134
Versorgungsanstalt des Bundes und der Länder,https://www.vbl.de/de/app/Kontakt?s=LyL4zpiCZtRW0TkchP,,insurance,49.0138062,8.3977899,880.6,node,5223604119,https://www.openstreetmap.org/node/5223604119
BD Management,https://bd-management.de/,info@bd-management.de,consulting,49.0021032,8.3940633,882.4,node,3337450088,https://www.openstreetmap.org/node/3337450088
BEWOG,https://www.bewog.de/,karlsruhe@bewog.de,estate_agent,49.0019814,8.4132629,886.4,node,8570209896,https://www.openstreetmap.org/node/8570209896
Planat ERP,https://www.planat.de,,company,48.998865,8.4041104,894.0,node,10900306487,https://www.openstreetmap.org/node/10900306487
Green Places,https://greenplaces.de/,,estate_agent,48.9988527,8.4040536,895.2,node,10900306481,https://www.openstreetmap.org/node/10900306481
Volkshochschule im Landkreis Karlsruhe,,,educational_institution,48.9988405,8.4039772,896.4,node,10900306485,https://www.openstreetmap.org/node/10900306485
Disy Informationssysteme GmbH,http://www.disy.net/en/about-disy/location.html,,company,49.0048394,8.4155852,896.7,node,3129586255,https://www.openstreetmap.org/node/3129586255
AOK Studentenservice,https://www.aok.de/baden-wuerttemberg/die-aok/112502.php,,insurance,49.0089506,8.4156053,897.8,node,3534156916,https://www.openstreetmap.org/node/3534156916
Mailänder Consult,http://www.mic.de/,,company,49.0015094,8.3945014,899.7,node,3708646412,https://www.openstreetmap.org/node/3708646412
SBB Cargo International,,,company,48.9988099,8.4040723,900.0,node,10900306482,https://www.openstreetmap.org/node/10900306482
Denkhafen,https://ungleich-anders.de/denkhafen/,,yes,48.9993979,8.4083352,900.1,node,8113093266,https://www.openstreetmap.org/node/8113093266
Stadt Karlsruhe,,,government,48.9987981,8.4039975,901.2,node,10900306486,https://www.openstreetmap.org/node/10900306486
Gastronomie-Service Thomas Glaser,,,dispensing equipment,49.0074731,8.3911646,916.6,node,3071631069,https://www.openstreetmap.org/node/3071631069
Badisch Brauhaus,https://www.badisch-brauhaus.de/,,brewery,49.0120527,8.3937303,925.8,way,90626454,https://www.openstreetmap.org/way/90626454
hww,http://www.hww.eu/de/ueber-uns/standorte/karlsruhe,,lawyer,49.0047269,8.4159624,926.5,node,4017876009,https://www.openstreetmap.org/node/4017876009
Eichamt,https://www.service-bw.de/zufi/organisationseinheiten/6008425,,government,49.0111701,8.3927503,929.1,node,1709231908,https://www.openstreetmap.org/node/1709231908
Institut für Wasser und Gewässerentwicklung - Bereich Wasserwirtschaft und Kulturtechnik,http://www.iwg.kit.edu/,,research,49.0106644,8.4151548,934.5,node,4393877182,https://www.openstreetmap.org/node/4393877182
inovex GmbH,https://www.inovex.de/,info@inovex.de,company,49.004763,8.4161179,936.4,node,2622320478,https://www.openstreetmap.org/node/2622320478
interhyp,https://www.interhyp.de,,finance,49.0046971,8.4162019,944.2,node,5211213736,https://www.openstreetmap.org/node/5211213736
Dr. Klein,https://www.drklein.de/,,financial_advisor,49.0047314,8.4162596,947.3,node,5211213733,https://www.openstreetmap.org/node/5211213733
Steuerring,https://www.steuerring.de,,tax_advisor,49.0092309,8.3912074,947.3,node,10302251779,https://www.openstreetmap.org/node/10302251779
Deutsche Presse-Agentur,https://www.dpa.com/de/kontakt/redaktion/,karlsruhe@dpa.com,newspaper,49.0057079,8.3908376,947.5,node,4715572956,https://www.openstreetmap.org/node/4715572956
Daniela Maisack Versicherungsmaklerin,,,insurance,49.0094136,8.3912503,950.1,node,10734521957,https://www.openstreetmap.org/node/10734521957
Bartsch Rechtsanwälte,http://www.bartsch-rechtsanwaelte.de/,,lawyer,49.0001261,8.3957163,952.1,node,3608506959,https://www.openstreetmap.org/node/3608506959
KHW-Kübler GmbH,https://www.khw-immobilien.de,info@khw-immobilien.de,estate_agent,49.0099758,8.3914736,955.1,node,5998331545,https://www.openstreetmap.org/node/5998331545
Welectron,https://welectron.com,info@welectron.com,yes,49.0046651,8.4163515,955.7,node,13095927028,https://www.openstreetmap.org/node/13095927028
K&S Personal,https://www.ks-personal.jobs/,karlsruhe@ks-personal.jobs,employment_agency,49.0099955,8.3914755,955.8,node,5998331544,https://www.openstreetmap.org/node/5998331544
M-A-U-S Erste Hilfe Kurse,https://www.erstehilfe.de,info@erstehilfe.de,educational_institution,49.0100146,8.3914773,956.4,node,5998331543,https://www.openstreetmap.org/node/5998331543
Recklies Rechtsanwälte,https://www.rae-recklies.de/,info@rae-recklies.de,lawyer,49.0100468,8.3914803,957.5,node,5974805788,https://www.openstreetmap.org/node/5974805788
Emslander,,,estate_agent,49.0008749,8.3942838,959.5,node,9957429819,https://www.openstreetmap.org/node/9957429819
Zentrum für Telemedizin Bad Kissingen,https://www.ztm.de/,,yes,49.0052154,8.3907548,962.6,node,9863551311,https://www.openstreetmap.org/node/9863551311
escos automation GmbH,https://www.escos-automation.com/,,yes,49.0051813,8.3907543,963.4,node,9863551310,https://www.openstreetmap.org/node/9863551310
icentic GmbH,https://icentic.com/,,yes,49.0051472,8.3907539,964.2,node,9863551309,https://www.openstreetmap.org/node/9863551309
atelier B:,https://bodelschwingh.de/atelier-b/,atelier.b@bodelschwingh.de,handicraft,49.0010669,8.3939134,964.5,node,3506002985,https://www.openstreetmap.org/node/3506002985
Rechtsbeistand Tatjana Supper,http://www.rechtsbeistand-tsupper.de/,kanzlei@rechtsbeistand-tsupper.de,lawyer,49.0099838,8.3912068,973.6,node,5974804583,https://www.openstreetmap.org/node/5974804583
Arcos Hausverwaltung,https://www.arcos-hausverwaltung.de/,info@arcos-hausverwaltung.de,yes,49.0100033,8.3912078,974.3,node,5974805787,https://www.openstreetmap.org/node/5974805787
Betreuungsbüro Thomas Schirmer,,,yes,48.9982436,8.4057688,974.3,node,13638757947,https://www.openstreetmap.org/node/13638757947
"Schmitt, Kasimir + Partner",http://www.skp-architects.com,info@skp-architects.com,architect,49.010024,8.391209,975.0,node,5974805786,https://www.openstreetmap.org/node/5974805786
Wildwasser Karlsruhe,https://wildwasser-karlsruhe.de/,,charity,49.0100375,8.3912101,975.5,node,12382156134,https://www.openstreetmap.org/node/12382156134
Logo Team,http://www.logo-team.com,info@logo-team.com,logistics,49.0100439,8.3912101,975.8,node,5974804584,https://www.openstreetmap.org/node/5974804584
Seniorenbüro/Pflegestützpunkt,https://www.karlsruhe.de/b3/soziales/personengruppen/senioren/seniorenwegweiser/beratung/seniorenbuero.de,,government,49.0100592,8.3912109,976.3,node,5974805785,https://www.openstreetmap.org/node/5974805785
Fachschaft Chemie und Biowissenschaften,https://www.fschembio-kit.de/,fschembio@lists.kit.edu,association,49.0126205,8.4139578,982.0,way,314404441,https://www.openstreetmap.org/way/314404441
randstad,https://www.randstad.de/standorte/randstad-karlsruhe_3565/,karlsruhe@randstad.de,company,49.0109995,8.3917224,985.4,node,13696485933,https://www.openstreetmap.org/node/13696485933
Karlsruher Lebensversicherung AG,https://www.karlsruher.de,,company,48.9988286,8.3981146,985.7,relation,1667804,https://www.openstreetmap.org/relation/1667804
Institut für Literaturwissenschaft,,,research,49.0131635,8.4133735,991.4,node,1681598682,https://www.openstreetmap.org/node/1681598682
Lauinger Verlag,http://derkleinebuchverlag.de/,,company,49.0086817,8.3903208,995.8,node,4836649850,https://www.openstreetmap.org/node/4836649850
SV SparkassenVersicherung,https://www.sparkassenversicherung.de/kontakt/standort-karlsruhe,,insurance,49.0110498,8.3915745,997.5,node,13696431696,https://www.openstreetmap.org/node/13696431696
Krebs+Kiefer,https://www.kuk.de/,karlsruhe@kuk.de,engineer,49.01103,8.3914748,1003.0,node,13696495492,https://www.openstreetmap.org/node/13696495492
planethOme,,,estate_agent,49.010064,8.3908123,1003.7,node,11416850756,https://www.openstreetmap.org/node/11416850756
Institut für Geschichte,,,research,49.0131466,8.4136921,1006.8,node,830188958,https://www.openstreetmap.org/node/830188958
Deutsche ErdWärme,https://deutsche-erdwaerme.de/,info@deutsche-erdwaerme.de,engineer,49.0110072,8.3913683,1008.7,node,13696495493,https://www.openstreetmap.org/node/13696495493
ASI Wirtschaftsberatung AG,https://www.asi-online.de/geschaeftsstellen-detail/geschaeftsstelle-karlsruhe.html,info.ka@asi-online.de,consulting,49.0109578,8.3913161,1009.7,node,13696583158,https://www.openstreetmap.org/node/13696583158
Fachschaft Geowissenschaften,https://www.fs-geo.kit.edu/,mail@fs-geo.kit.edu,association,49.0095401,8.4170049,1013.9,way,1134839521,https://www.openstreetmap.org/way/1134839521
Heizung & Sanitär Installationsbetrieb,,,plumber,48.9981534,8.4077532,1016.5,node,5906084407,https://www.openstreetmap.org/node/5906084407
KKH Kaufmännische Krankenkasse,,serviceteam7@kkh.de,insurance,49.0109723,8.3912142,1017.0,node,13696583156,https://www.openstreetmap.org/node/13696583156
Sweco,https://www.sweco-gmbh.de/,,architect,49.0109224,8.3911492,1018.8,node,13696583159,https://www.openstreetmap.org/node/13696583159
makou JEWELRY,https://makoujewelry.de,,jeweller,49.0095372,8.39031,1019.7,node,12725152711,https://www.openstreetmap.org/node/12725152711
Fachschaft GeistSoz,https://geistsoz.de,,association,49.013508,8.4134104,1020.5,node,7177559518,https://www.openstreetmap.org/node/7177559518
Geofabrik,https://geofabrik.de,info@geofabrik.de,company,49.009606,8.3902072,1029.1,node,312915889,https://www.openstreetmap.org/node/312915889
WWK Versicherungen,,,insurance,49.006672,8.3895624,1031.5,node,6956166566,https://www.openstreetmap.org/node/6956166566
Plan B Immobilien,https://planb-karlsruhe.de/,info@planb-ka.de,property_management,49.0016117,8.4153487,1033.3,node,7155076307,https://www.openstreetmap.org/node/7155076307
WandAtelier,https://www.wandatelier.com/,kontakt@wandatelier.com,plasterer,49.0009384,8.3924837,1053.0,node,12924872006,https://www.openstreetmap.org/node/12924872006
Vicky & Steve,https://vickysteve-schneiderei.de/,,dressmaker,49.0088069,8.3895271,1055.3,node,1005874606,https://www.openstreetmap.org/node/1005874606
Frauen & Business,https://frauenundbusiness.de/,kontakt@ramonaperfetti.de,consulting,49.0009417,8.3924231,1056.2,node,12924872005,https://www.openstreetmap.org/node/12924872005
Allgemeiner Studierendenausschuss am KIT,https://www.asta-kit.de/,info@asta-kit.de,student_union,49.0120628,8.4159294,1060.7,node,5435790532,https://www.openstreetmap.org/node/5435790532
Schreinerei Kalesse,http://www.schreinerkalesse.de/,info@schreinerkalesse.de,carpenter,49.0070551,8.4182891,1064.3,node,333175901,https://www.openstreetmap.org/node/333175901
Gothaer – Versicherungsservice Niko Schaudt,https://schaudt.gothaer.de/,niko.schaudt@gothaer.de,insurance,48.9974081,8.405603,1064.5,node,10755363181,https://www.openstreetmap.org/node/10755363181
Schwarz Weiss Reinigung,,,cleaning,49.0093274,8.3895637,1065.8,node,2050369527,https://www.openstreetmap.org/node/2050369527
AKD - Allgemeiner Krankenpflegedienst Karlsruhe,https://www.akd-karlsruhe.de/,,company,49.0018585,8.3910677,1078.6,node,5619346731,https://www.openstreetmap.org/node/5619346731
Fachschaft W - Hochschule Karlsruhe,https://fachschaftw.de,,association,49.0132181,8.3923704,1084.6,node,5682572644,https://www.openstreetmap.org/node/5682572644
Gartenbauamt Bezirk Ost,,bezirk-ost@gba.karlsruhe.de,government,49.005923,8.4185201,1086.4,node,5238637322,https://www.openstreetmap.org/node/5238637322
beratungsWERK,https://www.sw-ka.de/de/beratung/beratungswerk/,,student_affairs,49.0120193,8.4165979,1099.5,way,671051826,https://www.openstreetmap.org/way/671051826
Fraunhofer-Institut für Werkstoffmechanik,,,research,49.0132142,8.4153349,1101.4,node,4622429973,https://www.openstreetmap.org/node/4622429973
Regus Business Center,,,yes,49.00423,8.4184094,1113.3,node,3506705161,https://www.openstreetmap.org/node/3506705161
SüdWest Datenschutz Rechtsanwaltsgesellschaft mbH,https://www.suedwest-datenschutz.com/,,company,49.0042484,8.4184284,1114.0,node,11104897998,https://www.openstreetmap.org/node/11104897998
PDMLab e.K.,https://pdmlab.com,,it,49.0042261,8.4184275,1114.6,node,3374741649,https://www.openstreetmap.org/node/3374741649
GGU Gesellschaft für Geophysikalische Untersuchungen mbH,https://www.ggukarlsruhe.de,mail@ggukarlsruhe.de,company,48.9968855,8.4046485,1115.7,node,10647588943,https://www.openstreetmap.org/node/10647588943
Insolvenzbüro Wesche,https://www.insbw.de,info@insbw.de,lawyer,49.0076967,8.3884026,1119.3,node,8783039431,https://www.openstreetmap.org/node/8783039431
Genossenschaft für Wohnungsbau Karlsruhe 1921,https://www.gwk1921-wohnbau.de/,info@gwk1921-wohnbau.de,estate_agent,48.9989148,8.4130442,1119.4,node,4482095989,https://www.openstreetmap.org/node/4482095989
KVV-Fundbüro,https://www.kvv.de/service/fundsachen.html,,government,49.0091981,8.3887492,1120.0,node,12241485836,https://www.openstreetmap.org/node/12241485836
Skriptenverkauf / Information,,,university,49.0113328,8.4174919,1120.2,node,982371850,https://www.openstreetmap.org/node/982371850
chemPUR,https://chempur.de,info@chempur.de,company,48.9977109,8.4100705,1122.5,node,10713177580,https://www.openstreetmap.org/node/10713177580
Studierendenwerk Karlsruhe,https://www.sw-ka.de,,company,49.0116058,8.4173526,1124.9,node,7177559508,https://www.openstreetmap.org/node/7177559508
Helmut Schlachter GmbH,https://www.schlachtergmbh.de/,info@schlachtergmbh.de,metal_construction,49.0072122,8.4191389,1126.7,node,5837226736,https://www.openstreetmap.org/node/5837226736
Service-Büro des Studierendenwerks,https://www.sw-ka.de/de/beratung/service-buero/,,student_affairs,49.0119359,8.4171623,1130.3,way,743724125,https://www.openstreetmap.org/way/743724125
Bauersachs Rechtsanwälte,https://www.rechtsanwaelte-bauersachs.biz/,info@bauersachs.biz,lawyer,48.9988754,8.3941729,1131.0,node,4358025694,https://www.openstreetmap.org/node/4358025694
act smartware,https://www.act-smartware.de/,info@act-smartware.de,it,48.998841,8.3941705,1134.1,node,11347267934,https://www.openstreetmap.org/node/11347267934
Gerhard Weber,,,locksmith,48.9993927,8.414325,1139.1,node,8197596380,https://www.openstreetmap.org/node/8197596380
ID Ingenieure,,,engineer,49.0096639,8.3886252,1141.7,node,5968284389,https://www.openstreetmap.org/node/5968284389
ZG Raiffeisen,https://www.zg-raiffeisen.de,,company,48.9966836,8.4056099,1144.5,node,6471047246,https://www.openstreetmap.org/node/6471047246
Kilicer Bau GmbH,http://kilicerbau.de/,,builder,49.006973,8.4194085,1145.8,node,5471017807,https://www.openstreetmap.org/node/5471017807
Thomas Fabrinsky,http://www.fabrinsky.com,info@fabrinsky.com,architect,49.0007951,8.3909923,1148.9,node,3634042241,https://www.openstreetmap.org/node/3634042241
CodeWrights GmbH,https://www.codewrights.de/,,it,48.9965398,8.4038286,1152.0,node,1249060110,https://www.openstreetmap.org/node/1249060110
Radkurier Karlsruhe,https://radkurier-karlsruhe.de/,hallo@radkurier-karlsruhe.de,logistics,48.9973411,8.4098518,1153.8,node,8567469024,https://www.openstreetmap.org/node/8567469024
Endress + Hauser,https://www.de.endress.com/,info.de@endress.com,engineer,48.9965174,8.4037978,1154.5,node,12012065171,https://www.openstreetmap.org/node/12012065171
Geno Pensionskasse,https://www.geno-pensionskasse.de,info@geno-pensionskasse.de,insurance,48.9964786,8.4046977,1161.1,node,10717813720,https://www.openstreetmap.org/node/10717813720
AWO Karlsruhe,https://www.awo-karlsruhe.de/,,company,49.0008963,8.4167632,1163.5,node,4825738765,https://www.openstreetmap.org/node/4825738765
Malteser Hilfsdienst e.V. Karlsruhe,https://www.malteser-bw.de/unsere-standorte/karlsruhe.html,,association,48.9964656,8.4048942,1163.5,node,10717829333,https://www.openstreetmap.org/node/10717829333
Nelly van Overberghe,https://www.ptvo.de/,info@ptvo.de,therapist,49.0056538,8.3878285,1166.0,node,12055161827,https://www.openstreetmap.org/node/12055161827
DEVK Versicherungen Regionaldirektion Karlsruhe,https://karlsruhe.devk.de/,,insurance,48.997085,8.4093526,1166.7,way,616173978,https://www.openstreetmap.org/way/616173978
Wolfgang Barth,http://www.wb-ka.de,info@wb-ka.de,electrician,48.999141,8.3928761,1169.5,way,172743017,https://www.openstreetmap.org/way/172743017
Secorvo Security Consulting GmbH,https://www.secorvo.de,,company,48.9963647,8.4041864,1172.0,node,6436931403,https://www.openstreetmap.org/node/6436931403
Reich + Seiler,http://reich-seiler.de/,,architect,48.9963272,8.4035633,1175.7,node,5417989574,https://www.openstreetmap.org/node/5417989574
AXA Versicherung,,,insurance,48.9986479,8.3936082,1176.4,node,3584193700,https://www.openstreetmap.org/node/3584193700
Petra Hausmann,,,jeweller,49.0022068,8.3892027,1179.2,way,106088836,https://www.openstreetmap.org/way/106088836
TelefonSeelsorge Karlsruhe,https://www.telefonseelsorge-karlsruhe.de/,,consulting,49.0109336,8.3886961,1182.7,node,13136772876,https://www.openstreetmap.org/node/13136772876
Fliesen Glauner,http://www.fliesen-glauner.de/,,tiler,48.9987115,8.3933127,1184.6,way,117559560,https://www.openstreetmap.org/way/117559560
Baurmann.Dürr Architekten,http://www.bdarchitekten.eu,kontakt@bdarchitekten.eu,architect,49.0005854,8.390608,1185.3,way,172333154,https://www.openstreetmap.org/way/172333154
DVGW Prüflaboratorium Gas,http://www.dvgw-ebi.de/prueflaboratorium.htm,,certification,49.0147183,8.4148561,1190.7,node,4622429976,https://www.openstreetmap.org/node/4622429976
adesso,https://www.adesso.de,,it,49.005261,8.4198403,1191.3,node,6688483711,https://www.openstreetmap.org/node/6688483711
Architekten Lenzstraße Dreizehn,,,architect,49.0010438,8.3898702,1200.7,way,171575126,https://www.openstreetmap.org/way/171575126
B & B Consulting,https://www.bub-consulting-karlsruhe.de/,bolat@web.de,consulting,48.9981337,8.3940374,1202.9,node,14141038220,https://www.openstreetmap.org/node/14141038220
Weilandt Rechtsanwälte,http://www.weilandt.de,post@weilandt.de,lawyer,49.0002969,8.3905176,1209.9,way,90167589,https://www.openstreetmap.org/way/90167589
Stadtjugendausschuss e.V. Karlsruhe,https://stja.de,,association,49.0152566,8.3930343,1211.8,node,5857270469,https://www.openstreetmap.org/node/5857270469
Steuerring,https://www.steuerring.de/arbeitnehmer-steuererklaerung/sokolovic/karlsruhe.html,gojko.sokolovic@steuerring.de,tax_advisor,48.9963951,8.3991854,1213.6,node,13323167042,https://www.openstreetmap.org/node/13323167042
DIS AG,https://www.dis-ag.com/ueber-uns/kontakt/niederlassungssuche/karlsruhe-office/,,company,49.0051185,8.4201367,1215.2,node,6282917276,https://www.openstreetmap.org/node/6282917276
Badischer Landesverein für Innere Mission,https://www.badischer-landesverein.de,,association,48.9985551,8.3928721,1218.6,node,6181010677,https://www.openstreetmap.org/node/6181010677
DPlan,http://www.dplangmbh.de/,,company,48.9981924,8.393551,1218.8,node,3690026248,https://www.openstreetmap.org/node/3690026248
Hüll & Hüll,https://www.stb-huell.de/,mail@stb-huell.de,tax_advisor,48.99632,8.3992028,1221.3,node,13323167043,https://www.openstreetmap.org/node/13323167043
Kommunaler Versorgungsverband Baden-Württemberg,https://www.kvbw.de/,,insurance,49.0045642,8.4200817,1222.8,node,5983193830,https://www.openstreetmap.org/node/5983193830
Evangelische Kirche in Karlsruhe,https://www.ev-kirche-ka.de/,,religion,49.0112054,8.3882705,1223.0,node,13136772877,https://www.openstreetmap.org/node/13136772877
Studierendenbüro,,,university,49.0150085,8.392336,1224.7,node,11005771725,https://www.openstreetmap.org/node/11005771725
Andreas Friedrich Fotografie,https://www.andreasfriedrich.org/,info@andreasfriedrich.org,photographer,49.0004246,8.3899383,1235.4,way,172994001,https://www.openstreetmap.org/way/172994001
apfoto,https://apfoto.de/,info@apfoto.de,photographer,49.0060083,8.3867419,1240.9,node,8264294156,https://www.openstreetmap.org/node/8264294156
handicap-event-management,http://www.handicap-event-management.de,,company,49.0006849,8.4179232,1246.6,node,5344553821,https://www.openstreetmap.org/node/5344553821
Katholische Hochschulgemeinde Karlsruhe,https://khg-karlsruhe.de,,religion,48.9993404,8.3909771,1252.2,node,8015986820,https://www.openstreetmap.org/node/8015986820
Pâtisserie Ludwig,,,bakery,48.9956405,8.4025697,1254.7,node,3657164257,https://www.openstreetmap.org/node/3657164257
Daum Rechtsanwälte,,,lawyer,48.9978266,8.3934488,1255.8,node,4004213510,https://www.openstreetmap.org/node/4004213510
CNT AG,http://www.cnt.net/,,company,49.0037812,8.4203057,1259.9,node,5211213709,https://www.openstreetmap.org/node/5211213709
diva-e Digital Value Excellence,https://www.diva-e.com/,,company,49.003805,8.4203218,1260.3,node,5211213704,https://www.openstreetmap.org/node/5211213704
Crown Software GmbH,http://www.crown.de/,,company,49.0037588,8.420303,1260.4,node,5211213701,https://www.openstreetmap.org/node/5211213701
Baufinanzierungspool24,http://www.baufinanzierungspool24.de,,finance,49.0037557,8.4203318,1262.5,node,5211213700,https://www.openstreetmap.org/node/5211213700
WWK Versicherungen Bezirksdirektion Karlsruhe-Nord,,,insurance,49.0052663,8.4208381,1263.2,node,4771468904,https://www.openstreetmap.org/node/4771468904
Asconda,http://www.asconda.de/,,finance,49.0037447,8.4203506,1264.2,node,5211213702,https://www.openstreetmap.org/node/5211213702
Steuerberatungskanzlei Önder Aydin,http://www.steuerberatungskanzlei-aydin.de/,,tax_advisor,49.003768,8.4203634,1264.4,node,5211213708,https://www.openstreetmap.org/node/5211213708
ILI Consulting,https://ili-consulting.de,,company,49.00379,8.4203929,1265.8,node,5211213705,https://www.openstreetmap.org/node/5211213705
"Löffler, Steigelmann, Krieger & Partner",http://www.lsk-partner.de/,,lawyer,49.0136487,8.3897044,1266.9,node,6466834469,https://www.openstreetmap.org/node/6466834469
Engel & Völkers,https://www.engelvoelkers.com/de-de/karlsruhecommercial/,,estate_agent,49.0037768,8.4204096,1267.4,node,5211213695,https://www.openstreetmap.org/node/5211213695
Aras & Kollegen,http://ra-aras.de/,,lawyer,49.0037522,8.4204063,1267.9,node,5211213707,https://www.openstreetmap.org/node/5211213707
new&able,http://www.newandable.com/,,company,49.0037878,8.4204593,1270.5,node,5211213697,https://www.openstreetmap.org/node/5211213697
Günther Lehmann GmbH & Co. KG,,,company,49.0037342,8.4204378,1270.6,node,5211213698,https://www.openstreetmap.org/node/5211213698
Immosecuritas Immobilienverwaltungs-GmbH,https://www.immosecuritas.de/,,estate_agent,49.0037751,8.4204559,1270.7,node,5211213706,https://www.openstreetmap.org/node/5211213706
Pfarrbüro St. Bernhard,https://www.st-raphael-ka.de,st-bernhard@st-raphael-ka.de,parish,49.0088903,8.4208716,1271.9,node,4410545202,https://www.openstreetmap.org/node/4410545202
Diakonie Kork,https://diakonie-kork.de/,heps-ka@diakonie-korb.de,association,49.0086868,8.3864341,1274.9,node,11564211512,https://www.openstreetmap.org/node/11564211512
Comeback Unternehmensfilm GmbH,https://www.comebackfilm.de/,hallo@comebackfilm.de,company,49.0015405,8.3882344,1275.9,node,13849611055,https://www.openstreetmap.org/node/13849611055
Weisenburger Bau GmbH,https://www.weisenburger.de,,company,49.0044164,8.4208099,1278.2,node,8829279328,https://www.openstreetmap.org/node/8829279328
VEGA Grieshaber,http://www.vega.com,,company,49.0014904,8.3882264,1279.0,node,14201511501,https://www.openstreetmap.org/node/14201511501
SteamWork,https://goodspaces.de/karlsruhe/steamwork,,coworking,49.0015518,8.3881269,1282.2,way,1321845490,https://www.openstreetmap.org/way/1321845490
Siccas Guitars,https://www.siccasguitars.de,info@siccasguitars.com,musical_instrument,49.0011133,8.3884274,1286.5,node,13676270006,https://www.openstreetmap.org/node/13676270006
a3architekten,,info@a3architekten.com,architect,49.0094863,8.4209105,1287.8,node,4410545233,https://www.openstreetmap.org/node/4410545233
fix Umzüge,https://www.fixumzuege.de,,moving_company,49.0034013,8.3868593,1288.5,node,5772572759,https://www.openstreetmap.org/node/5772572759
"Regierungspräsidium Karlsruhe Referat 16 - Polizeirecht, Höhere Straßenverkehrsbehörde",,,government,49.0133197,8.3889775,1289.4,node,6466836601,https://www.openstreetmap.org/node/6466836601
GoodSpaces,https://goodspaces.de/karlsruhe/steamwork,hello@goodspaces.de,company,49.0015672,8.3879344,1293.9,node,12231824569,https://www.openstreetmap.org/node/12231824569
Trafficon Innovation,https://www.trafficon.de/,,consulting,49.0015073,8.3879234,1297.7,node,13286848713,https://www.openstreetmap.org/node/13286848713
Landesamt für Geoinformation und Landentwicklung,https://www.lgl-bw.de/lgl-internet/opencms/de/index.html,,government,49.0050503,8.3861209,1298.6,way,97377633,https://www.openstreetmap.org/way/97377633
Implenia,http://www.regiobau.implenia.com,,company,49.003702,8.4208488,1300.4,node,5196380841,https://www.openstreetmap.org/node/5196380841
Feldmann Consulting,http://www.feldmannconsulting.de/,,company,49.0036493,8.4208623,1303.0,node,5196380839,https://www.openstreetmap.org/node/5196380839
Weisenburger Projekt GmbH,https://www.weisenburger.de,,company,49.0043249,8.4212297,1310.3,node,8829279327,https://www.openstreetmap.org/node/8829279327
Haus Solms,,,government,49.0127595,8.3880855,1312.1,way,109764370,https://www.openstreetmap.org/way/109764370
Pure Soundsystems,https://www.puresoundsystems.de/,mail@puresoundsystems.de,company,48.9996963,8.4180478,1318.0,node,7155085640,https://www.openstreetmap.org/node/7155085640
IWI Fachschaft,https://www.iwi-hka.de,kontakt@iwi-hka.de,association,49.0149474,8.3903571,1322.0,node,13999845482,https://www.openstreetmap.org/node/13999845482
knubben & lunker,https://knubben-lunker.de/,,architect,48.9970577,8.3935212,1322.5,node,311191469,https://www.openstreetmap.org/node/311191469
Corpoccino,,,therapist,49.0092976,8.421463,1322.8,node,4410545199,https://www.openstreetmap.org/node/4410545199
Joseph Gottlieb Kölreuter Institut für Pflanzenwissenschaften,https://www.jkip.kit.edu/,joachim.daumann@kit.edu,research,49.0131247,8.4192797,1330.5,node,11410823092,https://www.openstreetmap.org/node/11410823092
Majolika Manufaktur,https://majolika-karlsruhe.de/,info@majolika-karlsruhe.com,atelier,49.0187915,8.4008731,1338.3,node,7895905056,https://www.openstreetmap.org/node/7895905056
IWI International IT Business,,sekretariat.wi.iwi@h-ka.de,university,49.0149412,8.3900307,1339.2,node,13999845480,https://www.openstreetmap.org/node/13999845480
IWI Data Science,,sekretariat.wi.iwi@h-ka.de,university,49.0149607,8.3900328,1340.5,node,13999845481,https://www.openstreetmap.org/node/13999845481
IWI Wirtschaftsinformatik,,sekretariat.wi.iwi@h-ka.de,university,49.0149793,8.3900347,1341.8,node,13999845479,https://www.openstreetmap.org/node/13999845479
Anwaltskanzlei Schimanek,https://rechtsanwalt-schimanek.de/,rahp.schimanek@t-online.de,lawyer,49.0102492,8.3860063,1343.2,node,4029917617,https://www.openstreetmap.org/node/4029917617
IWI Informatik,,sekretariat.i.iwi@h-ka.de,university,49.0149536,8.3899134,1346.5,node,13999845478,https://www.openstreetmap.org/node/13999845478
EIT Elektrotechnik – Energietechnik und Erneuerbare Energien,,nadine.baeumler@h-ka.de,university,49.0149589,8.3899147,1346.8,node,13999845476,https://www.openstreetmap.org/node/13999845476
Pander Visuelle Komunikation,,,graphic_design,49.004429,8.385607,1348.0,node,5838435085,https://www.openstreetmap.org/node/5838435085
IWI Medieninformatik,,sekretariat.i.iwi@h-ka.de,university,49.0149757,8.3899147,1348.1,node,13999845477,https://www.openstreetmap.org/node/13999845477
Unicon Software,http://www.unicon-software.com,,company,49.0035264,8.4215338,1353.9,node,3666250059,https://www.openstreetmap.org/node/3666250059
Majolika Manufaktur,http://www.majolika-karlsruhe.de/,,pottery,49.018964,8.4010559,1355.2,way,445369845,https://www.openstreetmap.org/way/445369845
Gemeinsame Dienststelle für Flurneuordnung,,,government,49.0051706,8.3852951,1356.2,way,97377636,https://www.openstreetmap.org/way/97377636
Zetcon Ingenieure,http://www.zetcon.de,,company,49.0035138,8.4216213,1360.4,node,5154962451,https://www.openstreetmap.org/node/5154962451
Gemeindeprüfungsanstalt B.-W.,https://www.gpabw.de,,government,49.0122672,8.3868768,1364.5,node,9519229296,https://www.openstreetmap.org/node/9519229296
Versicherungsbüro Dr. Savas,,savas.versicherung@online.de,insurance,49.0089111,8.3852198,1366.4,node,3484748203,https://www.openstreetmap.org/node/3484748203
Deutsche Bahn AG,,,company,48.9946252,8.4025412,1367.5,node,10891947552,https://www.openstreetmap.org/node/10891947552
cci Dialog GmbH,https://www.cci-dialog.de/,,company,48.9945639,8.402576,1374.2,node,4057041990,https://www.openstreetmap.org/node/4057041990
AStA HKA,https://asta-hka.de/,asta@asta-hka.de,association,49.0156891,8.3904198,1376.0,node,11003192200,https://www.openstreetmap.org/node/11003192200
SK Family Office,https://www.sk-fo.de/,fo@sk-fo.de,financial_advisor,48.9945047,8.4026101,1380.6,node,10891947551,https://www.openstreetmap.org/node/10891947551
Fachschaft Informatik,https://www.fsmi.org/,,association,49.013989,8.4193434,1386.8,way,1120093981,https://www.openstreetmap.org/way/1120093981
Agentur für Arbeit,,,employment_agency,49.0027618,8.3855887,1398.9,relation,1551481,https://www.openstreetmap.org/relation/1551481
K + A Finanzdienstleistungen GmbH,,,financial_advisor,49.0004007,8.4201306,1399.6,node,2841442587,https://www.openstreetmap.org/node/2841442587
abas Software AG,https://abas-erp.com,,company,49.0039809,8.3849609,1404.9,node,5155656754,https://www.openstreetmap.org/node/5155656754
SIERRA Hotel Management GmbH,http://www.sierrahotels.com/,,company,49.0033833,8.4222096,1405.6,node,4825738789,https://www.openstreetmap.org/node/4825738789
finanzen.net GmbH,http://www.finanzen.net,,company,49.0039273,8.3849582,1406.5,node,5155656753,https://www.openstreetmap.org/node/5155656753
synyx,https://www.synyx.de/,,company,49.00409,8.3848952,1406.8,node,5209398233,https://www.openstreetmap.org/node/5209398233
Hofsäß + Partner Rechtsanwälte,https://www.arbeitsrecht-karlsruhe.de/,,lawyer,49.0127877,8.386594,1409.0,node,9126294584,https://www.openstreetmap.org/node/9126294584
Design Offices,https://www.designoffices.de,,coworking,48.9945955,8.3988936,1412.4,node,6918848575,https://www.openstreetmap.org/node/6918848575
Stadtmobil CarSharing GmbH & Co. KG,http://karlsruhe.stadtmobil.de,,car_sharing,49.0096536,8.4226286,1414.2,node,31261875,https://www.openstreetmap.org/node/31261875
Welfen Schuh- und Schlüsseldienst,,,shoemaker,48.9961192,8.3934034,1414.7,node,3534156925,https://www.openstreetmap.org/node/3534156925
Informatik Studiengangservice,,,student_affairs,49.0139082,8.4199205,1416.6,way,1120093826,https://www.openstreetmap.org/way/1120093826
vivida bkk,https://www.vividabkk.de/,,insurance,49.0033204,8.4224669,1425.6,node,4017875993,https://www.openstreetmap.org/node/4017875993
ka-news.de,https://www.ka-news.de,,newspaper,49.0067504,8.4232964,1429.5,node,5713943867,https://www.openstreetmap.org/node/5713943867
Enactus Karlsruhe e.V.,https://enactus-karlsruhe.de,teamvorstand@karlsruhe.enactus.team,ngo,49.0092164,8.4230872,1437.3,node,12216385103,https://www.openstreetmap.org/node/12216385103
Büro marotte Figurentheater,http://marotte-figurentheater.de,,company,49.0101683,8.3846122,1438.9,node,6069130780,https://www.openstreetmap.org/node/6069130780
K-Quadrat Kfz-Sachverständige,http://k-quadrat.de,info@k-quadrat.de,company,49.0056665,8.3840492,1439.9,node,3449390460,https://www.openstreetmap.org/node/3449390460
rastätter & eußner,https://www.euratax.de/,service@euratax.de,tax_advisor,48.9951256,8.3954598,1440.7,node,10856865956,https://www.openstreetmap.org/node/10856865956
bauform,https://www.bauform.com/,info@bauform.com,architect,48.9963723,8.3920996,1444.5,node,11693561810,https://www.openstreetmap.org/node/11693561810
DB InfraGO AG,,,company,48.9940866,8.3999737,1450.5,node,4004213509,https://www.openstreetmap.org/node/4004213509
Werktag,https://www.werktag-ka.de/,monika.kerber@gmx.de,atelier,48.9963175,8.3920473,1451.6,node,11693582471,https://www.openstreetmap.org/node/11693582471
DB Fernverkehr AG,,,company,48.9940632,8.3999881,1452.8,node,4004213508,https://www.openstreetmap.org/node/4004213508
synyx event location,https://www.synyx.de/,,company,49.0027809,8.3847892,1453.5,node,13372330616,https://www.openstreetmap.org/node/13372330616
ASA Adrian Stadler Architektur,https://www.sgfa.eu,info@sgfa.eu,architect,49.0070296,8.4236384,1454.4,node,9324803890,https://www.openstreetmap.org/node/9324803890
omed,https://omed-transporte.de/,info@omed-transporte.de,company,48.9972089,8.390237,1458.0,node,13682924707,https://www.openstreetmap.org/node/13682924707
codecentric Karlsruhe,https://www.codecentric.de/standorte/karlsruhe,,company,49.0040075,8.3841762,1460.0,node,11251378742,https://www.openstreetmap.org/node/11251378742
Uhrenklinik,https://uhrenklinik-ka.de/,,watchmaker,49.0088075,8.4235637,1464.3,node,13322921251,https://www.openstreetmap.org/node/13322921251
Der Generalbundesanwalt beim Bundesgerichtshof,http://www.generalbundesanwalt.de,,government,49.001696,8.3852448,1465.3,way,363394867,https://www.openstreetmap.org/way/363394867
Badischer Landesverein für Innere Mission,https://www.badischer-landesverein.de/,,association,48.9956039,8.3933374,1466.0,node,4057042227,https://www.openstreetmap.org/node/4057042227
Jobcenter,,,employment_agency,49.0024592,8.3847595,1467.2,node,6513845737,https://www.openstreetmap.org/node/6513845737
Brennecke & Partner Rechtsanwälte Fachanwälte,https://www.brennecke-rechtsanwaelte.de/Brennecke--Partner-Rechtsanwaelte-Karlsruhe_186,karlsruhe@brennecke-rechtsanwaelte.de,lawyer,48.9948623,8.3953637,1470.2,node,3506002964,https://www.openstreetmap.org/node/3506002964
Excipio,http://excipio.de,,it,49.0031897,8.4230688,1471.8,node,4109525427,https://www.openstreetmap.org/node/4109525427
SAM,,,signmaker,49.0106967,8.4230952,1476.3,node,5476258025,https://www.openstreetmap.org/node/5476258025
Horst Kaufmann Allianz Generalvertretung,https://vertretung.allianz.de/horst.kaufmann/,,insurance,49.0109723,8.4230799,1484.3,node,3686189865,https://www.openstreetmap.org/node/3686189865
Mohr,http://frank-mohrgmbh.de,service@frank-mohrgmbh.de,plumber,49.0065402,8.3832263,1493.9,node,3803860081,https://www.openstreetmap.org/node/3803860081
FlexJob,https://www.flexjob-personal.de/,info-karlsruhe-medizin@flexjob-personal.de,employment_agency,48.9947649,8.3948636,1495.4,node,4128275407,https://www.openstreetmap.org/node/4128275407
Immobilien Throm,http://throm.de/,,estate_agent,48.9952936,8.3933401,1495.6,node,3547526509,https://www.openstreetmap.org/node/3547526509
Staatliches Hochbauamt Karlsruhe,"https://www.ofd-karlsruhe.de/pb/,Lde/317736",poststelle.hbaka@vbv.bwl.de,government,49.0046195,8.3834194,1500.9,node,5844773285,https://www.openstreetmap.org/node/5844773285
Deutsche Bahn Aktiengesellschaft Fernverkehr,https://www.deutschebahn.com/,,company,48.9936414,8.3997031,1502.8,node,3506002969,https://www.openstreetmap.org/node/3506002969
Kuhn & Kollegen,,,lawyer,49.0138906,8.3860592,1503.2,node,11917461828,https://www.openstreetmap.org/node/11917461828
Schroth § Kollegen,,,lawyer,49.0139504,8.386072,1505.9,node,11917461829,https://www.openstreetmap.org/node/11917461829
Rechtsanwaltskanzlei Riegel,,nachricht@kanzleiriegel.de,lawyer,48.994803,8.3941517,1514.8,node,10184443453,https://www.openstreetmap.org/node/10184443453
SBB Cargo,,,company,48.9945946,8.4126681,1516.7,node,5238421276,https://www.openstreetmap.org/node/5238421276
Immobilien Frick,http://www.immo-frick.de/,info@immo-frick.de,estate_agent,48.9948107,8.394061,1517.1,node,3665155435,https://www.openstreetmap.org/node/3665155435
DB Fahrwegdienste GmbH,,,company,48.99445,8.4122788,1519.3,node,4771468885,https://www.openstreetmap.org/node/4771468885
krumedia GmbH,https://www.krumedia.de/,,company,48.9933526,8.4074322,1530.8,node,3787301352,https://www.openstreetmap.org/node/3787301352
Ringwald | Uhrig PartG mbB,,,tax_advisor,49.0096397,8.3831221,1531.5,node,9609241253,https://www.openstreetmap.org/node/9609241253
Die Podologen Karlsruhe,https://www.die-podologen-karlsruhe.de/,info@die-podologen-karlsruhe.de,podologist,49.0111813,8.4236702,1532.4,node,1557102919,https://www.openstreetmap.org/node/1557102919
DEVK Patrick Menze,https://patrick-menze.devk.de/,,insurance,49.0095311,8.4243974,1537.7,node,5680052933,https://www.openstreetmap.org/node/5680052933
Goldschmied Günter Ketterer,,,goldsmith,49.0110054,8.4238596,1539.6,node,6053265633,https://www.openstreetmap.org/node/6053265633
Günther Dürr GmbH,http://www.duerr-ka.de/,info@duerr-ka.de,plumber,49.009525,8.4244326,1540.1,node,4315971815,https://www.openstreetmap.org/node/4315971815
Geschäftsstelle Karlsruher SC,https://www.ksc.de/,info@ksc.de,club,49.0196238,8.4123481,1549.0,node,3073822098,https://www.openstreetmap.org/node/3073822098
Heller & Schütz,https://www.projektmanagement-rhein-neckar.de,info@projektmanagement-rhein-neckar.de,yes,49.0076334,8.3824084,1555.1,node,10674971347,https://www.openstreetmap.org/node/10674971347
Büro für GewässerÖkologie,http://www.büro-für-gewässerökologie.de,team@buero-fuer-gewaesseroekologie.de,yes,49.0076344,8.3823703,1557.9,node,10674971346,https://www.openstreetmap.org/node/10674971346
Aquitus Finanzdienstleistungen,https://www.aquitus.de/,,financial_advisor,49.011439,8.3834663,1559.7,node,9907260066,https://www.openstreetmap.org/node/9907260066
1&1 Mail & Media GmbH,,,company,48.9995737,8.3854306,1561.9,node,3705530440,https://www.openstreetmap.org/node/3705530440
"Rechtsanwälte Dr. Hubert Gorka, Dr. Sandra Forkert-Hosser",https://www.drgorka.de/,anwalt@drgorka.de,lawyer,49.0116596,8.3835494,1562.1,node,12534859585,https://www.openstreetmap.org/node/12534859585
Allianz Lebensversicherung AG,,,insurance,49.0049532,8.3824359,1566.1,way,111184660,https://www.openstreetmap.org/way/111184660
Finanzamt Karlsruhe-Stadt,https://finanzamt-bw.fv-bwl.de/fa_karlsruhestadt,,government,49.0082484,8.4251219,1569.7,way,684815285,https://www.openstreetmap.org/way/684815285
United Internet Media,http://united-internet-media.de,,company,48.9995617,8.3851922,1577.5,node,3718877125,https://www.openstreetmap.org/node/3718877125
DB Engineering & Consulting,https://db-engineering-consulting.com/,andre.a.winkler@deutschebahn.com,yes,48.992691,8.4035087,1580.0,node,12324741473,https://www.openstreetmap.org/node/12324741473
Altkatholisches Pfarramt Karlsruhe,,,religion,49.012187,8.3835885,1580.3,way,110084636,https://www.openstreetmap.org/way/110084636
nähPUNKT Nähschule,https://naehkurs-karlsruhe.de/,,educational_institution,49.0113101,8.4243011,1580.6,node,14213945729,https://www.openstreetmap.org/node/14213945729
"nowak & partner, Steuerberater Rechtsanwalt Part mbB",https://www.nowak-partner.de/,info@nowak-partner.de,tax_advisor,48.9933687,8.3970069,1581.9,node,11820016947,https://www.openstreetmap.org/node/11820016947
Krieger & Team,https://www.kriegerteam.de/,info@kriegerteam.de,tax_advisor,49.0113279,8.3830608,1583.8,node,12534733830,https://www.openstreetmap.org/node/12534733830
1&1 Internet SE,http://www.1und1.de,,company,48.9994162,8.3851738,1587.1,way,366564220,https://www.openstreetmap.org/way/366564220
R+V,https://www.ruv.de/,,insurance,49.0057149,8.3819868,1589.3,node,3449390461,https://www.openstreetmap.org/node/3449390461
LAMPEvier,https://www.lampevier.de/,planung@LAMPEvier.de,architect;estate_agent,49.0064453,8.3818837,1592.1,node,3595384084,https://www.openstreetmap.org/node/3595384084
Schreinerei Sonfheimer,,,carpenter,49.0065564,8.3818719,1592.6,node,5863209799,https://www.openstreetmap.org/node/5863209799
Continum Consulting GmbH,https://continum-consulting.de/,info@continum-consulting.de,consulting,48.9932933,8.396785,1594.9,node,11820082252,https://www.openstreetmap.org/node/11820082252
Katholische Pfarrgemeinde St. Elisabeth,,,religion,48.9976042,8.3870283,1596.1,node,11310813538,https://www.openstreetmap.org/node/11310813538
BPB,,,yes,48.9942803,8.3932082,1598.4,node,539626759,https://www.openstreetmap.org/node/539626759
Rechnungshof Baden-Württemberg,https://www.rechnungshof.baden-wuerttemberg.de/,,government,49.0134145,8.3841221,1601.2,way,236778938,https://www.openstreetmap.org/way/236778938
RE/MAX Immobilien,http://www.remax-premiumgroup.de/,premiumgroup@remax.de,estate_agent,48.9945468,8.3923709,1603.1,node,539627688,https://www.openstreetmap.org/node/539627688
Exxeta AG,https://exxeta.com/,,company,48.9931077,8.3972622,1603.9,node,4852093881,https://www.openstreetmap.org/node/4852093881
G.U.T. Keilhauer,https://www.gut-gruppe.de/unternehmen/keilhauer,info.keilhauer@gut-gruppe.de,engineer,49.0039988,8.3821182,1606.9,node,10674920504,https://www.openstreetmap.org/node/10674920504
Bürgerbüro K8,https://web1.karlsruhe.de/service/Buergerdienste/organisation.php?id=6006603,,government,49.0109113,8.3825147,1608.3,node,4368522078,https://www.openstreetmap.org/node/4368522078
Smandra,https://smandra-mpu.de/,info@smandra-mpu.de,yes,48.9945546,8.3922047,1608.6,node,540131068,https://www.openstreetmap.org/node/540131068
Schrey & Krieg,https://www.ra-recht.eu,schrey@ra-recht.eu,lawyer,49.0019486,8.3829414,1611.2,node,13680106877,https://www.openstreetmap.org/node/13680106877
artwork,https://www.artwork.de,agentur@artwork.de,advertising_agency,49.001895,8.3829369,1613.6,node,13680106876,https://www.openstreetmap.org/node/13680106876
Ordnungs- und Bürgeramt,,,government,49.0116765,8.3827716,1616.2,node,12534722762,https://www.openstreetmap.org/node/12534722762
Media Consult Maier + Partner GmbH,,,employment_agency,49.0064946,8.3815161,1618.7,node,9609241262,https://www.openstreetmap.org/node/9609241262
BGV / Badische Versicherungen,https://www.bgv.de/,,company,49.0064617,8.4258884,1619.2,relation,7032252,https://www.openstreetmap.org/relation/7032252
IONOS,https://www.ionos.de/,info@ionos.de,it,48.9923526,8.402197,1621.3,node,12324666851,https://www.openstreetmap.org/node/12324666851
isd,https://isd-ka.de/,info@isd-ka.de,printer,49.0069568,8.381444,1623.4,node,3484748195,https://www.openstreetmap.org/node/3484748195
SV Generalagentur Alexandre Hofman,https://www.sparkassenversicherung.de/alexandre.hofman,alexandre.hofman@sv.de,insurance,49.0016111,8.3829077,1626.7,node,4299226291,https://www.openstreetmap.org/node/4299226291
Eisenbahn-Bundesamt Außenstelle Karlsruhe,,,government,48.9994445,8.3844454,1631.0,way,90519958,https://www.openstreetmap.org/way/90519958
MD Productions,https://md-productions.com/,,company,49.0014572,8.3829145,1632.5,node,12452919223,https://www.openstreetmap.org/node/12452919223
FZI Living Lab,,,research,49.0121182,8.4246516,1634.6,node,13647905794,https://www.openstreetmap.org/node/13647905794
Baufinanzierungspool 24,http://www.baufinanzierungspool24.de/,,financial_advisor,49.0006487,8.4240115,1636.6,node,4771469061,https://www.openstreetmap.org/node/4771469061
CSL Plasma,https://www.plasma-spenden.de/,,company,48.9928666,8.3969044,1637.3,node,12101518735,https://www.openstreetmap.org/node/12101518735
Sozial- und Jugendbehörde,,jusodi@sjb.karlsruhe.de,government,48.9989591,8.3847916,1637.7,node,12988498440,https://www.openstreetmap.org/node/12988498440
think tecture,http://www.thinktecture.com,,company,49.0006663,8.4240656,1639.3,node,4017876006,https://www.openstreetmap.org/node/4017876006
econda,http://www.econda.com/,,company,49.0006123,8.4240357,1639.9,node,4575985533,https://www.openstreetmap.org/node/4575985533
SAP SE,https://www.sap.com/,,company,49.013053,8.4241566,1641.4,node,2472329180,https://www.openstreetmap.org/node/2472329180
Bezirksärztekammer Nordbaden,http://www.bezirksaerztekammer-nordbaden.de,,association,49.001155,8.4244772,1644.7,node,4309792429,https://www.openstreetmap.org/node/4309792429
Arburg Innovationhub,https://www.arburg.com/,innovationhub@arburg.com,company,49.0005183,8.4241601,1652.6,node,10891971838,https://www.openstreetmap.org/node/10891971838
Pfluger Philipp Hüweler & Collegen,https://www.pflugerpartner.de/,mail@pflugerpartner.de,tax_advisor,49.0145968,8.384308,1653.1,node,9667879962,https://www.openstreetmap.org/node/9667879962
Eaton,https://www.eaton.com/,,company,49.0005447,8.4242462,1657.0,node,10891971839,https://www.openstreetmap.org/node/10891971839
WIBU Systems AG,https://www.wibu.com/,,company,49.0004354,8.424248,1662.3,node,9355158259,https://www.openstreetmap.org/node/9355158259
Verwaltungsgericht Karlsruhe,,,tax_advisor,49.0146028,8.3841308,1664.6,node,9667879961,https://www.openstreetmap.org/node/9667879961
version1 Design,https://www.version1.de,,graphic_design,49.0080564,8.3809429,1664.9,node,11366023966,https://www.openstreetmap.org/node/11366023966
Lutz Beck Grobosch Rechtsanwälte,https://lutzbeck.de/,office@lutzbeck.de,lawyer,49.0138774,8.3834749,1666.7,node,8012896081,https://www.openstreetmap.org/node/8012896081
MDK (Med.Dienst der Krankenkassen),https://mdkbw.de/,,insurance,49.0031531,8.3815303,1669.9,node,4041920889,https://www.openstreetmap.org/node/4041920889
Generallandesarchiv Karlsruhe,https://www.landesarchiv-bw.de/de/landesarchiv/standorte/generallandesarchiv-karlsruhe/47245,glakarlsruhe@la-bw.de,government,49.0131446,8.3828024,1674.9,node,10055268855,https://www.openstreetmap.org/node/10055268855
PROCAD,http://www.procad.de,,company,49.013819,8.4241234,1676.5,node,3876938333,https://www.openstreetmap.org/node/3876938333
Gesundheitsamt Karlsruhe Landkreis,,,government,49.0059467,8.4266828,1679.7,node,7796568465,https://www.openstreetmap.org/node/7796568465
b.i.g.-Gruppe Management,https://www.big-gruppe.com/de/standorte/karlsruhe-management,management@big-gruppe.com,company,49.0014452,8.3822232,1679.9,node,6348251290,https://www.openstreetmap.org/node/6348251290
ias,,,it,49.0007654,8.4247939,1683.1,node,10892031331,https://www.openstreetmap.org/node/10892031331
Landesoberkasse Baden-Württemberg,https://www.service-bw.de/zufi/organisationseinheiten/6017313,poststelle@lok.bwl.de,government,49.0026321,8.3815573,1683.4,node,804654083,https://www.openstreetmap.org/node/804654083
Bauer Landschaftsarchitekten,http://bauer-landschaftsarchitekten.de/,,garden_architect,49.0145318,8.3837559,1684.1,node,8012933691,https://www.openstreetmap.org/node/8012933691
1&1,https://www.1und1.de/,,company,48.9918984,8.4004208,1685.2,relation,15530695,https://www.openstreetmap.org/relation/15530695
Disy Informationssysteme GmbH,https://www.disy.net,,company,49.0006356,8.4248454,1692.4,node,10892010434,https://www.openstreetmap.org/node/10892010434
Fortbildungsgesellschaft für Gewässerentwicklung mbH,https://www.wbw-fortbildung.net/,,educational_institution,49.0139187,8.3830699,1695.0,node,8012896082,https://www.openstreetmap.org/node/8012896082
KIT-CES Chair for Embedded Systems,https://ces.itec.kit.edu,,research,49.0126099,8.4252597,1695.8,node,11349271935,https://www.openstreetmap.org/node/11349271935
IT Security Club,,,company,49.0006644,8.4249351,1697.1,node,10892010435,https://www.openstreetmap.org/node/10892010435
Tooltec IT GmbH,https://tooltec.de,info@tooltec.de,it,49.012653,8.4252638,1697.9,node,11349271942,https://www.openstreetmap.org/node/11349271942
Consileon,https://www.consileon.de/,info@consileon.de,consulting,49.0136707,8.3828178,1699.0,node,8012896083,https://www.openstreetmap.org/node/8012896083
DatenBerg GmbH,https://datenberg.eu,info@datenberg.eu,it,49.0126943,8.4252638,1699.6,node,11349271941,https://www.openstreetmap.org/node/11349271941
Renumics GmbH,https://renumics.com,,it,49.0127348,8.4252597,1701.1,node,11349271937,https://www.openstreetmap.org/node/11349271937
Atelier Elmar Interschick,https://www.elmar-interschick.de,,atelier,49.0106733,8.4263202,1702.4,way,108518472,https://www.openstreetmap.org/way/108518472
dipano GmbH,https://dipano.com,,it,49.0127867,8.4252597,1703.3,node,11349271934,https://www.openstreetmap.org/node/11349271934
3D Printing Solutions GmbH,,,company,49.012653,8.4253684,1705.0,node,11349271940,https://www.openstreetmap.org/node/11349271940
emmtrix Technologies GmbH,https://www.emmtrix.com,contact@emmtrix.com,it,49.0128351,8.4252571,1705.2,node,11349271933,https://www.openstreetmap.org/node/11349271933
Dipl. Psych. Birgit Kaiser,,bikai@t-online.de,therapist,48.9956403,8.3878259,1705.4,node,9629083773,https://www.openstreetmap.org/node/9629083773
heliopas.ai GmbH,https://heliopas.ai/,info@heliopas.com,it,49.012697,8.4253617,1706.4,node,11349271939,https://www.openstreetmap.org/node/11349271939
R3DT GmbH,,info@r3dt.com,it,49.0128782,8.4252544,1706.9,node,11349271931,https://www.openstreetmap.org/node/11349271931
Kohnle & Partner,https://kohnle-partner.com/,kanzlei@kohnle-partner.de,lawyer,49.0140692,8.3829908,1707.9,node,8012933690,https://www.openstreetmap.org/node/8012933690
KIT-CDNC Chair of Dependable Nano Computing,https://cdnc.itec.kit.edu,,research,49.0127339,8.4253643,1708.1,node,11349271938,https://www.openstreetmap.org/node/11349271938
thingsTHINKING GmbH,https://www.semantha.de/,contact@semantha.de,it,49.012923,8.425253,1708.7,node,11349271929,https://www.openstreetmap.org/node/11349271929
Easy Smart Grid GmbH,https://www.easysg.de/,mail@easysg.de,it,49.0127876,8.4253576,1709.9,node,11349271936,https://www.openstreetmap.org/node/11349271936
AI.Remove,,,it,49.0129626,8.425251,1710.3,node,11349271928,https://www.openstreetmap.org/node/11349271928
Die Planer,http://die-planer.com/,info@die-planer.com,architect,49.0130026,8.4252463,1711.7,node,11349271926,https://www.openstreetmap.org/node/11349271926
nanoshape GmbH,https://n-biotics.de,info@nanoshape.de,company,49.0128351,8.4253543,1711.7,node,11349271932,https://www.openstreetmap.org/node/11349271932
AB+M GmbH,https://www.abm.de/,,company,49.012505,8.4255705,1712.6,node,8047397320,https://www.openstreetmap.org/node/8047397320
HS High Stake GmbH,https://high-stake.de/,info@high-stake.de,it,49.0130413,8.4252423,1713.2,node,11349271924,https://www.openstreetmap.org/node/11349271924
OrbusNeich Medical GmbH,,,company,49.0128764,8.4253503,1713.2,node,11349271930,https://www.openstreetmap.org/node/11349271930
Kamedi GmbH,https://heatit.de,team@heatit.de,company,49.0129235,8.4253435,1714.8,node,13652858092,https://www.openstreetmap.org/node/13652858092
Pulspartner GmbH,https://pulspartner.com,info@pulspartner.com,company,49.0130805,8.425241,1714.8,node,11349271922,https://www.openstreetmap.org/node/11349271922
BIN Holding,https://binholding.de,info@binholding.de,it,49.0129609,8.4253389,1716.1,node,11349271927,https://www.openstreetmap.org/node/11349271927
Steinbeis-Beratungszentrum Unternehmensentwicklung und KI,,SU2315@stw.de,consulting,49.0131113,8.425239,1716.1,node,11349271920,https://www.openstreetmap.org/node/11349271920
alfatraining Bildungszentrum GmbH,https://www.alfatraining.de/gefoerderte-weiterbildung/,,educational_institution,49.0131473,8.425241,1717.8,node,11349271919,https://www.openstreetmap.org/node/11349271919
Jelic,,elektro-jelic@t-online.de,electrician,49.0085301,8.3802807,1717.8,node,12106984312,https://www.openstreetmap.org/node/12106984312
HS Analysis GmbH,https://www.hs-analysis.com/,info@hs-analysis.com,it,49.0130022,8.4253395,1718.0,node,11349271925,https://www.openstreetmap.org/node/11349271925
ParkSide,https://goodspaces.de/karlsruhe/parkside,,coworking,49.0004178,8.4250798,1718.1,node,13232439563,https://www.openstreetmap.org/node/13232439563
Digital Power Systems GmbH,https://digitalpowersystems.eu/,michael.heidinger@digitalpowersystems.eu,company,49.0131834,8.4252403,1719.4,node,11349271916,https://www.openstreetmap.org/node/11349271916
Merkle Ingenieurdienstleistungen,https://www.merkle-idl.de/,merkle@merkle-idl.de,engineer,49.0130435,8.4253409,1719.9,node,11349271923,https://www.openstreetmap.org/node/11349271923
Horizon Microtechnologies GmbH,https://3dmicrofabrication.com,info@3dmicrofabrication.com,company,49.0132265,8.4252379,1721.2,node,11349271914,https://www.openstreetmap.org/node/11349271914
SL Optimum GmbH,https://sl-optimum.com,info@sl-optimum.com,it,49.0130818,8.4253382,1721.4,node,11349271921,https://www.openstreetmap.org/node/11349271921
EnQS GmbH,https://www.enqs.de/,,company,49.0136883,8.3824752,1722.3,node,8012896084,https://www.openstreetmap.org/node/8012896084
Intrepid Control Systems GmbH,https://intrepidcs.com/worldwide/,,company,49.0132648,8.4252356,1722.8,node,11349271913,https://www.openstreetmap.org/node/11349271913
AXEL Der Energie-Accelerator,https://www.axel.energy/,info@fokusenergie.net,company,49.0131473,8.4253442,1724.7,node,11349271918,https://www.openstreetmap.org/node/11349271918
Böhrer Innovations UG,,,company,49.0131843,8.4253429,1726.3,node,11349271917,https://www.openstreetmap.org/node/11349271917
Ralf Gurock,,,insurance,49.0104625,8.3806624,1726.4,node,3074620171,https://www.openstreetmap.org/node/3074620171
fokus.energie e.V.,https://www.fokusenergie.net/,info@fokusenergie.net,club,49.0132261,8.4253432,1728.2,node,11349271915,https://www.openstreetmap.org/node/11349271915
Path to Zero GmbH,https://pathtozero.de,info@pathtozero.de,company,49.0132687,8.4253462,1730.3,node,11349271912,https://www.openstreetmap.org/node/11349271912
Bernhard Dürr,,,tax_advisor,49.0136892,8.382337,1731.4,node,8012933686,https://www.openstreetmap.org/node/8012933686
Aktions- und Zirkusbüro,,,yes,49.0019002,8.4262153,1733.9,node,11606180552,https://www.openstreetmap.org/node/11606180552
Berufsgenossenschaft der Bauwirtschaft,,,yes,49.0026898,8.3808105,1734.0,node,3218524324,https://www.openstreetmap.org/node/3218524324
"Dr. Gerhard Leute, Dipl.-Ing.",https://www.dr-leute.de/,,surveyor,49.0134693,8.3821147,1735.5,node,8012932346,https://www.openstreetmap.org/node/8012932346
Schmidt & Schmidt,https://schmidtundschmidt.com/,,architect,49.0141941,8.3826368,1737.2,node,8012933689,https://www.openstreetmap.org/node/8012933689
Firma Bauchredner Claus Augenschmaus,https://claus-augenschmaus.de,,advertising_agency,49.0187545,8.388184,1737.3,way,540079189,https://www.openstreetmap.org/way/540079189
Citex Exportkontrolle,https://www.exportrecht.com/citex/,mail@citex.exportrecht.com,lawyer,49.0135759,8.3821277,1739.7,node,8012932347,https://www.openstreetmap.org/node/8012932347
Kanzlei am Haydnplatz,http://www.ibt-law.org/,,lawyer,49.0135388,8.3820506,1743.0,node,8012932348,https://www.openstreetmap.org/node/8012932348
Atelier Thea Baumann,https://echt-thea.de/,,handicraft,48.9934611,8.3913629,1744.4,node,11445966995,https://www.openstreetmap.org/node/11445966995
Deutsche Umschlaggesellschaft Schiene - Straße mbH,,,company,48.9990921,8.4244458,1744.7,node,3564355288,https://www.openstreetmap.org/node/3564355288
Pfarrbüro St. Nikolaus,https://www.st-nikolaus-ka.de/,pfarrbuero@st-nikolaus-ka.de,parish,48.9941045,8.389809,1746.8,node,5121530122,https://www.openstreetmap.org/node/5121530122
Kanzlei Wangler,https://www.kanzlei-wangler.de,info@kanzlei-wangler.de,accountant,49.0054087,8.3798296,1749.0,node,4554007203,https://www.openstreetmap.org/node/4554007203
Podologie Praxis kaviar,https://www.podologie-kaviar.de/,,podologist,49.0104835,8.3803303,1750.5,node,3073259645,https://www.openstreetmap.org/node/3073259645
ias health & safety,https://www.ias-gruppe.de/die-ias-gruppe/standorte/details/standort/karlsruhe-1.html,,company,49.0010074,8.3813429,1757.5,node,4838895665,https://www.openstreetmap.org/node/4838895665
explain,https://www.explain.de/,,consulting,49.0137613,8.3819072,1763.1,node,8012933688,https://www.openstreetmap.org/node/8012933688
"Dr. May, Hofmann & Kollegen",https://hofmann-recht.de/,info@hofmann-recht.de,lawyer,49.0054598,8.3796166,1764.0,node,12235000262,https://www.openstreetmap.org/node/12235000262
Constructiv BauPartner GmbH,,,consulting,49.0087869,8.3796686,1765.3,node,9609241240,https://www.openstreetmap.org/node/9609241240
Emslander Immobilien,,,estate_agent,49.0087648,8.3796655,1765.3,node,9609241239,https://www.openstreetmap.org/node/9609241239
Archidee!,https://archidee-ka.net/,,architect,49.008812,8.3796717,1765.4,node,9609241241,https://www.openstreetmap.org/node/9609241241
Schick GmbH,https://www.schick-architektur.de/,,architect,49.008538,8.3796189,1765.9,node,9609241237,https://www.openstreetmap.org/node/9609241237
Goldener Zirkel,https://goldener-zirkel.com/,hello@goldener-zirkel.com,advertising_agency,49.014611,8.382441,1771.8,node,8012933694,https://www.openstreetmap.org/node/8012933694
Casino Catering,http://www.casinocatering.de/,,caterer,49.0133356,8.4259839,1775.9,node,4892544392,https://www.openstreetmap.org/node/4892544392
R+V Versicherungen,,,insurance,49.0015397,8.380739,1777.8,node,814646760,https://www.openstreetmap.org/node/814646760
Knappschaft,http://www.Knappschaft.de,,insurance,49.0044868,8.3795911,1778.9,node,5032785871,https://www.openstreetmap.org/node/5032785871
Immowartis,https://www.immowartis.com/,info@immowartis.de,property_management,49.0072861,8.3792603,1783.2,node,10220605513,https://www.openstreetmap.org/node/10220605513
Deutsche Schiedsgerichtsbarkeit für Erbstreitigkeiten e.V.,https://www.dse-erbrecht.de/,,association,49.0146277,8.3822405,1785.5,node,8012933696,https://www.openstreetmap.org/node/8012933696
Debeka,,,insurance,49.0085119,8.37934,1785.8,node,3377137351,https://www.openstreetmap.org/node/3377137351
Dr. Schmitt und Kollegen,https://www.rae-dr-schmitt.de/,kanzlei@rae-dr-schmitt.de,lawyer,49.0146989,8.3822458,1789.0,node,8012933697,https://www.openstreetmap.org/node/8012933697
Bahlinger,,,carpenter;glaziery,49.0098471,8.3795694,1790.3,node,3073259636,https://www.openstreetmap.org/node/3073259636
diva-e Conclusion,http://www.diva-e.com,,company,49.0113934,8.4272741,1790.6,node,13447751866,https://www.openstreetmap.org/node/13447751866
Schrifthof - Werkstatt für experimentelle Kalligraphie,,post@schrifthof.de,handicraft,49.0085402,8.4282687,1801.3,node,7277910391,https://www.openstreetmap.org/node/7277910391
Thie & Heinke,https://ra-thie.de/,,tax_advisor,49.0141615,8.3816215,1801.4,node,8012933787,https://www.openstreetmap.org/node/8012933787
Müller-Hof,https://www.mueller-hof.de/,anwaelte@mueller-hof.de,lawyer,49.0143005,8.3817033,1803.1,node,8012889284,https://www.openstreetmap.org/node/8012889284
Bundesanstalt für Immobilienaufgaben,,,government,49.0195814,8.3882545,1804.8,way,584930935,https://www.openstreetmap.org/way/584930935
Moderatorenschule Baden-Württemberg,https://moderatorenschule-bw.de/,,educational_institution,49.0141637,8.3815716,1804.8,node,2788387950,https://www.openstreetmap.org/node/2788387950
Nock Gebäudereinigung,https://www.nock-gmbh.de,info@nock-gmbh.de,cleaning,49.0064482,8.3789547,1805.6,node,10674948965,https://www.openstreetmap.org/node/10674948965
Rechtsanwälte Honold,https://honold.de/,,lawyer,49.0144905,8.381759,1809.2,node,8012933700,https://www.openstreetmap.org/node/8012933700
Emil Fritz,https://www.emil-fritz.info/,info@emil-fritz.de,plasterer,49.006297,8.3788618,1813.0,node,11569590544,https://www.openstreetmap.org/node/11569590544
Jamit Labs GmbH,,,company,49.0125802,8.427012,1813.8,node,3778727239,https://www.openstreetmap.org/node/3778727239
msales,http://msales.com,,company,49.0125337,8.4270442,1814.2,node,4078945388,https://www.openstreetmap.org/node/4078945388
Residenz Treuhand,https://residenztreuhand.de/,info@residenztreuhand.de,tax_advisor,49.0147192,8.3818133,1817.7,node,8012933699,https://www.openstreetmap.org/node/8012933699
Chrono24,https://about.chrono24.com/,,company,49.0125528,8.4271177,1820.0,node,4078945377,https://www.openstreetmap.org/node/4078945377
Durm Patentanwälte,https://www.durm.de/,info@durm.de,lawyer,49.014684,8.3817141,1822.2,node,8012933789,https://www.openstreetmap.org/node/8012933789
Heinz Laible,https://www.schmuck-concepte.de/,info@schmuck-concepte.de,goldsmith,49.0086013,8.3787917,1826.6,node,3748617231,https://www.openstreetmap.org/node/3748617231
Baden TV,http://www.baden-tv.com,,company,49.0125512,8.42722,1826.9,node,3559289184,https://www.openstreetmap.org/node/3559289184
aicas,https://www.aicas.com,,company,49.012602,8.4272043,1827.8,node,4069223119,https://www.openstreetmap.org/node/4069223119
medicalvalues GmbH,https://medicalvalues.de/,kontakt@medicalvalues.de,company,49.0125925,8.427289,1833.2,node,11251960161,https://www.openstreetmap.org/node/11251960161
ViDia Personalabteilung,https://www.vidia-kliniken.de/ueber-uns/verwaltung-und-dienstleistungen,,company,49.0009651,8.3802477,1833.6,node,2280908414,https://www.openstreetmap.org/node/2280908414
Praxis für Lebensenergie Karlsruhe,http://www.praxis-fuer-lebensenergie-karlsruhe.de/,info@praxis-fuer-lebensenergie-karlsruhe.de,therapist,48.992948,8.3902881,1834.1,node,4087118088,https://www.openstreetmap.org/node/4087118088
LBP,https://lbp-patent.de/,info@LBP-Patent.de,lawyer,49.0030242,8.3792487,1834.9,node,12726943922,https://www.openstreetmap.org/node/12726943922
Tramm Haustechnik,https://tramm.info/,tramm@tramm.info,plumber,48.9937428,8.3884847,1836.4,node,12509676258,https://www.openstreetmap.org/node/12509676258
Dennig & Kollegen,https://www.ra-dennig.de/,info@ra-dennig.de,lawyer,49.0058524,8.3785681,1836.8,node,11564381330,https://www.openstreetmap.org/node/11564381330
Privatbrauerei Hoepfner,https://www.hoepfner.de/,,brewery,49.0123039,8.4275097,1837.6,way,102690110,https://www.openstreetmap.org/way/102690110
CyberLab,https://www.cyberlab-karlsruhe.de/,,company,49.0125953,8.4273639,1838.5,node,3670249790,https://www.openstreetmap.org/node/3670249790
CyberForum e.V.,https://www.cyberforum.de/,,company,49.0125126,8.4274202,1839.2,node,3670245742,https://www.openstreetmap.org/node/3670245742
DB Station & Service AG,,,company,48.9908625,8.3974379,1840.9,node,9789239366,https://www.openstreetmap.org/node/9789239366
e Hase Elektrotechnik,https://www.ehase-elektrotechnik.de/,kontakt@ehase-elektrotechnik.de,electrician,48.9937411,8.3882782,1845.7,node,12509698180,https://www.openstreetmap.org/node/12509698180
ACEMA Schmid + Co. GmbH,https://acema.de/,kontakt@acema.de,consulting,49.0140445,8.3808008,1849.5,node,8012933802,https://www.openstreetmap.org/node/8012933802
Deutsche Bahn AG,,,company,48.9908078,8.3972567,1850.1,node,9789239365,https://www.openstreetmap.org/node/9789239365
Pianowerkstatt Karlsruhe,,,musical_instrument,49.0052743,8.4289644,1851.7,node,2554095061,https://www.openstreetmap.org/node/2554095061
exgenio GmbH & Co. KG,https://exgenio.com,,educational_institution,49.0051689,8.4289705,1853.3,node,2554094020,https://www.openstreetmap.org/node/2554094020
Oberfinanzdirektion Karlsruhe,http://www.ofd-karlsruhe.de/,poststelle@ofdka.bwl.de,government,49.0151604,8.3816247,1853.6,node,5223604120,https://www.openstreetmap.org/node/5223604120
Bureau Remise,http://www.bureau-remise.de/,,shared,49.0051069,8.4289705,1854.0,node,3415262236,https://www.openstreetmap.org/node/3415262236
Koehler Immobilien,,,company,49.0141017,8.3807579,1855.0,node,8012933801,https://www.openstreetmap.org/node/8012933801
Atelier Remise,http://www.atelierremise.com/,,artist,49.0050443,8.4289746,1855.1,node,3415262237,https://www.openstreetmap.org/node/3415262237
LandesArbeitsgemeinschaft der Kulturinitiativen und Soziokulturellen Zentren in Baden-Württemberg e.V.,http://www.laks-bw.de,,association,49.0060237,8.4291409,1858.2,node,5531759677,https://www.openstreetmap.org/node/5531759677
Brüder Schmidt GmbH,,,company,49.0141369,8.3807277,1858.7,node,8012933800,https://www.openstreetmap.org/node/8012933800
LBS Landesbausparkasse Süd,https://www.lbs.de/standorte/karlsruhe-sw_bw_070300_1095i,karlsruhe@lbs-sued.de,financial,49.0030376,8.3789078,1858.7,relation,8888045,https://www.openstreetmap.org/relation/8888045
DB Engineering & Consulting GmbH,,,company,48.9907543,8.3970682,1859.4,node,1719104555,https://www.openstreetmap.org/node/1719104555
Siemens Digital Logistics,https://www.siemens-digital-logistics.com,,company,49.0133916,8.4272316,1861.9,node,3575330099,https://www.openstreetmap.org/node/3575330099
Atelier B2,,,artist,49.0054822,8.429175,1864.9,node,4825738766,https://www.openstreetmap.org/node/4825738766
Aikyou,https://aikyou.de/,,company,49.0055385,8.4291958,1865.9,node,4825738767,https://www.openstreetmap.org/node/4825738767
Lang & Schwarz,https://www.lang-schwarz.de/,mail@lang-schwarz.de,lawyer,49.0139821,8.380499,1866.4,node,8012933803,https://www.openstreetmap.org/node/8012933803
DB InfraGO AG,,,company,48.9907018,8.3969002,1868.2,node,4853070269,https://www.openstreetmap.org/node/4853070269
frischeWelt,https://www.frischewelt.net/,info@frischewelt.de,advertising_agency,49.0105595,8.3787009,1868.2,node,3073259638,https://www.openstreetmap.org/node/3073259638
Karlsruhe Event GmbH,http://www.karlsruhe-event.de/,,company,49.0056421,8.429249,1868.8,node,4348572873,https://www.openstreetmap.org/node/4348572873
buhlinger architekten,https://www.buhlinger-architekten.de/,info@buhlinger-architekten.de,architect,49.0032101,8.378621,1874.8,node,12663567946,https://www.openstreetmap.org/node/12663567946
Studio Blaupause,https://www.blaupause.studio,,engineer,49.0043528,8.4291411,1877.2,node,10874288662,https://www.openstreetmap.org/node/10874288662
Schüßler-Plan,https://www.schuessler-plan.de/de/unternehmen/standorte/karlsruhe.html,karlsruhe@schuessler-plan.de,engineer,49.0031159,8.3786124,1877.7,node,12663567945,https://www.openstreetmap.org/node/12663567945
Stadt Karlsruhe Amt für Hochbau und Gebäudewirtschaft Außenstelle Wettbewerbsbüro,,,administrative,49.0058812,8.4293997,1878.0,node,6068904397,https://www.openstreetmap.org/node/6068904397
erdling | der Schmied fürs feine Geschmeide,https://www.erdling.me,,handicraft,49.0044446,8.4292294,1882.1,node,5531759675,https://www.openstreetmap.org/node/5531759675
PTV Group Headquarters,http://www.ptvgroup.com,,company,49.0133939,8.4275653,1884.5,way,384394337,https://www.openstreetmap.org/way/384394337
"Fraunhofer Institut für Optronik, Systemtechnik und Bildauswertung",https://www.iosb.fraunhofer.de/,,research,49.0153057,8.4262325,1890.6,way,22796283,https://www.openstreetmap.org/way/22796283
Bagmaci,,,shoemaker,49.0105691,8.3783875,1890.8,node,9035666874,https://www.openstreetmap.org/node/9035666874
schnittmuskel,https://schnittmuskel.de,,dressmaker,49.0042405,8.4293059,1891.0,node,5777281364,https://www.openstreetmap.org/node/5777281364
ausgeschlachtet e.V.,http://alterschlachthof-karlsruhe.de/ausgeschlachtet/,,association,49.0053421,8.4295645,1894.5,node,4348572877,https://www.openstreetmap.org/node/4348572877
raumkontakt werbeagentur,http://www.raumkontakt.de/,,company,49.0048926,8.4295397,1898.0,node,4488635637,https://www.openstreetmap.org/node/4488635637
Langendorf,https://langendorf-metall-ka.de/,,metal_construction,48.9992204,8.4269768,1900.6,way,102307852,https://www.openstreetmap.org/way/102307852
Hoepfner WertInvest,https://hoepfner-wertinvest.de/,,company,49.0116792,8.4288485,1909.7,node,6053265638,https://www.openstreetmap.org/node/6053265638
"Pasoplan - Architekturbüro, Schreinerei",http://www.pasoplan.de/,,architect,49.0048877,8.4298265,1918.8,node,1659452991,https://www.openstreetmap.org/node/1659452991
Karlsruher Fächer Werkstatt,,,workshop,49.0046328,8.4298027,1920.6,node,4799843361,https://www.openstreetmap.org/node/4799843361
PTV Logistics GmbH,https://www.ptvlogistics.com,,it,49.013512,8.4280933,1925.1,node,11270910756,https://www.openstreetmap.org/node/11270910756
Urbane Lichtkonzepte,http://www.barbarabenkert.de/,,architect,49.006233,8.4301318,1929.4,node,4799843343,https://www.openstreetmap.org/node/4799843343
Happyend Concerts,http://www.happyend-concerts.de/,,company,49.0062123,8.4301533,1931.0,node,4799843341,https://www.openstreetmap.org/node/4799843341
"Lebenshilfe Karlsruhe, Ettlingen und Umgebung",https://www.lebenshilfe-karlsruhe.de/,,charity,48.9986109,8.3804366,1931.1,node,12291575042,https://www.openstreetmap.org/node/12291575042
Stadt Karlsruhe Ordnungs- und Bürgeramt Lebensmittelüberwachung und Veterinärwesen,https://www.karlsruhe.de/b4/buergerdienste/luv.de,,government,49.0062629,8.4301586,1931.2,node,4799843345,https://www.openstreetmap.org/node/4799843345
Kulturevaluation Wegner,http://www.kulturevaluation-wegner.de/,,company,49.0062378,8.4301673,1932.0,node,4799843342,https://www.openstreetmap.org/node/4799843342
Malerfachbetrieb Essig,,,painter,49.0103008,8.4298517,1944.6,node,5352361506,https://www.openstreetmap.org/node/5352361506
Rosebud Productions,https://www.markus-rose.com/,,company,49.0048594,8.4301876,1945.3,node,4799843365,https://www.openstreetmap.org/node/4799843365
Filmboard Karlsruhe e.V. - Filmproduktion,,,company,49.0048705,8.4302201,1947.5,node,1659431397,https://www.openstreetmap.org/node/1659431397
Südwestfilm,http://www.suedwestfilm.de/,,company,49.0050043,8.4302584,1948.7,node,4799843366,https://www.openstreetmap.org/node/4799843366
RockHold Immobilien,,,estate_agent,49.01059,8.3775793,1948.9,node,802519377,https://www.openstreetmap.org/node/802519377
Stadt Karlsruhe Ordnungs- und Bürgeramt Lebensmittelüberwachung und Veterinärwesen,https://www.karlsruhe.de/b4/buergerdienste/luv.de,,administrative,49.0061934,8.4303967,1948.9,node,4799843344,https://www.openstreetmap.org/node/4799843344
Independent Days Karlsruhe e. V.,https://www.independentdays-filmfest.com,,association,49.0048563,8.4302735,1951.6,node,4799843364,https://www.openstreetmap.org/node/4799843364
tema,http://www.tema-medien.de/,,company,49.0051017,8.430315,1951.6,node,4799843367,https://www.openstreetmap.org/node/4799843367
Kurt Wesch Grabmale,,,stonemason,49.0138396,8.4283674,1957.6,way,102701913,https://www.openstreetmap.org/way/102701913
zwo/elf - Büro für Gestaltung,http://www.zwo-elf.de/,,company,49.005327,8.4304315,1957.7,node,3656667407,https://www.openstreetmap.org/node/3656667407
Nacona,https://www.nacona.de/,info@nacona.de,company,49.0053653,8.4304699,1960.1,node,11563547520,https://www.openstreetmap.org/node/11563547520
Helble & Richter,https://www.helble-richter.de/,kontakt@helble-richter.de,estate_agent,49.0082538,8.3768845,1961.7,node,2062749518,https://www.openstreetmap.org/node/2062749518
Krankengymnastikpraxis A. Klohe,,,therapist,49.0099397,8.4303827,1975.3,node,4729773096,https://www.openstreetmap.org/node/4729773096
emtrion,https://www.emtrion.de/,,company,49.0048494,8.4306991,1982.5,node,4348572878,https://www.openstreetmap.org/node/4348572878
Harald Friess Versicherungsbüro und Kapitalanlagen GmbH & Co. KG,https://www.verskap.de,,insurance,49.0110574,8.4301334,1982.6,way,111347942,https://www.openstreetmap.org/way/111347942
PSK Lions,https://www.psk-lions.de/,info@psk-lions.de,association,48.9891156,8.4056375,1982.6,node,10853970003,https://www.openstreetmap.org/node/10853970003
BPM Zeitarbeit,http://www.bpm-zeitarbeit.de,,company,49.0137043,8.4288495,1984.2,node,3781163460,https://www.openstreetmap.org/node/3781163460
Schneider Anwälte,https://www.schneideranwaelte.de/,,lawyer,49.0049408,8.430742,1984.5,node,1919756745,https://www.openstreetmap.org/node/1919756745
Helm & Partner,https://stb-helm-partner.de/,info@stb-helm-partner.de,tax_advisor,49.0049814,8.4307567,1985.1,node,4348572876,https://www.openstreetmap.org/node/4348572876
Grabmale Heinz Schmidt,,,stonemason,49.0137152,8.4288864,1987.2,node,3620742819,https://www.openstreetmap.org/node/3620742819
netzstrategen,http://www.netzstrategen.com/,,company,49.0053309,8.4308924,1991.1,node,4799843383,https://www.openstreetmap.org/node/4799843383
Bau4 Architekten,http://www.bau4.de/,,architect,49.0053265,8.4309219,1993.3,node,4799843382,https://www.openstreetmap.org/node/4799843382
Polsterei Gattke,,,upholsterer,49.0105633,8.4304583,1993.7,node,10789909705,https://www.openstreetmap.org/node/10789909705
Allianz,,,insurance,49.0077878,8.3759794,2024.3,node,9070530368,https://www.openstreetmap.org/node/9070530368
Bikes without Borders,https://bikeswithoutborders.blogspot.com,,ngo,49.0058861,8.4314763,2029.2,node,8568721063,https://www.openstreetmap.org/node/8568721063
Hans Huber Grabmale Am Hauptfriedhof,http://grabmale-huber.de,,stonemason,49.0139334,8.4293897,2030.4,way,102701911,https://www.openstreetmap.org/way/102701911
Verein zur Unterstützung traumatisierter Migranten,http://www.traumatisierte-migranten.de/,trauma-migranten@web.de,ngo,49.0059742,8.4315509,2034.1,node,8307090376,https://www.openstreetmap.org/node/8307090376
amnesty international,https://amnesty-karlsruhe.de/,information@amnesty-karlsruhe.de,ngo,49.006002,8.4315616,2034.7,node,8307090379,https://www.openstreetmap.org/node/8307090379
Flüchtlingshilfe Karlsruhe,https://fluechtlingshilfe-karlsruhe.de/,,ngo,49.0059943,8.4316092,2038.2,node,7817416285,https://www.openstreetmap.org/node/7817416285
ADAC Hauptgeschäftsstelle Karlsruhe,https://www.adac.de/adac_vor_ort/Nordbaden/adressen/karlsruhe.aspx,,association,48.996871,8.3803057,2038.6,node,1336892556,https://www.openstreetmap.org/node/1336892556
Karlsruher Verkehrsverbund GmbH,https://www.kvv.de,,company,49.0066139,8.4316569,2039.4,node,6653949032,https://www.openstreetmap.org/node/6653949032
Verkehrsbetriebe Karlsruhe GmbH,https://www.vbk.info,,company,49.0066531,8.4316579,2039.5,node,6653949035,https://www.openstreetmap.org/node/6653949035
Albtal-Verkehrs-Gesellschaft mbH,https://www.avg.info/,,company,49.0065984,8.4316885,2041.8,node,6653949034,https://www.openstreetmap.org/node/6653949034
Medinetz,https://medinetz-karlsruhe.de/,mrz.medinetz@web.de,ngo,49.0059566,8.4316615,2042.2,node,8307090377,https://www.openstreetmap.org/node/8307090377
Mennonitisches Hilfswerk,http://www.mh-karlsruhe.de/,asylka@menno-hilfswerk.de,ngo,49.0059839,8.4316702,2042.7,node,8307090378,https://www.openstreetmap.org/node/8307090378
Debeka Versicherungen,,,insurance,49.0135975,8.4298485,2047.4,node,3154541712,https://www.openstreetmap.org/node/3154541712
Servicezentrum Auto und Verkehr,,buergerdienste@oa.karlsruhe.de,government,48.9969942,8.3799371,2053.8,node,6235652333,https://www.openstreetmap.org/node/6235652333
Connect Personal-Service GmbH,https://www.connect-personal.de/,,consulting,49.0148406,8.3782527,2055.3,node,8012933792,https://www.openstreetmap.org/node/8012933792
GoTo Technologies Germany GmbH,https://www.goto.com/,,company,49.0055819,8.4318129,2055.8,node,3415262239,https://www.openstreetmap.org/node/3415262239
Übersetzungsbüro Gönül,http://www.gonul.de/,,translator,49.0105579,8.376056,2056.9,node,9609241251,https://www.openstreetmap.org/node/9609241251
Augenblick Werbeagentur,,,advertising_agency,49.0105985,8.3760638,2057.2,way,110539711,https://www.openstreetmap.org/way/110539711
Grenke Technology Center,http://www.grenke.de,,it,49.0055366,8.4318389,2058.1,node,3717670808,https://www.openstreetmap.org/node/3717670808
Thorsten Müller,,,carpenter;joiner,48.9936466,8.3837836,2069.5,way,122267494,https://www.openstreetmap.org/way/122267494
Atelier für Gestaltung,https://www.fuer-gestaltung.de/,,graphic_design,49.0094832,8.3754404,2081.1,node,2710898139,https://www.openstreetmap.org/node/2710898139
Volkshochschule Karlsruhe,https://www.vhs-karlsruhe.de,info@vhs-karlsruhe.de,educational_institution,49.0113105,8.375914,2085.1,way,89564038,https://www.openstreetmap.org/way/89564038
weststadtmakler.de,https://www.weststadtmakler.de,,estate_agent,49.0050821,8.3752398,2085.8,way,111005233,https://www.openstreetmap.org/way/111005233
ITscope,https://www.itscope.com,,company,49.0065067,8.4323095,2087.3,node,5211213699,https://www.openstreetmap.org/node/5211213699
Gründerzentrum Perfekt Futur,http://www.perfekt-futur.de,,shared,49.0049228,8.4321689,2088.2,node,4799843324,https://www.openstreetmap.org/node/4799843324
Friedhofs- und Bestattungsamt,,,government,49.0144271,8.4299896,2092.1,node,7796499377,https://www.openstreetmap.org/node/7796499377
TTK,https://ttk.de,info@ttk.de,consulting,49.0065592,8.4323888,2092.9,node,8069693657,https://www.openstreetmap.org/node/8069693657
Sozial- und Jugendbehörde,,sjb@karlsruhe.de,government,48.9981747,8.3782336,2095.8,node,11214296100,https://www.openstreetmap.org/node/11214296100
Familienkasse Baden-Württemberg West,https://www.arbeitsagentur.de/vor-ort/familienkasse/familienkasse-baden-wuerttemberg-west-karlsruhe.html,,yes,48.9974123,8.3784553,2122.3,node,12582116932,https://www.openstreetmap.org/node/12582116932
Bundesanwaltschaft,,,government,48.9987253,8.3773224,2128.1,way,538117502,https://www.openstreetmap.org/way/538117502
Wirtschaftsberatung Deutschland,https://wb-deutschland.de,,financial_services,49.0063985,8.4329049,2131.0,node,9040010314,https://www.openstreetmap.org/node/9040010314
Barmenia Versicherung,https://agentur.barmenia.de/karlsruhe,,insurance,49.0063004,8.4329283,2133.0,node,11730733395,https://www.openstreetmap.org/node/11730733395
KURY Versicherungsdienst GmbH,http://www.kurygmbh.de/,info@kurygmbh.de,insurance,49.0067704,8.3743966,2137.5,node,10286607979,https://www.openstreetmap.org/node/10286607979
Nils Menrad Film- & Medienproduktion,http://www.nils-menrad.de/,,media,49.0044112,8.4328027,2140.8,node,6468167340,https://www.openstreetmap.org/node/6468167340
Mapstar AG,https://www.mapstar.io/,,company,49.0044615,8.4328244,2141.6,node,6468167348,https://www.openstreetmap.org/node/6468167348
Kenforx,http://www.kenforx.com/,,company,49.0045119,8.4328462,2142.5,node,6468167349,https://www.openstreetmap.org/node/6468167349
PowMio,https://www.powmio.com,,it,49.0045623,8.432868,2143.4,node,6468167350,https://www.openstreetmap.org/node/6468167350
Dorfjungs,https://www.dorfjungs.com/,,company,49.0046126,8.4328898,2144.3,node,6468167346,https://www.openstreetmap.org/node/6468167346
Digital Cinema Mastering,https://digital-cinema-mastering.com,,media,49.004663,8.4329116,2145.2,node,6468167345,https://www.openstreetmap.org/node/6468167345
Famigo,,,it,49.0047134,8.4329334,2146.2,node,6468167344,https://www.openstreetmap.org/node/6468167344
Whiteout Studio,https://www.whiteoutstudio.com/,,media,49.0043967,8.4328802,2146.6,node,6468167339,https://www.openstreetmap.org/node/6468167339
Spark Software Engineering GmbH,https://sparkteams.de,info@sparkteams.de,it,49.0047637,8.4329552,2147.1,node,6398667524,https://www.openstreetmap.org/node/6398667524
Print Instruments,https://printinstruments.de/,,it,49.0048141,8.4329769,2148.1,node,6468167342,https://www.openstreetmap.org/node/6468167342
let's dev,https://letsdev.de,,company,49.0044975,8.4329238,2148.3,node,6468167353,https://www.openstreetmap.org/node/6468167353
Rechnungshof,,,government,49.016556,8.3781761,2149.0,node,3489585141,https://www.openstreetmap.org/node/3489585141
Lorenz Richardt Architekten,https://lrarchitekten.de/,,architect,49.0045478,8.4329455,2149.2,node,6468167347,https://www.openstreetmap.org/node/6468167347
dokKa,,,association,49.0045982,8.4329673,2150.1,node,6468167341,https://www.openstreetmap.org/node/6468167341
avee GmbH,,,company,49.0046486,8.4329891,2151.0,node,6468167351,https://www.openstreetmap.org/node/6468167351
Funkybooth,https://funkybooth.eu/,,company,49.0046989,8.4330109,2152.0,node,6468167352,https://www.openstreetmap.org/node/6468167352
K³ Kultur- und Kreativwirtschaftsbüro Karlsruhe,http://www.k3-karlsruhe.de,,company,49.0047493,8.4330327,2152.9,node,3656667023,https://www.openstreetmap.org/node/3656667023
t2consult,https://t2consult.net/,,company,49.0047997,8.4330545,2153.9,node,6468167343,https://www.openstreetmap.org/node/6468167343
Autobahn GmbH Außenstelle Karlsruhe,,karlsruhe.suedwest@autobahn.de,government,49.0063084,8.4332255,2154.6,node,10819436841,https://www.openstreetmap.org/node/10819436841
Matthis Dischler,,,lawyer,49.0102613,8.3745907,2155.8,node,9609241248,https://www.openstreetmap.org/node/9609241248
VBK - Betriebshof Ost,,,depot,49.006969,8.4332598,2156.1,way,134547166,https://www.openstreetmap.org/way/134547166
Hallenkind,https://www.hallenkind.com/,info@hallenkind.com,company,49.0098098,8.3743015,2168.6,node,5838434483,https://www.openstreetmap.org/node/5838434483
Zwilicht,https://zwilicht.com/,office@zwilicht.com,company,49.0097797,8.3742853,2169.2,node,12696836098,https://www.openstreetmap.org/node/12696836098
Oberfinanzdirektion Karlsruhe Landeszentrum für Datenverarbeitung,,,government,49.0165753,8.377787,2174.7,node,3489585140,https://www.openstreetmap.org/node/3489585140
IBS Ingenieurbüro Dr. Klaus Schnürer GmbH,http://www.ibs-ka.de/,,company,49.0127761,8.3752218,2177.4,node,5140921444,https://www.openstreetmap.org/node/5140921444
weststadtmakler.de,https://www.weststadtmakler.de,,estate_agent,49.0104692,8.3742672,2183.1,node,10677063797,https://www.openstreetmap.org/node/10677063797
Onur Icel,,,insurance,49.0054775,8.3737176,2192.7,node,13015831942,https://www.openstreetmap.org/node/13015831942
Immo König,https://www.immokoenig.de,info@immokoenig.de,property_management,48.9933858,8.3817672,2195.0,node,10605178167,https://www.openstreetmap.org/node/10605178167
FDP,https://www.fdp-karlsruhe.de/,,political_party,49.0119463,8.3745218,2200.9,node,990930802,https://www.openstreetmap.org/node/990930802
Nowatzki,https://steuerberater-nowatzki.de/,info@steuerberater-nowatzki.de,tax_advisor,48.9929682,8.3820496,2212.3,node,13541994125,https://www.openstreetmap.org/node/13541994125
Finanzamt Karlsruhe-Durlach Außenstelle Moltkestr.,https://finanzamt-bw.fv-bwl.de/fa_kadurlach,,government,49.0153224,8.3761927,2214.1,node,9861739907,https://www.openstreetmap.org/node/9861739907
Bayram Mansuroglu,,,insurance,49.0057066,8.373395,2214.5,node,13015843515,https://www.openstreetmap.org/node/13015843515
Haus des Jugendrechts Karlsruhe,"https://hdjr-karlsruhe.justiz-bw.de/pb/,Lde/Startseite",,government,49.0127507,8.3746596,2215.8,way,111445885,https://www.openstreetmap.org/way/111445885
Stephan Eßer,https://www.stb-esser.de/,StB-Eßer@t-online.de,tax_advisor,48.9929224,8.3820241,2217.2,node,13541994126,https://www.openstreetmap.org/node/13541994126
Emons Spedition GmbH,http://www.emons.de/,,logistics,49.0007309,8.4326063,2217.3,node,5237175721,https://www.openstreetmap.org/node/5237175721
GAWA,https://www.gawa-gmbh.de/,info@gawa-gmbh.de,hvac,48.9928599,8.3820677,2219.8,node,13542003868,https://www.openstreetmap.org/node/13542003868
Geschäftsstelle SVK,https://sv-karlsruhe-beiertheim.de/,geschaeftsstelle@sv-karlsruhe-beiertheim.de,association,48.9956948,8.3783967,2227.0,node,12211759670,https://www.openstreetmap.org/node/12211759670
Computer Consult Wening,https://comcon-wening.de/,info@ComCon-Wening.de,it,49.0089917,8.4343151,2245.1,node,8294518505,https://www.openstreetmap.org/node/8294518505
Atelierhaus Neue Schule,https://www.atelierhaus-neue-schule.de/,info@atelierhaus-neue-schule.de,atelier,48.9912323,8.3838558,2265.2,node,9040256976,https://www.openstreetmap.org/node/9040256976
fred & komplizen*,https://fred-komplizen.de/,hello@fred-komplizen.de,advertising_agency,49.007766,8.3725342,2275.3,node,3748617229,https://www.openstreetmap.org/node/3748617229
Evangelisches Pfarramt Markusgemeinde,,markusgemeinde.karlsruhe@kbz.ekiba.de,religion,49.006706,8.3722799,2291.9,node,11334807206,https://www.openstreetmap.org/node/11334807206
Susanne Leibold Steuerberatung,https://www.steuerberatung-leibold.de/#kontakt,info@steuerberatung-leibold.de,tax_advisor,49.0120635,8.3730125,2310.7,node,10159053364,https://www.openstreetmap.org/node/10159053364
Dietrich & Dietrich Steuerberatungsgesellschaft,http://www.dietrich-dietrich.de/de/startseite,info@dietrich&dietrich.de,tax_advisor,49.0124035,8.3731279,2312.3,node,10169415021,https://www.openstreetmap.org/node/10169415021
Orlowski + Vollbrecht Rechtsanwälte,https://www.anwaeltekarlsruhe.de/,info@anwaeltekarlsruhe.de,lawyer,49.0126273,8.3731323,2318.7,node,10169487422,https://www.openstreetmap.org/node/10169487422
Karlsruher TV e.V.,,,association,49.027643,8.407875,2326.5,node,6416988484,https://www.openstreetmap.org/node/6416988484
Generalkonsulat der Republik Türkei,https://karlsruhe-bk.mfa.gov.tr/,konsulat.karlsruhe@mfa.gov.tr,diplomatic,49.010726,8.4352581,2340.8,way,608061693,https://www.openstreetmap.org/way/608061693
Haus & Grund Karlsruhe,https://www.hug-ka.de/,,association,49.0108701,8.3718431,2365.1,node,13752596995,https://www.openstreetmap.org/node/13752596995
VBK - Betriebshof Gerwigstraße,,,depot,49.008397,8.4360677,2366.7,way,134499590,https://www.openstreetmap.org/way/134499590
Maisenbacher Hort + Partner,https://mhp-kanzlei.de/kontakt/standorte/karlsruhe/,karlsruhe@mhp-kanzlei.de,tax_advisor,49.0120126,8.4352295,2368.9,node,4417370168,https://www.openstreetmap.org/node/4417370168
Deutsche Homöopathie-Union,https://www.dhu.de,,company,48.9971033,8.4325594,2370.4,node,6467977272,https://www.openstreetmap.org/node/6467977272
Servicebüro Nordstadt,https://volkswohnung.de/,service@volkswohnung.com,property_management,49.0268315,8.3909722,2402.8,node,6480223603,https://www.openstreetmap.org/node/6480223603
Netze BW,,,company,49.0058632,8.4367181,2411.1,node,4348497735,https://www.openstreetmap.org/node/4348497735
Dental Genial,,,dental_technician,49.0148243,8.4344825,2411.8,node,5298479528,https://www.openstreetmap.org/node/5298479528
West Stadt Service,,,key_cutter,49.0053811,8.3707014,2412.9,node,13016102159,https://www.openstreetmap.org/node/13016102159
EnBW Energie Baden-Württemberg,,,company,49.0063089,8.436931,2424.8,relation,1679896,https://www.openstreetmap.org/relation/1679896
Dr. Baier - Brenk - Störtz GbR,http://www.dr-baier-partner.de,,lawyer,49.0117399,8.4362045,2431.1,node,6053235858,https://www.openstreetmap.org/node/6053235858
Baidenger Finanzberatung,https://www.baidenger-finanzberatung.de/,,insurance,49.0124762,8.3712674,2445.4,node,6274677483,https://www.openstreetmap.org/node/6274677483
Geschäftsstelle Polizeisportverein Karlsruhe e.V.,https://www.psv-karlsruhe.de/,info@psv-karlsruhe.de,association,48.9941636,8.4311576,2453.1,node,12250126131,https://www.openstreetmap.org/node/12250126131
djive naturals,https://djive-naturals.de/kontakt/,team@djive-naturals.de,yes,49.0041886,8.3700916,2469.9,node,11953285445,https://www.openstreetmap.org/node/11953285445
BAI - Böcherer Angewandte Informatik,https://www.bai.de/,,it,49.0109328,8.3703861,2470.9,node,3851429093,https://www.openstreetmap.org/node/3851429093
MVZ Labor PD Dr. Volkmann und Kollegen GbR,http://www.laborvolkmann.de,,laboratory,49.007316,8.4376368,2475.8,node,7342592633,https://www.openstreetmap.org/node/7342592633
Rossmann + Partner,https://rossmannundpartner.de/,karlsruhe@rossmannundpartner.de,architect,48.9846361,8.4024519,2477.3,node,10812687228,https://www.openstreetmap.org/node/10812687228
Verlag Heinrich Vogel,https://www.fahren-lernen.de,,publisher,48.9890084,8.3833984,2480.2,node,10760264426,https://www.openstreetmap.org/node/10760264426
Dr. Willmar Schwabe Business Services,,,company,48.9972353,8.4346649,2501.4,node,6467977271,https://www.openstreetmap.org/node/6467977271
Dipl.-Kfm. Bruno Scheurer & Co. Steuerberatungsgesellschaft mbH,,,tax_advisor,49.0112046,8.4375865,2517.5,node,4799358233,https://www.openstreetmap.org/node/4799358233
Lukasgemeinde,,,religion,49.01439,8.3709334,2530.8,way,756056076,https://www.openstreetmap.org/way/756056076
a + i - architekten und ingenieure,http://www.a-i-architekten.de/,buero@a-i-architekten.de,architect,48.9843169,8.3991071,2533.4,node,9385342999,https://www.openstreetmap.org/node/9385342999
Schindler + Kollegen,https://www.schindler-kollegen.de/,info@schindler-kollegen.de,tax_advisor,48.9887238,8.3827396,2534.4,node,14216474243,https://www.openstreetmap.org/node/14216474243
KGM-Verlag GmbH,https://kgm-verlag.de,,company,49.0107526,8.4380775,2543.7,node,6267933251,https://www.openstreetmap.org/node/6267933251
PSK Geschäftsstelle,https://online-psk.de/,psk@post-suedstadt-ka.de,association,48.9840303,8.4047016,2544.0,node,12522823607,https://www.openstreetmap.org/node/12522823607
Forstbetrieb V. Leger,,,forestry,49.0293861,8.4104517,2548.4,way,135510425,https://www.openstreetmap.org/way/135510425
SDK Regionaldirektion Karlsruhe,https://www.sdk.de/kontakt/beratersuche/regionaldirektion-karlsruhe/,,insurance,49.0107562,8.4381677,2550.3,node,6267933248,https://www.openstreetmap.org/node/6267933248
Scriptor,https://www.scriptor-brennerei.de/,info@scriptor-brennerei.de,distillery,48.9889231,8.3819626,2551.6,node,11232680099,https://www.openstreetmap.org/node/11232680099
DFS Deutsche Flugsicherung,https://www.dfs.de/,,company,49.0242811,8.4271628,2581.3,node,4117239770,https://www.openstreetmap.org/node/4117239770
Keppel & Anderer,https://www.keppel-anderer.de/,info@keppel-anderer.de,company,48.9946919,8.3735475,2584.8,node,12254039407,https://www.openstreetmap.org/node/12254039407
Kühler Krug,https://www.brauhaus-kuehler-krug.de/,,brewery,49.0041195,8.3685046,2585.8,way,23528466,https://www.openstreetmap.org/way/23528466
Analytica,http://www.analytica-gmbh.de,,company,48.9948744,8.3733403,2587.1,node,6181000428,https://www.openstreetmap.org/node/6181000428
IPG Automotive,https://www.ipg-automotive.com/,,company,48.9950529,8.3731139,2591.1,node,12254039405,https://www.openstreetmap.org/node/12254039405
computermiete.de,https://www.computermiete.de/,,company,48.9951993,8.3729569,2592.8,node,12254039406,https://www.openstreetmap.org/node/12254039406
Gasmet Ansyco Gasmesstechnik und analytische Systeme,http://www.ansyco.de,,company,49.0110589,8.438705,2594.7,node,4621981805,https://www.openstreetmap.org/node/4621981805
2D,https://2d-datarecording.com/,,company,48.9949253,8.3731119,2598.5,node,12258207109,https://www.openstreetmap.org/node/12258207109
medavis,https://www.medavis.de/,info@medavis.de,company,48.9950882,8.3729463,2599.6,node,12254039408,https://www.openstreetmap.org/node/12254039408
"Christian Schweitz Garten, Landschaftsbau und Pflege",http://www.schweitz-galabau.de,,gardener,49.0153305,8.4370011,2603.4,node,4771468884,https://www.openstreetmap.org/node/4771468884
Lohnsteuerhilfe Baden-Württemberg,,,tax_advisor,49.011029,8.3685438,2605.0,node,9195617770,https://www.openstreetmap.org/node/9195617770
Waldpädagogik Karlsruhe,http://www.waldpaedagogik-karlsruhe.de,,government,49.0302669,8.4064424,2606.0,node,4827878035,https://www.openstreetmap.org/node/4827878035
Bühler + Ertle,https://www.efs-steuerberatung.de/,,tax_advisor,48.9834356,8.4007718,2617.9,node,12228528547,https://www.openstreetmap.org/node/12228528547
BREMER Karlsruhe GmbH,https://bremerbau.de/de/standorte/karlsruhe,,company,49.0105851,8.4391929,2621.0,node,13108257033,https://www.openstreetmap.org/node/13108257033
Lesser,http://www.lesser-ing.de/,vermessung@lesser-ing.de,geodesist,48.9963578,8.3715349,2622.9,node,2635505433,https://www.openstreetmap.org/node/2635505433
DB Bahnbau Gruppe,,,company,49.0028381,8.4394205,2644.4,node,6090397017,https://www.openstreetmap.org/node/6090397017
Medie Ambulanz GmbH,https://www.medie-ambulanz.de/,,company,49.0092778,8.3676097,2645.6,node,7888510228,https://www.openstreetmap.org/node/7888510228
Atruvia AG,,,company,48.9982251,8.4374752,2645.9,way,689461270,https://www.openstreetmap.org/way/689461270
Liveline Connect,https://liveline-connect.de/,help@liveline-connect.com,company,48.9943966,8.3728155,2647.5,node,12254039402,https://www.openstreetmap.org/node/12254039402
Hinte,https://www.hinte-messe.de/,info@hinte-expo.com,company,48.9945623,8.3726495,2648.2,node,12254032200,https://www.openstreetmap.org/node/12254032200
punkt.de,,,joiner,49.0093675,8.3675008,2654.5,way,845527994,https://www.openstreetmap.org/way/845527994
Forstamt Stadt Karlsruhe,https://www.karlsruhe.de/stadt-rathaus/verwaltung-stadtpolitik/aemter-dienststellen/detailseite/46-forstamt,forstamt@karlsruhe.de,forestry,49.0307324,8.4064019,2657.4,node,4850703655,https://www.openstreetmap.org/node/4850703655
Knappe1A,https://www.knappe1a.de/,info@knappe1a.de,company,48.9943346,8.3726613,2660.7,node,12254039403,https://www.openstreetmap.org/node/12254039403
RehaGym,,,therapist,49.0088897,8.3673438,2661.0,node,4702332261,https://www.openstreetmap.org/node/4702332261
Studio B.60,https://studiob60.de/hinte-marketing/index.php,,company,48.9945027,8.3724968,2661.1,node,12254039404,https://www.openstreetmap.org/node/12254039404
HS Heinrich Schmid,https://www.heinrich-schmid.com/,,company,48.9946565,8.3723469,2661.7,node,1772899668,https://www.openstreetmap.org/node/1772899668
punkt.de GmbH,https://punkt.de/,info@punkt.de,it,49.0094384,8.3674137,2661.7,node,6737420733,https://www.openstreetmap.org/node/6737420733
Martin & Busam,https://www.martin-busam.de/,info@martin-busam.de,hvac,48.996468,8.3708041,2665.4,node,12258285878,https://www.openstreetmap.org/node/12258285878
Solexperts,https://www.solexperts.com/,gtc@gtc-solexperts.com,company,49.0101974,8.4399698,2670.7,node,9775459290,https://www.openstreetmap.org/node/9775459290
Steuerberatung Dittmann,,,tax_advisor,49.0161767,8.369765,2681.4,node,10582011750,https://www.openstreetmap.org/node/10582011750
Volkswohnung Servicebüro Mühlburg,https://volkswohnung.de,service@volkswohnung.de,property_management,49.0075609,8.3669139,2684.2,node,10935338069,https://www.openstreetmap.org/node/10935338069
Göleli,,,key_cutter,48.991264,8.3755915,2688.4,node,11646746440,https://www.openstreetmap.org/node/11646746440
Dr. Karl-Heinz Kellner,,,company,48.9923767,8.3739575,2704.8,node,10166690630,https://www.openstreetmap.org/node/10166690630
init,https://www.initse.com/,,company,49.0089349,8.440718,2709.5,node,4078945387,https://www.openstreetmap.org/node/4078945387
Institut für Betriebsführung im Handwerk,https://www.itb.de/,info@itb.de,company,48.9923385,8.3739091,2710.1,node,10166690629,https://www.openstreetmap.org/node/10166690629
Emil Huber Immobilienverwaltungs-GmbH & Co. KG,,,company,48.9922623,8.373914,2714.9,node,10166690627,https://www.openstreetmap.org/node/10166690627
bugglin beßler,https://www.bugglinbessler.de/,vermessung@bugglinbessler.de,geodesist,49.0010348,8.3675666,2715.2,node,12269912124,https://www.openstreetmap.org/node/12269912124
Günter Wolf,https://www.gwolf-elektro.de/,info@gwolf-elektro.de,electrician,48.9937028,8.3723723,2715.9,node,12255173365,https://www.openstreetmap.org/node/12255173365
Neuroimmun GmbH,https://www.neuroimmun.com/company/,,company,48.9923009,8.3738537,2715.9,node,10166690631,https://www.openstreetmap.org/node/10166690631
Hunkler,https://www.hunkler.de/kontakt.html,info@hunkler.de,consulting,49.0009729,8.3675523,2717.9,node,12270929106,https://www.openstreetmap.org/node/12270929106
Andreas Müller Hydrokulturen,https://andreas-mueller-hydrokulturen.de/,info@andreas-mueller-hydrokulturen.de,gardener,48.9950254,8.3710897,2720.8,node,12255000029,https://www.openstreetmap.org/node/12255000029
Pluradent,https://www.pluradent.de/de/unternehmen/standorte/karlsruhe/,,company,48.9922253,8.3738543,2720.9,node,10166690628,https://www.openstreetmap.org/node/10166690628
n-komm,https://n-komm.de/,,telecommunication,48.9922613,8.3737935,2722.0,node,10166690632,https://www.openstreetmap.org/node/10166690632
Invenio,https://www.invenio.net/de/,,company,48.9923018,8.3737151,2723.9,node,10166690633,https://www.openstreetmap.org/node/10166690633
EnBW Printcenter,,,company,49.0095829,8.4408306,2724.6,way,523352458,https://www.openstreetmap.org/way/523352458
GFT,https://gft-trockenbau.de/,info@gft-trockenbau.de,interior_work,48.9954737,8.3706459,2725.5,node,7277380115,https://www.openstreetmap.org/node/7277380115
Wohlfarth,https://www.wohlfarth-pflasterbau.de/,,paver,48.9952064,8.3707197,2734.8,node,12255000030,https://www.openstreetmap.org/node/12255000030
Bundesnetzagentur,https://www.bundesnetzagentur.de/,,government,49.0303903,8.3922675,2741.8,way,138624979,https://www.openstreetmap.org/way/138624979
DV Direkt,,,yes,48.9874025,8.3806552,2743.5,node,10760230818,https://www.openstreetmap.org/node/10760230818
AMEI Atelier Malerei,http://www.amei-malerei.de/,amei@amei-malerei.de,atelier,48.9878842,8.3795822,2750.8,node,12554806960,https://www.openstreetmap.org/node/12554806960
enviolet,https://www.enviolet.com/,info@enviolet.com,company,48.9958695,8.3699324,2751.8,node,12255000032,https://www.openstreetmap.org/node/12255000032
enabl Technologies GmbH,https://enabl-tech.de/,info@enabl-tech.de,company,48.9934238,8.3720173,2754.5,node,12098487201,https://www.openstreetmap.org/node/12098487201
Immadio,,,facility_management,49.0115275,8.3664301,2766.6,node,6283009839,https://www.openstreetmap.org/node/6283009839
Gartner,https://gartnergmbh.de/,info@gartnergmbh.de,hvac,48.9938618,8.3713315,2770.8,node,12255147902,https://www.openstreetmap.org/node/12255147902
Arcadis,https://www.arcadis.com/de/germany/,,engineer,49.0013388,8.366621,2774.5,node,13894972080,https://www.openstreetmap.org/node/13894972080
Schucker,http://www.sanieren-dekorieren-karlsruhe.de,,painter,49.0113772,8.4412256,2781.9,node,4814082951,https://www.openstreetmap.org/node/4814082951
Fraunhofer-Institut für Werkstoffmechanik,https://www.mikrotribologiecentrum.de,,research,49.0229971,8.433136,2795.0,node,6221626615,https://www.openstreetmap.org/node/6221626615
Fruitful Office,https://www.fruitfuloffice.de/,info@fruitfuloffice.de,company,48.9956125,8.3694632,2795.2,node,12255068269,https://www.openstreetmap.org/node/12255068269
CB Präsentwerbung,http://www.cb-praesentwerbung.de/de/,,company,48.9983962,8.4397824,2796.8,node,1510129022,https://www.openstreetmap.org/node/1510129022
C.K. Immobilien,,,estate_agent,48.9818431,8.400095,2798.6,node,13016225881,https://www.openstreetmap.org/node/13016225881
Allianz Generalvertretung,https://vertretung.allianz.de/stefanos.tsatalbassidis/,stefanos.tsatalbassidis@allianz.de,insurance,48.9817396,8.4056771,2801.4,node,10208328895,https://www.openstreetmap.org/node/10208328895
A&E Logistik,,,moving_company,48.9934972,8.3711659,2802.5,way,123792653,https://www.openstreetmap.org/way/123792653
schmitt,https://www.logistik-schmitt.de/,info@logistik-schmitt.de,logistics,48.9947356,8.3700238,2804.4,node,12254927371,https://www.openstreetmap.org/node/12254927371
Schweitzer Fachinformationen,https://www.schweitzer-online.de/info/Karlsruhe/,karlsruhe@schweitzer-online.de,publisher,48.9922561,8.3723326,2808.5,node,10246431821,https://www.openstreetmap.org/node/10246431821
Steger + Partner,,,engineer,48.9869265,8.3800182,2813.8,node,12550031705,https://www.openstreetmap.org/node/12550031705
Kassenärztliche Vereinigung Baden-Württemberg,,,government,49.0044214,8.3652511,2818.1,node,5645664074,https://www.openstreetmap.org/node/5645664074
stadtmobil,https://karlsruhe.stadtmobil.de/,info@karlsruhe.stadtmobil.de,company,48.9997991,8.3665076,2825.6,node,13624005851,https://www.openstreetmap.org/node/13624005851
Wolff & Müller,https://www.wolff-mueller.de/,,company,48.981495,8.4050292,2826.6,node,6495296675,https://www.openstreetmap.org/node/6495296675
Texys Sensoren GmbH,https://www.texense.com/de/,,research,49.0038134,8.3652107,2828.4,node,6431747645,https://www.openstreetmap.org/node/6431747645
Martin Heck,https://heck-immobilien.de/,info@heck-immobilien.de,estate_agent,48.9830138,8.3902197,2832.3,node,5079934002,https://www.openstreetmap.org/node/5079934002
Bioscientia,https://www.labor-karlsruhe.de/,info@labor-karlsruhe.de,company,48.9813929,8.4051123,2838.1,node,6495296672,https://www.openstreetmap.org/node/6495296672
WPA,https://wpa-techni.com/,info@wpa-gmbh.com,engineer,49.0021727,8.365379,2844.3,node,12269983808,https://www.openstreetmap.org/node/12269983808
Vector Informatik,,,company,49.0212425,8.4360196,2845.9,way,916950052,https://www.openstreetmap.org/way/916950052
BM Bahndienste,http://www.bm-bahndienste.de/,,company,48.9985445,8.4405792,2846.1,node,5420612496,https://www.openstreetmap.org/node/5420612496
ICF Karlsruhe,https://www.icf-karlsruhe.de,info@icf-karlsruhe.de,religion,49.0015998,8.3654086,2854.6,node,4128205291,https://www.openstreetmap.org/node/4128205291
Weihnachten neu erleben e.V.,https://www.weihnachten-neu-erleben.de,,yes,49.0016597,8.3653446,2857.8,node,9900687401,https://www.openstreetmap.org/node/9900687401
Full Smile Dental Partner,https://full-smile.de,info@full-smile.de,yes,48.9827739,8.3900295,2862.1,node,10760208640,https://www.openstreetmap.org/node/10760208640
Blue Yonder,http://www.blue-yonder.com,,company,49.0319495,8.3945522,2864.1,node,5590612822,https://www.openstreetmap.org/node/5590612822
Wieland Woitzik,http://www.steuerkanzlei-woitzik.de,kontakt@steuerkanzlei-woitzik.de,tax_advisor,48.9826894,8.3902819,2864.6,node,10760178858,https://www.openstreetmap.org/node/10760178858
Rüdinger GmbH & Co. KG,https://www.ruedinger-oel.de/,info@ruedinger-oel.de,yes,49.0008574,8.365524,2864.7,node,9886071518,https://www.openstreetmap.org/node/9886071518
Galileo,https://www.galileo-webagentur.de/,info@galileo-webagentur.de,it,48.993078,8.3704277,2872.9,node,12507291810,https://www.openstreetmap.org/node/12507291810
VBK - Bahnmeisterei & Bauhof,,,storage,48.9993688,8.4414079,2875.3,way,455891010,https://www.openstreetmap.org/way/455891010
Pittroff Elektro,http://www.pittroff-elektro.de/,,electrician,49.0123003,8.442281,2877.3,node,6152650098,https://www.openstreetmap.org/node/6152650098
Artmann Immobilien,,,estate_agent,49.0023654,8.3648597,2877.7,node,656279908,https://www.openstreetmap.org/node/656279908
ICF Beratungszentrum,https://icf-beratungszentrum.de/,info@icf-beratungszentrum.de,consulting,49.0020237,8.3649342,2879.2,node,13132913519,https://www.openstreetmap.org/node/13132913519
ASPION GmbH,https://www.aspion.de/,,company,49.0319991,8.3938753,2881.4,node,14231988739,https://www.openstreetmap.org/node/14231988739
Vieten Treuhand & Revisions- gesellschaft mbH,http://www.kanzlei-vieten.de/,info@kanzlei-vieten.de,accountant,49.0165566,8.3669451,2887.7,node,5080945743,https://www.openstreetmap.org/node/5080945743
Kanzlei Vieten,http://www.kanzlei-vieten.de/,info@kanzlei-vieten.de,tax_advisor,49.0165962,8.3669197,2891.1,node,5080945742,https://www.openstreetmap.org/node/5080945742
Brinkmann Pflegevermittlung,https://www.brinkmann-pflegevermittlung.de/beratung-vor-ort/24-stunden-pflege-karlsruhe/,karlsruhe@brinkmann-pflegevermittlung.de,yes,48.9865426,8.3789979,2893.4,node,12943768550,https://www.openstreetmap.org/node/12943768550
Steinhaus Informationssysteme,http://www.steinhaus-informationssysteme.de,,company,49.0205033,8.437638,2900.7,node,6203314079,https://www.openstreetmap.org/node/6203314079
macio,https://www.macio.de/,,company,49.0204645,8.4377268,2904.0,node,5003469014,https://www.openstreetmap.org/node/5003469014
ibnconsult,,,company,49.0204256,8.4378156,2907.3,node,5003469011,https://www.openstreetmap.org/node/5003469011
Education Support Centre,https://www.escde.net/,,company,49.0205613,8.437697,2907.8,node,6203314077,https://www.openstreetmap.org/node/6203314077
Private Schwimmschule Köhler,https://www.schwimmschule-koehler.de,,company,49.0134411,8.4423374,2910.4,node,6089912496,https://www.openstreetmap.org/node/6089912496
Deutsche Gesellschaft für Recht und Informatik e.V.,https://www.dgri.de/,,association,49.0203868,8.4379044,2910.6,node,4237203985,https://www.openstreetmap.org/node/4237203985
diconium digital solutions,https://diconium.com,,company,49.020503,8.4378302,2912.7,node,5003469009,https://www.openstreetmap.org/node/5003469009
Gabelstaplerfahrschule Köhler,https://www.fuehrerschein-gabelstapler.de/,,company,49.0134209,8.4423856,2913.2,node,6089912495,https://www.openstreetmap.org/node/6089912495
enOware,http://www.enoware.de,,company,49.0206193,8.4377561,2914.8,node,4237203986,https://www.openstreetmap.org/node/4237203986
Vogel & Partner Rechtsanwälte,http://www.vogel-partner.eu,,lawyer,49.0204448,8.4379634,2917.6,node,4331299598,https://www.openstreetmap.org/node/4331299598
Verint,https://verint.de/,,company,49.0205804,8.4378449,2918.1,node,4198350505,https://www.openstreetmap.org/node/4198350505
Geiger,https://www.geigergruppe.com/,,yes,48.9867427,8.3780747,2918.7,node,12550051427,https://www.openstreetmap.org/node/12550051427
bonsure,https://www.bonsure.com/,info@bonsure.com,insurance,48.9867441,8.3780062,2921.8,node,12550051426,https://www.openstreetmap.org/node/12550051426
Heiko Reif,,,plumber,48.9862429,8.3789133,2923.4,node,12416519780,https://www.openstreetmap.org/node/12416519780
HMS Industrial Networks,https://www.hms-networks.com,,company,49.0215047,8.4370427,2924.1,node,3972340713,https://www.openstreetmap.org/node/3972340713
Falk,https://falk-co.de/,,tax_advisor,49.0205028,8.4380224,2924.7,node,5003469010,https://www.openstreetmap.org/node/5003469010
Ingenieurbüro Struck,,,yes,49.0098602,8.4436666,2933.6,node,9182594825,https://www.openstreetmap.org/node/9182594825
Stadt Karlsruhe Marktamt,,,government,49.0061279,8.4439132,2934.4,node,10759398246,https://www.openstreetmap.org/node/10759398246
Krüger Steuerberatungsgesellschaft,https://krueger-kanzlei.de/,,tax_advisor,49.0061935,8.4439399,2936.2,node,10759398245,https://www.openstreetmap.org/node/10759398245
Ärztlicher Dienst der Stadt Karlsruhe,,,yes,49.0180907,8.3672262,2936.8,node,11416395305,https://www.openstreetmap.org/node/11416395305
Schaefer & Wunsch,https://www.schaefer-wunsch.de,,property_management,49.0062491,8.4439636,2937.8,node,10759398244,https://www.openstreetmap.org/node/10759398244
Dreßler,https://www.dressler-bau.de/karlsruhe-1,,construction_company,49.006232,8.4440573,2944.6,node,10759398243,https://www.openstreetmap.org/node/10759398243
ESG ENGEL,https://www.esg-kanzlei.de,,tax_advisor,49.0060848,8.4440965,2948.0,node,10061792279,https://www.openstreetmap.org/node/10061792279
interflex,https://interflex.com/de-de/,,company,49.0061509,8.4441233,2949.7,node,10759398240,https://www.openstreetmap.org/node/10759398240
ISD FENIQS,https://www.isdfeniqs.com,,it,49.0062142,8.44415,2951.4,node,10759398242,https://www.openstreetmap.org/node/10759398242
Nilaplan Karlsruhe,http://nilaplan-karlsruhe.de/,,company,49.0327588,8.3944505,2953.4,node,5554854892,https://www.openstreetmap.org/node/5554854892
Bernd Höllstern GmbH - Schädlingsbekämpfung,https://hoellstern.de/,,pest_control,49.0142178,8.4426337,2953.9,node,6169454951,https://www.openstreetmap.org/node/6169454951
Martin Rechtsanwälte,https://www.martin-anwaelte.de,,lawyer,49.0327579,8.3944103,2954.0,node,5554854893,https://www.openstreetmap.org/node/5554854893
Müller-BBM Industry Solutions GmbH - Niederlassung Karlsruhe,https://www.mbbm-ind.com,,company,49.0327622,8.3943725,2955.1,node,14207683962,https://www.openstreetmap.org/node/14207683962
msg,https://www.msg.group/deutschland,,consulting,49.0060628,8.4441997,2955.6,node,10759398238,https://www.openstreetmap.org/node/10759398238
Asica,https://www.asica.group,,company,49.006129,8.4442208,2956.9,node,10759398239,https://www.openstreetmap.org/node/10759398239
Harrer Ingenieure,https://www.harrer-ing.net/,,engineer,49.0061938,8.4442508,2958.9,node,10759398241,https://www.openstreetmap.org/node/10759398241
European Institute for Energy Research,https://www.eifer.kit.edu/,contact@eifer.org,company,49.019837,8.4392036,2962.1,node,3287769705,https://www.openstreetmap.org/node/3287769705
K2L GmbH,,,company,49.0211143,8.4380497,2962.1,node,3972340714,https://www.openstreetmap.org/node/3972340714
Videmo Intelligente Videoanalyse,https://videmo.de,,company,49.0199214,8.4391415,2962.7,node,8094186739,https://www.openstreetmap.org/node/8094186739
Microchip Technology,,,company,49.0210607,8.4381462,2964.8,node,3972340715,https://www.openstreetmap.org/node/3972340715
Ametek,https://www.ametek.de/,,company,49.0198848,8.4392393,2966.9,node,3972340716,https://www.openstreetmap.org/node/3972340716
Verocel,http://www.verocel.com,,company,49.0198667,8.4392928,2969.4,node,4366871554,https://www.openstreetmap.org/node/4366871554
Welcome Center TechnologieRegion Karlsruhe,https://technologieregion-karlsruhe.de,,company,49.0198985,8.4392703,2969.7,node,4985600648,https://www.openstreetmap.org/node/4985600648
Cognex Germany,http://www.cognex.com,,company,49.019908,8.4393247,2973.6,node,4161777080,https://www.openstreetmap.org/node/4161777080
Taxi Holl,https://www.taxi-karlsruhe.de/,mail@taxi-karlsruhe.de,company,48.9900211,8.3720733,2974.2,node,12187905254,https://www.openstreetmap.org/node/12187905254
MANN Immobilien Management GmbH,https://mann-immobilien.com/,info@mann-management.de,company,49.0043557,8.4443757,2980.4,node,4361866501,https://www.openstreetmap.org/node/4361866501
Intel Automotive Innovation and Product Development Center,,,company,49.0196107,8.4398348,2990.4,node,4128275406,https://www.openstreetmap.org/node/4128275406
aicas,https://www.aicas.com,,company,49.0195435,8.439914,2992.0,node,7091758558,https://www.openstreetmap.org/node/7091758558
Ziegler & Partner,http://www.steuerkanzlei-ziegler.de/,,tax_advisor,49.0195843,8.4398938,2992.8,node,4128275410,https://www.openstreetmap.org/node/4128275410
Deluxe Gebäudemanagement,http://www.deluxe-gebaeudemanagement.de/,,company,49.0096684,8.4445475,2995.2,node,4718761373,https://www.openstreetmap.org/node/4718761373
Coface,http://www.coface.de,,company,49.0195632,8.4399689,2996.6,node,4128275405,https://www.openstreetmap.org/node/4128275405
Technidata,https://www.its-technidata.de/,,it,49.0195199,8.4400289,2998.2,node,4128275408,https://www.openstreetmap.org/node/4128275408
Rudolph,,,company,48.9885552,8.3735685,2998.9,way,105371627,https://www.openstreetmap.org/way/105371627
Buderus,,karlsruhe@buderus.de,hvac,49.0005212,8.3637529,2999.0,node,13738591748,https://www.openstreetmap.org/node/13738591748
Liede Hausverwaltung,http://www.hausverwaltung-liede.de/,,company,49.0096327,8.4446354,3001.2,node,4693852435,https://www.openstreetmap.org/node/4693852435
LITHO-TYPE,https://www.litho-type.de/,info@litho-type.de,printer,49.0011926,8.3633796,3008.8,node,13738591745,https://www.openstreetmap.org/node/13738591745
Eisenmenger,https://www.eisenmenger-bau.de/,info@eisenmenger-bau.de,company,48.9895587,8.3719438,3014.2,node,11280381787,https://www.openstreetmap.org/node/11280381787
Ingenieurbüro Struck,https://sv-struck.de,,company,49.0092692,8.444898,3016.5,node,3158129231,https://www.openstreetmap.org/node/3158129231
Profimarkt König,http://www.j-koenig.de/,info@j-koenig.de,tiler,48.9919001,8.4382183,3020.4,way,418673749,https://www.openstreetmap.org/way/418673749
netcup,https://www.netcup.com/,mail@netcup.de,it,49.0203563,8.4398171,3029.4,node,13077730414,https://www.openstreetmap.org/node/13077730414
ANEXIA Deutschland GmbH,https://anexia.com/,office@anexia.com,it,49.0203817,8.4398362,3032.0,node,13077684090,https://www.openstreetmap.org/node/13077684090
Nationale Forschungsdateninfrastruktur,https://www.nfdi.de/,,research,49.020277,8.4400482,3039.7,node,13086419040,https://www.openstreetmap.org/node/13086419040
Regierungspräsidium Karlsruhe - Abteilung 9,https://rpk.baden-wuerttemberg.de/abt9/,,government,49.0058482,8.3618471,3055.0,node,13100899816,https://www.openstreetmap.org/node/13100899816
HUK-Coburg,,Kornelia.Krumphaar@HUKvm.de,insurance,49.0112133,8.3623059,3057.0,node,11328328217,https://www.openstreetmap.org/node/11328328217
Volkswohnung Servicebüro Rintheim,https://volkswohnung.de,Volkswohnung GmbH,property_management,49.0170293,8.4427176,3060.5,node,8075855350,https://www.openstreetmap.org/node/8075855350
GS Sanierung,https://www.karlsruher-handwerker.de,,company,49.0123462,8.3624009,3072.5,node,1707282692,https://www.openstreetmap.org/node/1707282692
YellowMap AG,https://www.yellowmap.com/,,company,49.0216281,8.4393615,3073.4,node,4278622335,https://www.openstreetmap.org/node/4278622335
Steuerberatung Hanauer,https://steuerberatung-hanauer.de/,info@stb-hanauer.de,tax_advisor,48.9964499,8.3646948,3073.5,node,7978344507,https://www.openstreetmap.org/node/7978344507
CAS InnovationCenter,,,research,49.0211133,8.4398617,3074.6,node,5922983048,https://www.openstreetmap.org/node/5922983048
CAS Software AG,https://www.cas.de/,,company,49.0216112,8.4394013,3074.9,node,4286328905,https://www.openstreetmap.org/node/4286328905
Offene Werkstatt Karlsruhe,https://www.offene-werkstatt-ka.de,offene-werkstatt@riseup.net,handicraft,48.9888527,8.3716802,3079.6,node,13323880601,https://www.openstreetmap.org/node/13323880601
Gameforge AG,http://corporate.gameforge.com/,,company,49.0199056,8.4410518,3084.2,node,3150443443,https://www.openstreetmap.org/node/3150443443
FotoFoxx,https://www.fotofoxx.com/,info@fotofoxx.com,yes,49.015266,8.4440619,3087.3,node,3830025873,https://www.openstreetmap.org/node/3830025873
Volkswohnung Servicebüro Nordwest,https://volkswohnung.de,,property_management,49.0258106,8.3726016,3092.7,node,10784433059,https://www.openstreetmap.org/node/10784433059
UMA,http://www.uma-architecture.de/,uma-architektur@online.de,architect,48.9852255,8.37712,3093.4,node,12554851839,https://www.openstreetmap.org/node/12554851839
phytonics,https://www.phytonics.com/,info@phytonics.tech,company,49.0200831,8.4411917,3102.5,node,14138349580,https://www.openstreetmap.org/node/14138349580
Marsilli,http://www.marsilli.com,,company,49.0208302,8.4406636,3109.1,node,5290218822,https://www.openstreetmap.org/node/5290218822
CAS InnovationCenter,,,research,49.0214781,8.4401638,3114.4,node,4278622334,https://www.openstreetmap.org/node/4278622334
Strippel Blechnerei GmbH,https://www.strippel-blech.de,,tinsmith,48.9929657,8.4407622,3116.2,node,12157003041,https://www.openstreetmap.org/node/12157003041
Mercedes-Benz Tech Innovation,https://www.mercedes-benz-techinnovation.com/,,company,49.0205988,8.4409788,3116.4,node,5075066000,https://www.openstreetmap.org/node/5075066000
Rechtsanwältin Buket Yildiz-Özdemir Fachanwältin für Strafrecht,,,lawyer,49.0173429,8.4434659,3124.1,node,3424873322,https://www.openstreetmap.org/node/3424873322
Zorn Rechtsanwälte,https://www.zorn-anwaelte.de/,,lawyer,49.0207062,8.441016,3124.6,node,13098756237,https://www.openstreetmap.org/node/13098756237
Antweiler Zahntechnik CAD-CAM Zentrum,http://www.antweiler-zahntechnik.de/,,dental_technician,49.020722,8.4410945,3130.5,node,4281094354,https://www.openstreetmap.org/node/4281094354
cab,https://www.cab.de/,,company,49.0221211,8.4398227,3131.2,node,4267035354,https://www.openstreetmap.org/node/4267035354
Nationale Forschungsdateninfrastruktur,https://www.nfdi.de/,,research,49.0207881,8.4410849,3133.5,node,11196799724,https://www.openstreetmap.org/node/11196799724
Gartengestaltung und Pflege Service Thomas Thiele,https://www.thiele-gartengestaltung.de/,info@thiele-gartengestaltung.de,gardener,48.9933299,8.4414755,3141.8,node,14084129668,https://www.openstreetmap.org/node/14084129668
Gebäudereinigung Schoch,https://www.gebaeudereinigung-schoch.de/,,company,48.9911258,8.4394352,3142.1,node,6426714892,https://www.openstreetmap.org/node/6426714892
Rüdiger Benz,https://www.generali.de,,insurance,49.0132106,8.4456941,3142.2,node,4535593680,https://www.openstreetmap.org/node/4535593680
Gameforge 4D GmbH,,,company,49.0204445,8.4415316,3143.4,node,4281094366,https://www.openstreetmap.org/node/4281094366
Körber Pharma Consulting GmbH,https://www.koerber-pharma.com/,,company,49.0230225,8.4392713,3153.4,node,4161777081,https://www.openstreetmap.org/node/4161777081
Systec & Solutions GmbH,https://www.systec-solutions.com/de/startseite,,company,49.0229946,8.4393216,3154.6,node,4254917190,https://www.openstreetmap.org/node/4254917190
Elektro Meier,,,electrician,48.9925394,8.4410166,3156.1,node,10250879373,https://www.openstreetmap.org/node/10250879373
BfB Büro für Baukonstruktionen GmbH,https://www.bfb-ka.de/,info@bfb-dd.de,company,48.9785207,8.4046741,3156.4,node,13865495092,https://www.openstreetmap.org/node/13865495092
Foxysoft,https://www.foxysoft.de,,company,49.0211089,8.4413979,3171.0,node,9106192493,https://www.openstreetmap.org/node/9106192493
Feuerverzinkerei Karlsruhe,,,metal_construction,48.9979938,8.4450075,3171.8,way,450654856,https://www.openstreetmap.org/way/450654856
Technologiepark Karlsruhe GmbH,http://www.techpark.de,,company,49.0211547,8.4414026,3173.8,node,4153925966,https://www.openstreetmap.org/node/4153925966
Dokuschmiede,http://www.dokuschmiede.de,,company,49.0211965,8.4414462,3178.9,node,4281094357,https://www.openstreetmap.org/node/4281094357
NanoFocus,http://www.nanofocus.de,,company,49.0211874,8.4414947,3181.4,node,4281094363,https://www.openstreetmap.org/node/4281094363
Hettmannsperger,https://www.hettbohr.de/,info@hettbohr.de,company,48.9867976,8.3725948,3185.3,node,12379131104,https://www.openstreetmap.org/node/12379131104
Seydell Garten- und Landschaftsbau,https://www.seydell-garten.de,info@seydell-garten.de,gardener,48.9782544,8.40297,3185.7,node,9733565538,https://www.openstreetmap.org/node/9733565538
Betonbohr Karlsruhe,https://www.betonbohr-karlsruhe.de/,,borer,48.9907617,8.4398235,3188.3,way,685733257,https://www.openstreetmap.org/way/685733257
Projektträger Karlsruhe,https://www.ptka.kit.edu/,,company,49.0209052,8.4418733,3190.0,node,4705285004,https://www.openstreetmap.org/node/4705285004
S.A.M. Elektrotechnik,https://sam-elektrotechnik.de/,info@sam-elektrotechnik.de,company,48.9867391,8.3725758,3190.9,node,12379131103,https://www.openstreetmap.org/node/12379131103
cluetec,https://www.cluetec.de,,company,49.0233687,8.4395513,3192.1,node,4161777082,https://www.openstreetmap.org/node/4161777082
Bildungs- und Wissenschaftszentrum der Bundesfinanzverwaltung - Dienstsitz Karlsruhe,,,government,49.0224791,8.3668935,3194.7,node,6796984169,https://www.openstreetmap.org/node/6796984169
Clausmark,https://www.clausmark.com/,,company,49.0209578,8.4419265,3196.2,node,4437493536,https://www.openstreetmap.org/node/4437493536
CiK Solutions,https://www.cik-solutions.com,,company,49.0234171,8.4395868,3197.3,node,9759330594,https://www.openstreetmap.org/node/9759330594
Energy4U,http://energy4u.org/,,company,49.0213697,8.4415887,3197.5,node,4281094358,https://www.openstreetmap.org/node/4281094358
Endosmart,https://www.endosmart.de,,company,49.0233929,8.4396578,3200.0,node,9759330595,https://www.openstreetmap.org/node/9759330595
Dickemann Steuerberatungsgesellschaft mbH,,,tax_advisor,49.0118574,8.3604701,3200.9,node,4579371050,https://www.openstreetmap.org/node/4579371050
Dassault Systèmes,,,company,49.0213845,8.4416305,3201.0,node,4267035351,https://www.openstreetmap.org/node/4267035351
ITfab,http://www.itfab.com,,company,49.0210021,8.4419793,3202.0,node,6578972453,https://www.openstreetmap.org/node/6578972453
Bürkert Fluid Control Systems,https://www.buerkert.de,,company,49.0214183,8.441652,3204.2,node,4281094356,https://www.openstreetmap.org/node/4281094356
Werum Körber Solutions,https://www.werum.com,,company,49.0233242,8.4398496,3207.1,node,6578972454,https://www.openstreetmap.org/node/6578972454
Bee360,https://www.bee360.com,,company,49.0210667,8.4420249,3208.4,node,10178561992,https://www.openstreetmap.org/node/10178561992
BÄKO Mittelbaden eG,http://www.baeko-mittelbaden.de/,,company,48.9961354,8.4445823,3213.5,node,4475736864,https://www.openstreetmap.org/node/4475736864
Jacob Elektronik,https://www.jacob.de/,,company,49.0220917,8.4414434,3229.6,node,12469582507,https://www.openstreetmap.org/node/12469582507
dataqube,http://www.dataqube.de/,,company,49.0213007,8.4422113,3233.0,node,5290213120,https://www.openstreetmap.org/node/5290213120
Baker Hicks,https://bakerhicks.com/,,company,49.0213618,8.4422147,3236.6,node,6488296263,https://www.openstreetmap.org/node/6488296263
Qudosoft,https://www.qudosoft.de/,,company,49.0213376,8.4422596,3238.1,node,5290218821,https://www.openstreetmap.org/node/5290218821
Steurer GmbH,https://steurer-batterien.de,,company,49.0078382,8.3593229,3238.5,node,9775526227,https://www.openstreetmap.org/node/9775526227
JACOB Elektronik GmbH,https://jacob.de/,,company,49.0221962,8.4415066,3239.6,node,11928074955,https://www.openstreetmap.org/node/11928074955
Heiss Immobilien,,,estate_agent,49.0143396,8.4466524,3240.1,node,6296486425,https://www.openstreetmap.org/node/6296486425
Neon Elan,http://www.neon-elan.de/,info@neon-elan.de,signmaker,48.9978341,8.3614796,3240.6,node,11578644312,https://www.openstreetmap.org/node/11578644312
Deutsche Post Direkt Marketing Center,https://www.direktmarketingcenter.de/karlsruhe.html,,marketing,49.0213951,8.4422595,3241.3,node,4288958930,https://www.openstreetmap.org/node/4288958930
Büro Kleingartenverein Weiherfeld e.V.,https://kgv-weiherfeld.de/,,yes,48.9781756,8.3959191,3244.1,node,11591855221,https://www.openstreetmap.org/node/11591855221
Strippel,https://www.strippel-dach.de/,,roofer,48.9906119,8.4407254,3252.1,node,6426712516,https://www.openstreetmap.org/node/6426712516
Metalle in Form,https://www.metalle-in-form.com/,,metal_construction,48.9969193,8.4456367,3254.3,way,90400141,https://www.openstreetmap.org/way/90400141
Leinweber Holzbau,https://www.leinweber-holzbau.de/,info@leinweber-holzbau.de,carpenter,48.9989466,8.3606906,3259.6,node,12400394026,https://www.openstreetmap.org/node/12400394026
Barmenia Versicherung - Andreea Juncu,https://agentur.barmenia.de/andreea_juncu,,insurance,49.0118653,8.3596492,3260.0,node,12725173975,https://www.openstreetmap.org/node/12725173975
Stratec,https://www.stratec.com,,company,49.0223877,8.4416547,3260.0,node,5922983208,https://www.openstreetmap.org/node/5922983208
Hoffmanns Bistro & Restaurant - Partyservice - Catering in der Metro Gastro,,,caterer,49.0100519,8.4481725,3262.6,node,6352265167,https://www.openstreetmap.org/node/6352265167
Löwenstein Medical Technology,https://loewensteinmedical.com/,,company,49.0220334,8.4421352,3269.4,node,13955565579,https://www.openstreetmap.org/node/13955565579
Kottler,,,scaffolder,48.9997335,8.3601669,3274.0,node,12401186887,https://www.openstreetmap.org/node/12401186887
Brugger,https://www.schreinerei-brugger-karlsruhe.de/,info@schreinerei-brugger-karlsruhe.de,carpenter,48.9994864,8.3602541,3274.7,node,12401186886,https://www.openstreetmap.org/node/12401186886
Sick Vertriebs GmbH,https://www.sick.com,,company,49.0225398,8.441758,3275.4,node,6019045329,https://www.openstreetmap.org/node/6019045329
Raisch Gerüstbau,http://www.raisch-geruestbau.de/,,scaffolder,49.0207448,8.443348,3275.8,way,348702619,https://www.openstreetmap.org/way/348702619
Sick AG,https://www.sick.com,,company,49.0225688,8.4417821,3278.6,node,5922983209,https://www.openstreetmap.org/node/5922983209
dr. haasters & partner GmbH,https://www.drhaasters.net/,,company,49.0356174,8.3931592,3284.4,node,11183132549,https://www.openstreetmap.org/node/11183132549
JETA,https://www.gartenbau-jeta.de/,info@gartenbau-jeta.de,gardener,48.9995512,8.3600383,3288.1,node,12401186885,https://www.openstreetmap.org/node/12401186885
Leckermaul,,,yes,49.0356552,8.3931532,3288.6,node,11183132548,https://www.openstreetmap.org/node/11183132548
Schleith,http://www.schleith.de,,company,49.0222275,8.4422899,3290.2,node,4852093877,https://www.openstreetmap.org/node/4852093877
Communal-FM,https://communal-fm.de/,,company,49.0356711,8.3931509,3290.4,node,11183132546,https://www.openstreetmap.org/node/11183132546
WooMedia,https://www.woomedia.de/,,company,49.035687,8.3931486,3292.1,node,11183132547,https://www.openstreetmap.org/node/11183132547
Thermo Fisher Scientific,http://www.thermofisher.com,,company,48.9949074,8.4449884,3294.0,node,3124265965,https://www.openstreetmap.org/node/3124265965
InnoEnergy,http://www.innoenergy.com,,company,49.0223021,8.4423502,3298.2,node,4852093879,https://www.openstreetmap.org/node/4852093879
Kurt Eichsteller Baggerbetrieb,,,yes,49.0363827,8.3984033,3301.0,node,4434013887,https://www.openstreetmap.org/node/4434013887
PDTec,https://www.pdtec.de,,company,49.0223768,8.4424106,3306.3,node,4852093880,https://www.openstreetmap.org/node/4852093880
Dr. med. Josef Gatti,,,physician,49.0130612,8.359331,3307.8,node,3964629530,https://www.openstreetmap.org/node/3964629530
Haustechnik Jäger,https://www.jaeger-haustechnik.de,info@jaeger-haustechnik.de,hvac,48.9826573,8.3773014,3313.0,node,9445842502,https://www.openstreetmap.org/node/9445842502
Kaufland Warenannahme,,,goods_receiving,49.0053971,8.4490628,3313.0,node,4609654425,https://www.openstreetmap.org/node/4609654425
scdsoft Software Consulting & Development,http://www.scdsoft.de,,company,49.0224514,8.4424709,3314.4,node,4852093878,https://www.openstreetmap.org/node/4852093878
Andrena Objects,https://www.andrena.de,karlsruhe@andrena.de,company,49.022083,8.4428434,3316.6,node,13615789719,https://www.openstreetmap.org/node/13615789719
Anthroposophische Gesellschaft,,,association,49.0189111,8.4453502,3318.3,node,4159669335,https://www.openstreetmap.org/node/4159669335
Kleingärtnerverein Pulverhausstraße e.V.,https://www.kgv-pulverhausstrasse.de/,vorstand@kgv-pulverhausstrasse.de,club,48.993584,8.3628966,3324.6,node,12168897900,https://www.openstreetmap.org/node/12168897900
Alpenchalets Touristik GmbH,https://alpenchalets.com/,info@alpenchalets.com,travel_agent,49.0057991,8.3580803,3329.8,node,3753664425,https://www.openstreetmap.org/node/3753664425
Frenell,https://www.frenell.de/,info@frenell.de,company,48.9992383,8.3595498,3331.4,node,12401186884,https://www.openstreetmap.org/node/12401186884
Druckerei Butz & Bürker,https://www.butz-buerker.de/,info@butz-buerker.de,printer,48.9827541,8.3766411,3332.6,node,9445935635,https://www.openstreetmap.org/node/9445935635
Kribl,,,cabinet_maker,48.9826046,8.3769258,3333.8,node,9445925532,https://www.openstreetmap.org/node/9445925532
MEC Centermanagement,,,company,49.0043209,8.4492825,3337.2,node,4609654432,https://www.openstreetmap.org/node/4609654432
Graf,https://www.graf-heizung.de/,,hvac,48.9993564,8.3591429,3356.8,node,12401202227,https://www.openstreetmap.org/node/12401202227
Destillerie Kammer-Kirsch Verkauf,https://www.kammer-kirsch.de/kontakt/,,distillery,49.0133412,8.3587053,3359.0,node,4090612219,https://www.openstreetmap.org/node/4090612219
konecranes,https://www.konecranes.com/,,yes,48.9832216,8.3751045,3359.3,node,9484024879,https://www.openstreetmap.org/node/9484024879
Müller,https://mueller-maler-ausbau.de/,info@mueller-maler-ausbau.de,painter,48.9997419,8.3589521,3359.8,node,12401202228,https://www.openstreetmap.org/node/12401202228
Linder,https://www.kbl-ka.de/,info@kbl-ka.de,yes,48.9824095,8.3767085,3360.6,node,13124157441,https://www.openstreetmap.org/node/13124157441
DEKRA,,,yes,48.9832683,8.3749809,3360.8,node,9484024875,https://www.openstreetmap.org/node/9484024875
Südwestbus Betrieb Karlsruhe,,,company,48.9978152,8.4476873,3364.0,node,4825738743,https://www.openstreetmap.org/node/4825738743
Felzmann,https://www.felzmann.dental/,info@felzmann.dental,dental_technician,48.9824667,8.3764911,3364.8,node,13124157442,https://www.openstreetmap.org/node/13124157442
enventa,https://www.enventa-group.com/,info@enventa.de,it,48.9832169,8.3749856,3365.1,node,9484024878,https://www.openstreetmap.org/node/9484024878
Gartenbauamt Spielanlagenunterhaltung,,,government,48.9832643,8.3748506,3367.1,node,9484024874,https://www.openstreetmap.org/node/9484024874
Vorsorge-Center Ruhnke & Berger GmbH,https://www.wuerttembergische.de/,frank.berger@wuerttembergische.de,insurance,48.9832133,8.3748547,3371.4,node,9484024877,https://www.openstreetmap.org/node/9484024877
Architekturbüro Philipp Kern,http://www.abpk.de,info@abpk.de,architect,48.9765776,8.4051755,3373.4,node,13815072001,https://www.openstreetmap.org/node/13815072001
Atruvia Campus,https://atruvia.de/,,company,48.9942405,8.4457768,3376.9,way,563895492,https://www.openstreetmap.org/way/563895492
Sozial- und Jugendbehörde,,sodi-suedwest@sjb.karlsruhe.de,government,48.9903789,8.3647977,3380.7,node,9622500436,https://www.openstreetmap.org/node/9622500436
Bajer,https://bajer-sanierung.de/,info@bajer-sanierung.de,company,48.9998401,8.3586142,3381.2,node,12401199537,https://www.openstreetmap.org/node/12401199537
Volkswohnung Servicebüro Oberreut,https://volkswohnung.de,service@volkswohnung.de,property_management,48.9895683,8.3655642,3384.4,node,9423759551,https://www.openstreetmap.org/node/9423759551
Auto Böhler,https://www.auto-boehler.de/,,auto_wrecker,48.9969459,8.4475888,3387.5,relation,5656985,https://www.openstreetmap.org/relation/5656985
Birkle,https://www.birkle-gmbh.de,,company,49.0208472,8.3621258,3405.6,node,9719038159,https://www.openstreetmap.org/node/9719038159
Euroflow,https://www.euroflow.de/,info@euroflow.de,company,49.0143241,8.3583935,3406.0,node,13930762243,https://www.openstreetmap.org/node/13930762243
Kiefer & Simon Zahntechnik,,,dental_technician,49.0101317,8.3571471,3414.4,node,13512250484,https://www.openstreetmap.org/node/13512250484
WurzelWerk Seelsorge und Beratung,https://wurzelwerk-beratung.de/,,consulting,49.0180436,8.3600354,3417.1,node,13520101202,https://www.openstreetmap.org/node/13520101202
C. R. Bard GmbH,http://www.bard.de/,info-dach@crbard.com,company,48.9933321,8.4457603,3419.2,node,3387845459,https://www.openstreetmap.org/node/3387845459
WISAG,https://www.wisag.de/standorte/karlsruhe/,,yes,48.9979408,8.3587588,3426.3,node,11709498712,https://www.openstreetmap.org/node/11709498712
Dipl. Betriebswirt (BA) Ulrich F. Sinn,,,tax_advisor,48.9761091,8.4069727,3432.1,node,6070923534,https://www.openstreetmap.org/node/6070923534
Heß,http://www.hess-installateur.de,,plumber,49.0066233,8.3566134,3434.7,node,4365275298,https://www.openstreetmap.org/node/4365275298
Rudi Winter,,,heating_engineer,49.0064651,8.3566137,3434.9,node,4365275397,https://www.openstreetmap.org/node/4365275397
Sun Logistik Service GmbH,http://www.4px-germany.de/,4px.whde@gmail.com,company,48.9949582,8.4471803,3438.6,node,3621949448,https://www.openstreetmap.org/node/3621949448
Hatz-Moninger Brauhaus,,,brewery,49.0013683,8.3571963,3447.5,way,160832479,https://www.openstreetmap.org/way/160832479
Grosser Speditions- und Vermittlungs GmbH,,,company,48.9981934,8.4491205,3451.8,node,4825738740,https://www.openstreetmap.org/node/4825738740
Müller Kälte & Klima,https://www.mueller-klima.de/,,hvac,49.0371593,8.3928828,3455.9,node,5940933579,https://www.openstreetmap.org/node/5940933579
Azentro,,,architect,48.997533,8.3585035,3457.6,node,11709458289,https://www.openstreetmap.org/node/11709458289
Lenkert Hörrmann,https://www.lenkert-hoerrmann.de/,,yes,48.9976337,8.3583983,3461.5,node,11709458291,https://www.openstreetmap.org/node/11709458291
AIKO,,,property_management,48.9975802,8.3583612,3465.9,node,11709458290,https://www.openstreetmap.org/node/11709458290
Andreas Merkle Spedition und Transport GmbH,,,company,48.9976259,8.4492816,3481.3,node,4825738741,https://www.openstreetmap.org/node/4825738741
Evangelische Petrus-Jakobus-Gemeinde Karlsruhe,,,religion,49.0285927,8.3692566,3482.4,node,5045358344,https://www.openstreetmap.org/node/5045358344
Dr. Oskar Trinks,,,accountant,49.0187616,8.447974,3488.0,node,5667806823,https://www.openstreetmap.org/node/5667806823
solute GmbH,https://www.solute.de/,info@solute.de,company,49.0022979,8.3562819,3496.5,node,4863297693,https://www.openstreetmap.org/node/4863297693
Bürgerverein Mühlburg,https://www.bv-muehlburg.de/,,association,49.0117562,8.356314,3498.1,node,12499128881,https://www.openstreetmap.org/node/12499128881
Roth Kälteanlagen GmbH,https://roth-kaelte.de,,hvac,48.9815185,8.3751422,3508.1,node,9483987066,https://www.openstreetmap.org/node/9483987066
Kanzlei Rastätter,https://www.kanzlei-rastaetter.de,,lawyer,48.9753595,8.4052206,3508.9,node,9839985200,https://www.openstreetmap.org/node/9839985200
FREQUENTIS COMSOFT,https://www.frequentis-comsoft.com/,comsoft@frequentis.com,it,48.9924266,8.4464768,3511.2,way,310247101,https://www.openstreetmap.org/way/310247101
Dachdeckerbetrieb Stolzenburg GmbH,https://www.stolzenburg-dach.de/,service@stolzenburg-dach.de,roofer,49.0056811,8.3555889,3511.9,node,4365264311,https://www.openstreetmap.org/node/4365264311
smetex,https://www.smetex.de/,info@smetex.de,company,49.0059447,8.3555255,3515.5,node,10778829755,https://www.openstreetmap.org/node/10778829755
Zulassungsdienst Haden,https://www.zulassungsdienst-haden.de/,m.haden@gmx.de,yes,49.0058752,8.3555258,3515.7,node,4365264312,https://www.openstreetmap.org/node/4365264312
nübold architekten,https://www.nuebold.de/,,architect,48.9953039,8.4485587,3517.3,node,6482550176,https://www.openstreetmap.org/node/6482550176
Geschäftsstelle Sportgemeinschaft Karlsruhe e.V.,https://www.sg-ka.de/,info@sg-ka.de,association,49.0261356,8.3653727,3519.6,node,12720392669,https://www.openstreetmap.org/node/12720392669
Acor Malerbetrieb GmbH,,,painter,49.005619,8.3554526,3522.1,node,4365275398,https://www.openstreetmap.org/node/4365275398
Wetax Steuerberatung,https://www.wetax-karlsruhe.de/,,tax_advisor,48.9812514,8.3749698,3539.4,node,9490951595,https://www.openstreetmap.org/node/9490951595
Ingenieurbüro Thomas Hill,,,engineer,48.9812693,8.374892,3541.2,node,9490951594,https://www.openstreetmap.org/node/9490951594
Ingenieurbüro Pfeffinger,,ip.pfeffinger@t-online.de,company,49.0024126,8.3556017,3543.8,node,10589854960,https://www.openstreetmap.org/node/10589854960
IHK-Bildungszentrum Karlsruhe,https://www.ihk-biz.de/,,educational_institution,48.9949436,8.4487423,3544.6,node,13506094267,https://www.openstreetmap.org/node/13506094267
Frei Schnauze,https://freischnauze-seminarium.jimdo.com/,,yes,48.9811909,8.3749352,3546.4,node,9490951596,https://www.openstreetmap.org/node/9490951596
car inside,https://www.car-inside.com/,,saddler,48.9953795,8.4490375,3546.7,node,6482550175,https://www.openstreetmap.org/node/6482550175
Ingenieurbüro Thomas Harich,,,engineer,48.9812099,8.3748611,3547.9,node,11423719765,https://www.openstreetmap.org/node/11423719765
Ingenieurbüro Willert GmbH,https://willert-ib.de/,info@willert-ib.de,company,49.0023932,8.355548,3548.0,node,10589854959,https://www.openstreetmap.org/node/10589854959
hbm,https://hbm-partner.de/,info@hbm-partner.de,tax_advisor,48.9812932,8.374618,3551.0,node,9490977203,https://www.openstreetmap.org/node/9490977203
ingenieurteam GmbH,https://www.ingenieurteamgmbh.de,info@ingenieurteam-gmbh.de,company,49.0023774,8.3555051,3551.3,node,10589854958,https://www.openstreetmap.org/node/10589854958
Synergie Personal Deutschland GmbH,https://synergie.de/standorte/zentrale-karlsruhe/,,yes,48.981343,8.3745058,3551.4,node,9490977201,https://www.openstreetmap.org/node/9490977201
Concordia Versicherungen Vertriebsdirektion,https://www.concordia.de/newsroom/vertriebsdirektionen/karlsruhe/,karlsruhe@concordia.de,insurance,48.9812477,8.3746201,3554.9,node,9490977204,https://www.openstreetmap.org/node/9490977204
Hosting Solutions,https://host-sol.com/,,it,48.9812997,8.3745085,3555.2,node,9490977202,https://www.openstreetmap.org/node/9490977202
Paseo Marketing GmbH,https://www.paseo-marketing.de/,kontakt@paseo-marketing.de,yes,48.9813451,8.3743943,3556.1,node,9490977200,https://www.openstreetmap.org/node/9490977200
UKBW Akademie,https://akademie.ukbw.de/,,government,48.9948628,8.4489152,3559.6,node,13506094266,https://www.openstreetmap.org/node/13506094266
bunte büffel,,,company,48.9952168,8.4492246,3566.0,node,3389289730,https://www.openstreetmap.org/node/3389289730
103 (Hub),,,it,48.9935778,8.4481746,3566.6,way,1192927336,https://www.openstreetmap.org/way/1192927336
Deutsche Vermögensberatung,,,company,48.9952001,8.4492927,3571.3,node,3395691621,https://www.openstreetmap.org/node/3395691621
Michael Roth Elektrische Anlagen,https://www.michael-roth-elektro.de/,,electrician,49.0289914,8.3680184,3578.4,node,14183749219,https://www.openstreetmap.org/node/14183749219
OPVengineering,http://opvengineering.de/,info@opvengineering.de,company,48.9952802,8.4494856,3581.2,node,9921415543,https://www.openstreetmap.org/node/9921415543
Geschäftsstelle,https://spvgg-durlach-aue.de/geschaftsstaelle/,geschaeftsstelle@spvgg-durlach-aue.de,association,48.9849633,8.4396462,3581.6,node,12698685637,https://www.openstreetmap.org/node/12698685637
Generali Versicherung,,,insurance,48.995143,8.4494392,3583.6,node,3395691623,https://www.openstreetmap.org/node/3395691623
planting,,,company,48.9952498,8.4495511,3586.9,node,3395691643,https://www.openstreetmap.org/node/3395691643
s.a.x,https://saxsoft.de/,info@saxsoft.de,it,49.0021532,8.3549775,3593.0,node,12241700899,https://www.openstreetmap.org/node/12241700899
IT-Choice,https://www.it-choice.de/,info@it-choice.de,it,49.0022504,8.3548506,3600.6,node,12241700898,https://www.openstreetmap.org/node/12241700898
Bankai,https://www.bankai.de/,info@bankai.de,architect,49.0020968,8.3548744,3601.4,node,12241700897,https://www.openstreetmap.org/node/12241700897
Softec,https://www.softec.de/,info@softec.de,it,49.0021948,8.3547461,3609.0,node,12241700894,https://www.openstreetmap.org/node/12241700894
Staatliche Schlösser und Gärten,https://www.schloesser-und-gaerten.de/,,government,49.0020994,8.3547262,3612.0,node,12241700900,https://www.openstreetmap.org/node/12241700900
Schaustellerbetrieb Wagner,,,company,49.038688,8.3934668,3612.6,way,334889236,https://www.openstreetmap.org/way/334889236
Fraunhofer-Institut für System- und Innovationsforschung ISI,http://www.isi.fraunhofer.de,,research,49.0279998,8.4414651,3617.9,way,516868749,https://www.openstreetmap.org/way/516868749
Barmenia Versicherung,https://agentur.barmenia.de/karlsruhe,,insurance,48.9820584,8.3716516,3619.0,node,11730788270,https://www.openstreetmap.org/node/11730788270
Spell,https://www.spell-gmbh.com/,,it,48.9820033,8.3716532,3623.6,node,11698975265,https://www.openstreetmap.org/node/11698975265
Bürgerverein Grünwinkel e.V.,,,yes,49.0008392,8.3548627,3625.6,node,10589977269,https://www.openstreetmap.org/node/10589977269
CenaCom,https://cenacom.com/,info@cenacom.com,yes,48.9819555,8.371652,3627.7,node,11698975266,https://www.openstreetmap.org/node/11698975266
Boltze Recht,https://boltze-recht.com/,,lawyer,48.9820567,8.3714573,3628.3,node,9581586606,https://www.openstreetmap.org/node/9581586606
ABM,https://www.abm-projekt.de/,info@abm-projekt.de,company,48.9820543,8.3713599,3633.2,node,11697668463,https://www.openstreetmap.org/node/11697668463
FIBA ImmoHyp,https://fiba-kredit.de/Karlsruhe.html,karlsruhe@fiba-baugeld.de,financial_services,48.9820007,8.3714542,3633.2,node,9581586605,https://www.openstreetmap.org/node/9581586605
OVOL,https://ovol.de/,info.de@ovol.de,company,48.9834488,8.3690124,3633.8,node,11423720891,https://www.openstreetmap.org/node/11423720891
ARAG,https://www.arag-partner.de/gst-karlsruhe/,gs.karlsruhe@arag.de,insurance,48.9820014,8.3713598,3637.6,node,9581586604,https://www.openstreetmap.org/node/9581586604
Collin Weber,https://www.packaging-partner.de/,info@packaging-partner.com,consulting,48.9819571,8.3713592,3641.4,node,11698975267,https://www.openstreetmap.org/node/11698975267
Hatz-Moninger Brauhaus GmbH,,,company,49.0018207,8.3543556,3643.4,node,12486697082,https://www.openstreetmap.org/node/12486697082
Zollfahndungsamt Stuttgart - Dienstsitz Karlsruhe,https://www.zoll.de/,,government,49.0100249,8.3539456,3645.6,node,3588269416,https://www.openstreetmap.org/node/3588269416
Hust Immobilien,https://hust-immobilien.de/,info@hust-immobilien.de,estate_agent,48.9957994,8.4509807,3663.3,way,119746312,https://www.openstreetmap.org/way/119746312
Altus,https://www.altus-re.de/,info@altus-re.de,company,48.981478,8.3715026,3675.5,node,9581691346,https://www.openstreetmap.org/node/9581691346
Zwischenlager,https://www.zwischenlager.net,info@zwischenlager.net,company,48.997003,8.4518056,3677.7,node,7542045884,https://www.openstreetmap.org/node/7542045884
wat Ingenieurgesellschaft,https://www.wat-ingenieurgesellschaft-2020.com/,info@wat.de,engineer,48.9814798,8.3713925,3680.4,node,10544337959,https://www.openstreetmap.org/node/10544337959
Reif Sanitärservice GmbH,https://www.reif-sanitaer-karlsruhe.de/,info@reif-sanitaer-karlsruhe.de,hvac,48.9810466,8.3720684,3686.5,node,9581666708,https://www.openstreetmap.org/node/9581666708
Kieback&Peter,https://www.kieback-peter.com/de/,nl-baden@kieback-peter.de,company,48.9811156,8.3715295,3705.3,node,4503942735,https://www.openstreetmap.org/node/4503942735
polygon,https://www.polygongroup.com/,,company,48.9811162,8.3713613,3713.0,node,10544314453,https://www.openstreetmap.org/node/10544314453
Badenia,https://www.badenia.de/,service@badenia.de,financial,48.9817561,8.3700315,3721.7,relation,1592123,https://www.openstreetmap.org/relation/1592123
Geschäftstelle Deutscher Alpenverein Sektion Karlsruhe,,,association,49.0258965,8.4458456,3729.4,node,4329623092,https://www.openstreetmap.org/node/4329623092
TEAM - PACK GmbH,http://www.team-pack.de/,,factory,49.0199363,8.3565599,3731.1,node,295468140,https://www.openstreetmap.org/node/295468140
Rosenbauer,https://www.rosenbauer.com/de/ca/group/unternehmen/standorte/produktionsgesellschaften-und-standorte/werk-karlsruhe,aerials@rosenbauer.com,company,49.0109716,8.3528691,3735.0,node,11234653599,https://www.openstreetmap.org/node/11234653599
Mosaik Versicherungs-Konzepte,https://mosaik-online.eu/,,insurance,48.9957699,8.3553066,3740.9,node,4286921938,https://www.openstreetmap.org/node/4286921938
Merkle & Partner Steuerberater,https://www.merkle-steuerberater.de/,info@merkle-steuerberater.de,tax_advisor,48.9955475,8.4520623,3747.0,node,10171736833,https://www.openstreetmap.org/node/10171736833
Hammer+BuchmüllerMalermeister,,,painter,49.0019679,8.3528536,3749.3,node,4401519789,https://www.openstreetmap.org/node/4401519789
Katholisches Pfarrbüro St. Thomas Morus,https://kath-ka-suedwest.de/pfarrbueros/detail/ort/id/39676-pfarrbuero-st-thomas-morus-oberreut/?cb-id=12295608,st-thomas-morus@kath-ka-suedwest.de,religion,48.9856423,8.363797,3750.0,node,12900249217,https://www.openstreetmap.org/node/12900249217
Leonhard Denkler,,,floorer,49.0246443,8.447447,3751.2,node,4329623094,https://www.openstreetmap.org/node/4329623094
Evangelische Versöhnungsgemeinde,https://www.versoehnungsgemeinde-karlsruhe.de/,versoehnungsgemeinde.karlsruhe@kbz.ekiba.de,religion,48.985702,8.3636535,3753.9,node,12122450919,https://www.openstreetmap.org/node/12122450919
Schuh- und Schlüsseldienst,,,key_cutter,49.0096983,8.3522695,3764.1,node,9069818495,https://www.openstreetmap.org/node/9069818495
Schmal Fotografie,https://schmal-fotografie.jimdofree.com/,info@schmal-fotografie.de,photographer,48.9827294,8.3673804,3774.3,node,5238037254,https://www.openstreetmap.org/node/5238037254
Holler Druck,https://holler-druck.de/,info@holler-druck.de,printer,48.9955456,8.4524781,3775.7,node,12717170487,https://www.openstreetmap.org/node/12717170487
Mehrwerk,https://www.mehrwerk-ag.de/,,company,49.0240678,8.4485836,3789.3,node,4973749182,https://www.openstreetmap.org/node/4973749182
ALTEN GmbH,https://de.alten.com,,company,49.0240942,8.4485943,3791.4,node,4057041484,https://www.openstreetmap.org/node/4057041484
Dr. Dickgießer Assekuranz - Makler OHG,http://www.iat.de/,,insurance,49.024183,8.4485581,3794.1,node,4973749183,https://www.openstreetmap.org/node/4973749183
HPC Das Ingenieurunternehmen,https://www.hpc.ag/de/standorte/?city=Karlsruhe,,company,49.0241065,8.4486365,3794.8,node,4092510088,https://www.openstreetmap.org/node/4092510088
ITUS Insurance Broker,http://www.itusgmbh.com,,insurance,49.0241502,8.4486044,3795.2,node,3559403994,https://www.openstreetmap.org/node/3559403994
Badischer Leichtathletik-Verband e.V.,http://www.blv-online.de,,association,49.0252084,8.4476843,3799.1,node,5864289963,https://www.openstreetmap.org/node/5864289963
Toto-Lotto Bezirksdirektion Mittlerer Oberrhein,,,company,49.0251908,8.4477125,3799.8,node,5856882940,https://www.openstreetmap.org/node/5856882940
CCS Service,http://www.ccs-service.com,,company,49.0404349,8.3931919,3806.8,node,3935624016,https://www.openstreetmap.org/node/3935624016
Volkswohnung Servicebüro Waldstadt,https://volkswohnung.de,service@volkswohnung.de,property_management,49.0318913,8.4394152,3808.6,node,5162438704,https://www.openstreetmap.org/node/5162438704
Badischer Sportbund e.V.,http://www.badischer-sportbund.de,,association,49.0253711,8.4477534,3813.1,node,5212850512,https://www.openstreetmap.org/node/5212850512
dm-drogerie markt GmbH + Co. KG,,,company,49.0030044,8.4556794,3816.2,node,6597207390,https://www.openstreetmap.org/node/6597207390
IDEAL,https://www.ideal-sicherheit.de/,info@ideal-sicherheit.de,security,48.9725853,8.4051016,3817.0,node,10126971588,https://www.openstreetmap.org/node/10126971588
InterConnect,https://www.interconnect.de/,,company,49.0256899,8.4476857,3828.2,node,5774073863,https://www.openstreetmap.org/node/5774073863
WOLFSRUDEL Kreativagentur,https://www.wolfsrudel-kreativagentur.com/,,advertising_agency,48.9969158,8.4541385,3843.2,way,118861672,https://www.openstreetmap.org/way/118861672
dm-drogerie markt Verwaltungs-GmbH,,,company,49.0029466,8.4560837,3846.2,node,6848347047,https://www.openstreetmap.org/node/6848347047
bibo Tragwerksplanung GmbH,https://www.bibo-tragwerksplanung.de/,planen@bibo-tragwerk.de,architect,48.9966919,8.4541234,3849.4,node,6432414842,https://www.openstreetmap.org/node/6432414842
Finanzamt Karlsruhe-Durlach Außenstelle Killisfeldstr.,https://finanzamt-bw.fv-bwl.de/fa_kadurlach,,government,48.9967146,8.4542295,3856.1,node,9861735333,https://www.openstreetmap.org/node/9861735333
Prüfstelle für Straßenbau- und Geotechnik,,,government,49.0041015,8.4565156,3865.0,node,6410106736,https://www.openstreetmap.org/node/6410106736
Technologiezentrum Wasser,http://www.tzw.de/,,research,49.0247025,8.4493377,3872.4,way,618352654,https://www.openstreetmap.org/way/618352654
dm-Vermögensverwaltungsgesellschaft mbH,,,company,49.0028889,8.4564879,3876.3,node,6848347044,https://www.openstreetmap.org/node/6848347044
Miedel & Dirr Steuerberatungsgesellschaft,https://www.miedel-dirr.de/,steuer@miedel-dirr.de,tax_advisor,48.9718818,8.4048961,3894.8,way,125385077,https://www.openstreetmap.org/way/125385077
dmTECH GmbH,,,company,49.0028311,8.4568922,3906.3,node,6848347046,https://www.openstreetmap.org/node/6848347046
Barmenia Versicherung,https://agentur.barmenia.de/sven_gross,,insurance,49.0046021,8.4571822,3909.5,node,12888237699,https://www.openstreetmap.org/node/12888237699
Die Fotofabrik,https://www.ff-studio.de,info@ff-studio.de,photographer,49.0225682,8.3556689,3912.2,node,3609170892,https://www.openstreetmap.org/node/3609170892
Glockengießerei Bachert,https://www.bachert-glocken.de/,,bell_foundry,49.0113829,8.3504416,3916.4,node,5002887264,https://www.openstreetmap.org/node/5002887264
Futura Drogerie-Marken Vertriebsgesellschaft mbH,,,company,49.0027733,8.4572965,3936.4,node,6848347045,https://www.openstreetmap.org/node/6848347045
Gemeindebüro Evangelische Emmausgemeinde Karlsruhe,https://emmausgemeinde-karlsruhe.de/,,religion,49.0326322,8.44083,3939.3,node,7108930189,https://www.openstreetmap.org/node/7108930189
Elektro Jüngert,https://www.elektro-juengert.de/,,electrician,48.9959163,8.3522932,3943.9,node,8593090979,https://www.openstreetmap.org/node/8593090979
Andrea Bahm Steuerberaterin,https://www.steuerberater-bahm.de/,mail@andrea-bahm.de,tax_advisor,49.0311693,8.4431488,3944.4,node,10216157087,https://www.openstreetmap.org/node/10216157087
S&O GmbH,https://s-und-o.de/,,company,49.0355542,8.4359021,3958.0,node,5212850434,https://www.openstreetmap.org/node/5212850434
Pfarrbüro St. Josef,,,religion,48.9982514,8.3510083,3962.2,node,12676338218,https://www.openstreetmap.org/node/12676338218
I.d.E,https://www.ide-trainingsinstitut.de,info@ide-trainingsinstitut.de,educational_institution,48.9711312,8.4037977,3977.3,node,10968352563,https://www.openstreetmap.org/node/10968352563
iws,https://www.ibws-gmbh.de,info@ibws-gmbh.de,engineer,48.9710748,8.4038056,3983.6,node,10968343778,https://www.openstreetmap.org/node/10968343778
Revohaus Gebäudesanierung,https://www.revohaus-sanierung.de/,info@revohaus-sanierung.de,yes,49.0359113,8.4360058,3994.5,node,8043848230,https://www.openstreetmap.org/node/8043848230
Meder Raumausstattung,https://raumausstattung-meder.de/,info@raumausstattung-meder.de,parquet_layer,48.9709735,8.4018981,3997.0,node,11184442959,https://www.openstreetmap.org/node/11184442959
Ulrich Kunststofftechnik,https://www.ulrich-kunststofftechnik.com/,,company,49.0358854,8.4361693,3999.2,node,11412078485,https://www.openstreetmap.org/node/11412078485
Rock Shop,https://rockshop.de/,rockshop@rockshop.de,company,49.042068,8.3916427,4008.1,way,132344556,https://www.openstreetmap.org/way/132344556
Musikverlag Wilhelm Halter GmbH,https://halter.de/,,publisher,49.0237565,8.354835,4026.5,node,12222768750,https://www.openstreetmap.org/node/12222768750
Steuerberatung Weigel,https://steuerberatung-weigel.de,info@steuerberatung-weigel.de,tax_advisor,48.9795969,8.3673333,4032.0,node,11023602174,https://www.openstreetmap.org/node/11023602174
Spie,http://www.spie-de.com,,company,49.0228292,8.4535201,4042.1,node,4069223116,https://www.openstreetmap.org/node/4069223116
Böhling Rohrleitungs- und Apparatebau GmbH,,,plumber,49.0428333,8.3945739,4050.6,node,4909416891,https://www.openstreetmap.org/node/4909416891
Leonhard Weiss Bauunternehmung,http://www.leonhard-weiss.de,,company,49.0228098,8.4536697,4050.9,node,5275319597,https://www.openstreetmap.org/node/5275319597
Connexity,http://connexity.com/,,company,49.0232935,8.4535014,4063.7,node,4069223107,https://www.openstreetmap.org/node/4069223107
Hans Huber Grabmale,https://grabmale-huber.de/,,stonemason,48.9703301,8.4016761,4069.1,node,4288621044,https://www.openstreetmap.org/node/4288621044
Hangen,http://jhb-hangen.de/,info@jhb-hangen.de,company,49.0260734,8.3561229,4072.3,node,12378332892,https://www.openstreetmap.org/node/12378332892
Lumi Bau,https://www.lumi-karlsruhe.de,,construction_company,49.0222971,8.3528602,4083.9,node,12760568292,https://www.openstreetmap.org/node/12760568292
Büchele Lufttechnik,https://www.buechele-lufttechnik.de,,company,49.0230138,8.3533739,4084.2,node,12760568291,https://www.openstreetmap.org/node/12760568291
Innenausbau und Schreinerei,http://www.schreinerei-kuppinger.de/,,joiner,49.0280343,8.3577646,4091.9,node,12534847244,https://www.openstreetmap.org/node/12534847244
Biochem,https://www.biochem.de/,biochem@biochem.de,company,49.0258672,8.3554548,4102.1,node,4376858754,https://www.openstreetmap.org/node/4376858754
MVZ Labor Diagnostik Karlsruhe GmbH,https://www.labor-karlsruhe.de/,,company,49.0430761,8.3925925,4103.3,node,6283375293,https://www.openstreetmap.org/node/6283375293
Balcke Dürr,https://www.balcke-duerr.com/,,company,49.0430655,8.3924674,4104.0,node,6283375294,https://www.openstreetmap.org/node/6283375294
Call a Trucker,https://www.callatrucker.de/unsere-standorte/karlsruhe/,,company,49.0430548,8.3923422,4104.6,node,6283375295,https://www.openstreetmap.org/node/6283375295
Swiss Life Select,https://www.swisslife-select.de/content/vor-ort/michael-bofinger/de/home.html,,insurance,49.0430441,8.3922171,4105.3,node,6283375292,https://www.openstreetmap.org/node/6283375292
Carrier,,,company,49.0219216,8.4552321,4112.7,node,7294970490,https://www.openstreetmap.org/node/7294970490
"Hauptzollamt Karlsruhe, Zollamt Karlsruhe",https://www.zoll.de/SharedDocs/Dienststellen/DE/1_DSSD_Importer/Hauptzollamt/HZA_Karlsruhe/ZA/ZA_Karlsruhe_5880/ZA_Karlsruhe_5880.html,poststelle.za-karlsruhe@zoll.bund.de,government,49.0115121,8.3476191,4122.4,node,5212350421,https://www.openstreetmap.org/node/5212350421
A. Suka Metallwaren,,,yes,49.0278017,8.3569573,4125.7,node,11416417687,https://www.openstreetmap.org/node/11416417687
EMT,https://emt-metallbau.de,,metal_construction,49.0237376,8.3532786,4126.3,node,12760568290,https://www.openstreetmap.org/node/12760568290
Zenkner,https://www.zenkner-sanitaer.com/,info@zenkner-sanitaer.de,hvac,49.0287395,8.3579221,4128.2,node,12377365275,https://www.openstreetmap.org/node/12377365275
euromicron,,,company,49.0219332,8.4555132,4131.9,node,7294970540,https://www.openstreetmap.org/node/7294970540
Lancom Systems,https://www.lancom-systems.de,,company,49.0221863,8.4555231,4144.1,node,7294970491,https://www.openstreetmap.org/node/7294970491
Stadtgärtnerei Stadt Karlsruhe,,,gardener,48.9708214,8.4185278,4155.1,node,4732212222,https://www.openstreetmap.org/node/4732212222
MomentumNow | Research & Consulting,https://www.MomentumNow.DE,,consulting,49.0435276,8.3918993,4162.7,node,7786674087,https://www.openstreetmap.org/node/7786674087
Doldt,https://maler-doldt.de,,painter,49.0243127,8.3530802,4168.5,node,12760568289,https://www.openstreetmap.org/node/12760568289
UNISENSOR Sensorsysteme GmbH,,,company,49.0437485,8.3925565,4177.2,node,415816949,https://www.openstreetmap.org/node/415816949
Neon Martin,https://www.neon-martin.de/,,company,49.0242853,8.3526798,4193.0,node,2465902893,https://www.openstreetmap.org/node/2465902893
Infokom,https://www.infokom-it.de,info@infokom.info,it,49.0263183,8.354402,4193.7,node,7911025943,https://www.openstreetmap.org/node/7911025943
EUROBAUSTOFF,https://www.eurobaustoff.com,kontakt@eurobaustoff.de,company,49.0263617,8.3543154,4201.6,node,7951109843,https://www.openstreetmap.org/node/7951109843
Büro KGV Rennichwiesen,,,association,49.0057864,8.4612997,4203.2,node,251523941,https://www.openstreetmap.org/node/251523941
Hoffmann,https://www.hoffmann-umzuege.de/,info@hoffmann-umzuege.de,company,49.0287548,8.3565361,4211.3,node,12377356510,https://www.openstreetmap.org/node/12377356510
Timo Borrmann,https://www.timo-borrmann.de/,info@timo-borrmann.de,plumber,49.029928,8.3578505,4211.4,node,12382561940,https://www.openstreetmap.org/node/12382561940
HEWI,https://hewi-fugen.de/,buero@hewi-fugen.de,tiler,49.0073142,8.3459065,4215.7,node,13772536552,https://www.openstreetmap.org/node/13772536552
TÜV Süd,,,yes,48.9975218,8.3476567,4219.1,way,599691594,https://www.openstreetmap.org/way/599691594
Ariadne,https://verlagvonloeper.ariadne.de/,info@ariadne.de,company,49.0286774,8.3562797,4221.6,node,12377356511,https://www.openstreetmap.org/node/12377356511
Intel Deutschland GmbH PFZ1 Building E,,,company,49.023567,8.4557712,4225.6,node,5387912392,https://www.openstreetmap.org/node/5387912392
IB Elektronik,http://www.i-b-gmbh.de/,info@i-b-gmbh.de,company,49.0296801,8.3573022,4226.6,node,12378563907,https://www.openstreetmap.org/node/12378563907
Gartenbauverband Baden-Württemberg-Hessen e.V. - Geschäftsstelle Karlsruhe,https://www.gvbwh.de/,,association,49.0031997,8.46137,4226.7,node,5525439841,https://www.openstreetmap.org/node/5525439841
eitieCloud,https://eitiecloud.de/,briefkasten@eitie.de,it,49.0297653,8.3573374,4230.3,node,12377270418,https://www.openstreetmap.org/node/12377270418
Allianz,https://vertretung.allianz.de/uwe.keim/,uwe.keim@allianz.de,insurance,49.0298494,8.3573739,4233.8,node,12378578911,https://www.openstreetmap.org/node/12378578911
Büge Fliesenverlegung,https://www.buegefliesen.de/,info@buege-gmbh.de,tiler,49.029429,8.3567093,4244.8,node,12377299274,https://www.openstreetmap.org/node/12377299274
Maler Zorn,https://www.malerzorn.de/,info@malerzorn.de,painter,49.029797,8.3569046,4257.6,node,12378563906,https://www.openstreetmap.org/node/12378563906
Müller,,info@mueller-msr.de,electronics,49.0288708,8.3557997,4262.7,node,12377373287,https://www.openstreetmap.org/node/12377373287
Siemens Power Academy PS CD,,,educational_institution,49.0277273,8.3543956,4276.8,node,6302779241,https://www.openstreetmap.org/node/6302779241
Bundesamt für Migration und Flüchtlinge,,,government,49.0241158,8.456179,4279.2,node,4405674847,https://www.openstreetmap.org/node/4405674847
DER Business Travel Center Karlsruhe,https://www.derbusinesstravel.com/,,travel_agent,49.0444283,8.3902146,4287.2,node,6283375300,https://www.openstreetmap.org/node/6283375300
Brewgreen Engineering,https://brewgreen-engineering.de/,,engineering,49.0444844,8.3902032,4293.5,node,6283375301,https://www.openstreetmap.org/node/6283375301
ascent AG,https://www.ascent.de/,hauptverwaltung@ascent.de,company,49.0445149,8.3902366,4296.2,node,6283375305,https://www.openstreetmap.org/node/6283375305
e.weisenburger Autolackierung,https://www.autolackierung-weisenburger.de/,info@autolackierung-weisenburger.de,car_painter,49.0313714,8.358037,4300.3,node,12377287502,https://www.openstreetmap.org/node/12377287502
SÜBA,https://www.sbw-karlsruhe.de,,estate_agent,49.0445882,8.3904448,4300.7,node,6283375303,https://www.openstreetmap.org/node/6283375303
Softronic,http://www.softronic.de/,,company,49.0445821,8.3903741,4301.2,node,6283375304,https://www.openstreetmap.org/node/6283375304
KwK Akademie,https://kwk-akademie.de/selbststaendig-machen-karlsruhe/,info@kwk-akademie.de,educational_institution,49.0445759,8.3903033,4301.7,node,5311722713,https://www.openstreetmap.org/node/5311722713
Komm.ONE,https://www.komm.one/,info@komm.one,it,49.0081285,8.344695,4306.0,node,5739216507,https://www.openstreetmap.org/node/5739216507
Ergo,https://axel-bastian.ergo.de/,,insurance,49.032093,8.3582554,4339.3,node,12377125297,https://www.openstreetmap.org/node/12377125297
Schwerdtfeger Holzbau,,,carpenter,48.9994081,8.4620878,4339.9,node,4665702430,https://www.openstreetmap.org/node/4665702430
dieBauingenieure,https://www.diebauingenieure.com/,info@dieBauingenieure.com,engineer,49.0321918,8.3583078,4343.5,node,12377066514,https://www.openstreetmap.org/node/12377066514
raumobil GmbH,https://www.raumobil.com/,,it,48.9989485,8.4620311,4345.9,node,11378516157,https://www.openstreetmap.org/node/11378516157
Innenausbau Kuppinger,http://innenausbau-kuppinger.de/,info@innenausbau-kuppinger.de,joiner,49.0324347,8.3585478,4347.7,node,12377075641,https://www.openstreetmap.org/node/12377075641
DB Schenker Rail Deutschland AG,,,company,49.015136,8.3453283,4354.7,node,4417968603,https://www.openstreetmap.org/node/4417968603
Griesemann,https://griesemann.com/,kontakt@griesemann.com,company,48.9979916,8.3455607,4355.2,node,12041050616,https://www.openstreetmap.org/node/12041050616
Hief + Heinzmann,https://www.hief-heinzmann.de,info@hief-heinzmann.de,company,49.0321987,8.3580677,4357.3,node,5555231591,https://www.openstreetmap.org/node/5555231591
nexnoa,https://www.nexnoa.com/,contact@nexnoa.com,company,48.9979172,8.3455489,4358.0,node,12041050617,https://www.openstreetmap.org/node/12041050617
Leopold Siegrist GmbH,http://www.siegrist.de,,company,49.0219814,8.459368,4392.5,node,6168842428,https://www.openstreetmap.org/node/6168842428
Slanted Publishers,https://www.slanted.de/,info@slanted.de,company,49.0168056,8.3453455,4396.2,node,5417989576,https://www.openstreetmap.org/node/5417989576
Edgar Ganz Rolladenbau GmbH,https://www.rolladenbau-ganz.de/,info@rolladenbau-ganz.de,sun_protection,48.9986431,8.3447069,4400.2,node,4423999198,https://www.openstreetmap.org/node/4423999198
PhysioMediKA,https://www.physiomedika.de/,,therapist,49.002249,8.4636151,4400.9,node,4912678603,https://www.openstreetmap.org/node/4912678603
Bildungsakademie der Handwerkskammer Karlsruhe,https://www.bia-karlsruhe.de,,educational_institution,49.0394745,8.3693103,4405.4,way,1289599660,https://www.openstreetmap.org/way/1289599660
Hafendirektion,,,harbour_master,49.0158499,8.3448255,4407.8,way,87903360,https://www.openstreetmap.org/way/87903360
Biffar Studio,https://www.biffar.de/studiosuche/studio-karlsruhe/,karlsruhe@biffar.de,window_construction,49.0199718,8.4608527,4414.4,node,5809534199,https://www.openstreetmap.org/node/5809534199
Bawey Gebäudemanagement,http://bawey.de/,,company,49.0283658,8.454646,4415.9,node,7056424320,https://www.openstreetmap.org/node/7056424320
S-FM,https://www.s-fm-gmbh.de/,,estate_agent,49.0199293,8.4609865,4422.0,node,6268697566,https://www.openstreetmap.org/node/6268697566
Immo VBV,,,estate_agent,49.0199229,8.4610067,4423.2,node,6268697565,https://www.openstreetmap.org/node/6268697565
MHG Heiztechnik,https://mhg.de/,,hvac,49.0198864,8.4611044,4428.6,node,3412507734,https://www.openstreetmap.org/node/3412507734
VFIB - Verein zur Förderung der Integration und Bildung in Karlsruhe e.V.,,,association,48.9962879,8.3448713,4450.7,node,9938123383,https://www.openstreetmap.org/node/9938123383
Immo Gartner,https://immo-gartner.de/,,estate_agent,49.036178,8.4453735,4453.4,node,6488736361,https://www.openstreetmap.org/node/6488736361
Urich Transporte,,,company,49.0197137,8.4615749,4454.9,node,6597572768,https://www.openstreetmap.org/node/6597572768
Finanzberatung Fred Gartner,https://www.baufi-gartner.de/,,financial,49.0362174,8.4454133,4458.6,node,6488736360,https://www.openstreetmap.org/node/6488736360
BIT Ingenieure AG,http://www.bit-ingenieure.de,,company,49.0197742,8.4616193,4460.1,node,3837889691,https://www.openstreetmap.org/node/3837889691
Allianz Generalvertretung Bernd Hamann,https://vertretung.allianz.de/bernd.hamann/,,insurance,49.0346667,8.4478824,4462.4,node,7161089794,https://www.openstreetmap.org/node/7161089794
ARES,https://ares-bauelemente.de/,info@ares-bauelemente.de,carpenter,48.9951744,8.345151,4465.7,node,4365264308,https://www.openstreetmap.org/node/4365264308
GkB Gesellschaft für kommunale Baulanderschließung mbH,https://www.gkb-ag.de/,,company,49.0197398,8.461728,4466.4,node,6597572772,https://www.openstreetmap.org/node/6597572772
ReTech,http://www.retech-gmbh.de,,company,49.019645,8.4617923,4467.5,node,6268697548,https://www.openstreetmap.org/node/6268697548
Pröll Miltner,https://www.proell-miltner.de/,,architect,49.0197055,8.4618367,4472.7,node,6597572771,https://www.openstreetmap.org/node/6597572771
Baam,https://www.baam-transporte.de/,info@baam-transporte.de,logistics,48.997689,8.3439746,4475.6,node,5694991158,https://www.openstreetmap.org/node/5694991158
Siemens-Betriebskrankenkasse,,,insurance,49.0275532,8.3509794,4478.3,node,5637277508,https://www.openstreetmap.org/node/5637277508
Karlheinz Ulrich,https://www.steuerberater-ka.de/,info@steuerberater-ka.de,tax_advisor,48.9666647,8.4071092,4480.9,node,13980675070,https://www.openstreetmap.org/node/13980675070
Bildung und Integration,,,association,48.9990726,8.4640075,4484.5,node,13096764994,https://www.openstreetmap.org/node/13096764994
GA-tec GmbH,http://www.ga-tec.de,,hvac,49.0211591,8.4613368,4492.5,node,5523202754,https://www.openstreetmap.org/node/5523202754
KS LED-Konzepte Kassensysteme,https://ks-kassen.de/,,company,49.0210913,8.4613945,4493.8,node,6450221131,https://www.openstreetmap.org/node/6450221131
LVM-Versicherungsagentur Tobias Fricke,https://agentur.lvm.de/t-fricke/,info@t-fricke.lvm.de,insurance,48.9939331,8.3452897,4498.4,node,13202916332,https://www.openstreetmap.org/node/13202916332
Textil Perle,,,dressmaker,49.0279436,8.35093,4503.8,node,27005346,https://www.openstreetmap.org/node/27005346
GPK Gesellschaft für medizinische Prävention und Kommunikation,https://gpk.de,,company,49.0365774,8.4457777,4506.0,node,6488736359,https://www.openstreetmap.org/node/6488736359
Ratiodata SE,http://www.ratiodata.de/,,it,48.9963428,8.4633393,4506.2,node,4382036435,https://www.openstreetmap.org/node/4382036435
Amt Jugend und Soziales,,,government,48.998994,8.4642933,4506.6,node,13096764993,https://www.openstreetmap.org/node/13096764993
Rudolph Sanitär + Heizungstechnik,https://www.sht-rudolph.de/,,plumber,48.994758,8.344728,4508.9,node,11134809305,https://www.openstreetmap.org/node/11134809305
Michael Jakob Allianz Hauptvertretung,,,insurance,48.9996471,8.4645222,4509.4,node,4732787160,https://www.openstreetmap.org/node/4732787160
ZZ DriveTech,http://www.zzdrivetech.com/,,company,49.0229804,8.4605335,4514.0,node,6168842387,https://www.openstreetmap.org/node/6168842387
INERATEC GmbH,https://www.ineratec.de,info@ineratec.de,oil,49.0287689,8.3515027,4516.9,node,11251743799,https://www.openstreetmap.org/node/11251743799
Autosattlerei Anderer,http://www.autosattlerei-anderer.de/,info@autosattlerei-anderer.de,saddler,49.0284115,8.4562473,4517.3,node,4168011152,https://www.openstreetmap.org/node/4168011152
INROS LACKNER SE,https://www.inros-lackner.de/,karlsruhe@inros-lackner.de,engineer,48.9963927,8.463577,4521.5,node,14205850013,https://www.openstreetmap.org/node/14205850013
BGV Badische Versicherungen,,,insurance,48.9998709,8.4647583,4522.0,node,14119791823,https://www.openstreetmap.org/node/14119791823
Alexander Ochs Wärmetechnik,http://ochs-gruppe.com,,hvac,48.9977972,8.4641408,4523.7,node,3412413112,https://www.openstreetmap.org/node/3412413112
Like@Home,https://www.likehome.immo,,estate_agent,49.028674,8.4561688,4527.9,node,6032901113,https://www.openstreetmap.org/node/6032901113
Erhardt Garten- und Landschaftsbau GmbH,https://www.erhardt-galabau.de,,gardener,49.0176349,8.3438032,4528.6,node,8764760735,https://www.openstreetmap.org/node/8764760735
Maler-Meister Alshut,https://www.maler-alshut.de/,info@maler-alshut.de,painter,49.033868,8.3570688,4533.7,node,12382589871,https://www.openstreetmap.org/node/12382589871
All for One,,,company,48.9959371,8.4636705,4541.4,node,13665841695,https://www.openstreetmap.org/node/13665841695
ICnova AG,,,company,48.9967707,8.464011,4541.4,node,5858947191,https://www.openstreetmap.org/node/5858947191
Simon Hegele Logistik und Service,,,company,49.0254129,8.4592233,4542.4,node,4587557028,https://www.openstreetmap.org/node/4587557028
Vulcan Energie,https://v-er.eu,,company,48.9960333,8.4637796,4546.2,node,9941250533,https://www.openstreetmap.org/node/9941250533
Espinea,,,company,48.9961541,8.463911,4551.9,node,13665841694,https://www.openstreetmap.org/node/13665841694
Debeka,,,insurance,48.9962437,8.4640167,4556.8,node,13665841693,https://www.openstreetmap.org/node/13665841693
AOK,,,insurance,48.9986439,8.4650027,4565.1,node,6414046176,https://www.openstreetmap.org/node/6414046176
Chaos,https://enscape3d.com,info@enscape3d.com,it,48.9972255,8.4645276,4565.8,node,9108500270,https://www.openstreetmap.org/node/9108500270
RaumFabrik Vermietungsgesellschaft mbH & Co. KG Durlach,https://www.raumfabrik-durlach.de/,info@raumfabrik-durlach.de,company,48.9964599,8.4642473,4566.8,node,12651860808,https://www.openstreetmap.org/node/12651860808
Servicebüro August-Klingler-Areal,https://volkswohnung.de/,service@volkswohnung.de,property_management,48.9990635,8.3422209,4568.5,node,13182252373,https://www.openstreetmap.org/node/13182252373
TelemaxX,https://www.telemaxx.de/,info@telemaxx.de,it,48.9957209,8.4639946,4570.7,node,4231017084,https://www.openstreetmap.org/node/4231017084
Burkard Steuerberater PartG,https://www.burkardsteuerberater.de/,kontakt@burkardstb.de,tax_advisor,48.9935105,8.3444601,4570.8,node,9938030607,https://www.openstreetmap.org/node/9938030607
KaTeX Atelier für Dekorationen,,,tailor,49.0235837,8.461082,4577.5,node,6168842279,https://www.openstreetmap.org/node/6168842279
Änderungsschneiderei Sibel,,,tailor,49.0288855,8.4568253,4581.0,node,5352590685,https://www.openstreetmap.org/node/5352590685
atevia,https://www.atevia.com/,hello@atevia.com,company,48.9956588,8.4641317,4582.2,node,13665872181,https://www.openstreetmap.org/node/13665872181
Schlosserei Wahlich,http://www.schlosserei-wahlich.de/,buero@schlosserei-wahlich.de,metal_construction,49.0338314,8.3560959,4584.5,node,12382589870,https://www.openstreetmap.org/node/12382589870
Deutsche Lebens-Rettungs-Gesellschaft Landesverband Baden e. V. Geschäftstelle,https://baden.dlrg.de/ueber-uns/geschaeftsstelle/,,association,49.0171186,8.3427536,4587.9,node,6680389521,https://www.openstreetmap.org/node/6680389521
ShiraTech-Knowtion,https://shiratech-knowtion.com,team@knowtion.de,it,48.9967287,8.464755,4595.2,node,9941250531,https://www.openstreetmap.org/node/9941250531
joimax,https://www.joimax.com/,info@joimax.com,company,48.9955714,8.4643072,4597.2,node,10173908959,https://www.openstreetmap.org/node/10173908959
KEYENCE,https://www.keyence.de,,company,48.9967122,8.464792,4598.3,node,9941250534,https://www.openstreetmap.org/node/9941250534
TeamViewer,https://teamviewer.com,,it,48.9967625,8.4648397,4600.3,node,9941250535,https://www.openstreetmap.org/node/9941250535
Forstrevier Waldstadt,,,forestry,49.0416843,8.4379041,4602.2,node,4497213000,https://www.openstreetmap.org/node/4497213000
SVA System Vertrieb Alexander GmbH,https://sva.de/,karlsruhe@sva.de,it,48.9966666,8.4648954,4606.8,node,9941250532,https://www.openstreetmap.org/node/9941250532
virtual7,https://virtual7.de,info@virtual7.de,it,48.9963229,8.4648079,4610.3,node,7791319565,https://www.openstreetmap.org/node/7791319565
DIQA,https://diqa.de,info@diqa-pm.de,it,48.99663,8.4649929,4614.7,node,9941250530,https://www.openstreetmap.org/node/9941250530
FC Gruppe,https://www.fc-gruppe.de,,company,49.017984,8.4647268,4618.3,node,7685173287,https://www.openstreetmap.org/node/7685173287
tipico,https://www.tipico-group.com/,,yes,48.9962749,8.4649123,4619.0,node,9146422871,https://www.openstreetmap.org/node/9146422871
Brau&Brennturm,,,brewery;distillery,48.9985189,8.4657279,4619.7,way,117943147,https://www.openstreetmap.org/way/117943147
worKA,https://www.worka.de/,info@worka.de,company,49.0178581,8.4648239,4621.4,node,7685173288,https://www.openstreetmap.org/node/7685173288
GFK Ingenieure,https://gfk-ingenieure.de/,,engineer,48.9962067,8.4650594,4631.3,node,13663574615,https://www.openstreetmap.org/node/13663574615
BürgerBüro Ost,https://web1.karlsruhe.de/service/Buergerdienste/organisation.php?id=6006606,,government,49.0292698,8.4573162,4634.1,node,7093711829,https://www.openstreetmap.org/node/7093711829
Weber EDV-Consulting,https://www.weber-edv.net/,mail@shop-karlsruhe.de,it,49.0295359,8.4570762,4635.3,node,6992520266,https://www.openstreetmap.org/node/6992520266
Schmidt+Eger,https://www.schmidt-eger.de/,,hvac,49.0237865,8.4618522,4638.0,node,12600889279,https://www.openstreetmap.org/node/12600889279
Papershift,https://www.papershift.com/,info@papershift.com,yes,48.99615,8.4651703,4640.7,node,7791319566,https://www.openstreetmap.org/node/7791319566
"Zwick, Hanke und Hartmann Wirtschaftsprüfer Steuerberater Rechtsanwalt",https://www.zwick-hanke-hartmann.com/,info@zwick-hanke-hartmann.de,tax_advisor,49.0025666,8.4670364,4645.0,node,10177599404,https://www.openstreetmap.org/node/10177599404
Visteon,https://www.visteon.com/,,company,48.9953498,8.4648994,4645.5,node,7791319567,https://www.openstreetmap.org/node/7791319567
Goldbeck,https://www.goldbeck.de/standorte/karlsruhe/,,company,49.0179445,8.4651706,4648.4,node,7685173289,https://www.openstreetmap.org/node/7685173289
GTU,https://www.gtu-gruppe.de/,,company,48.9953007,8.4649955,4653.7,node,13663379759,https://www.openstreetmap.org/node/13663379759
Ludwig Center,https://www.ludwigcenter.de/,verwaltung@ludwigcenter.de,rental,48.9926369,8.3437266,4653.7,way,1557650364,https://www.openstreetmap.org/way/1557650364
Bauunternehmung Streib,,,company,49.0180686,8.4652155,4655.2,node,7685173286,https://www.openstreetmap.org/node/7685173286
arconsis,http://www.arconsis.com,,company,49.017981,8.4653569,4662.5,node,4057042007,https://www.openstreetmap.org/node/4057042007
Schorn & Groh Furniere,http://www.sg-veneers.com,,company,49.0237701,8.4622388,4663.1,node,5523202509,https://www.openstreetmap.org/node/5523202509
TNG,https://www.tngtech.com/,,it,48.9951729,8.4652569,4676.0,node,13663379760,https://www.openstreetmap.org/node/13663379760
Schöffler + Wörner Verwaltung,http://swweb.de/,,company,49.0220895,8.4635161,4677.9,node,6268697497,https://www.openstreetmap.org/node/6268697497
Dr.Ansa,,,physician,49.0464002,8.3815419,4679.9,node,4219890890,https://www.openstreetmap.org/node/4219890890
Codewerk GmbH,https://www.codewerk.de,,it,49.0279857,8.3481548,4680.3,node,11966749795,https://www.openstreetmap.org/node/11966749795
Dr.Glutsch,,,physician,49.0464723,8.3816612,4684.5,node,4219890889,https://www.openstreetmap.org/node/4219890889
flexlog,http://www.flexlog.de,,company,49.0005356,8.4672041,4686.1,node,4875956559,https://www.openstreetmap.org/node/4875956559
tipico,https://www.tipico-group.com/,,yes,48.9954919,8.4656159,4691.4,node,13665896030,https://www.openstreetmap.org/node/13665896030
HD-Dentaltechnik,https://hd-zahntechnik.com/,,dental_technician,48.9648047,8.4084307,4693.5,node,12072353054,https://www.openstreetmap.org/node/12072353054
ISB,https://www.conet-isb.de/,,company,49.0002001,8.4673419,4701.8,node,5230110411,https://www.openstreetmap.org/node/5230110411
Esthetic-Line,http://www.esthetic-line.biz/,,dental_technician,48.96467,8.4094206,4714.3,node,12755511777,https://www.openstreetmap.org/node/12755511777
Asseco Solutions AG,https://www.assecosolutions.com/,,company,48.9959959,8.4662153,4718.8,node,9992872212,https://www.openstreetmap.org/node/9992872212
Hanka,http://www.schlosserei-hanka.de/,,metal_construction,49.0241224,8.4628864,4722.1,way,575643910,https://www.openstreetmap.org/way/575643910
Körner Gartenbau,,,gardener,48.9921988,8.3428484,4730.6,node,6787708677,https://www.openstreetmap.org/node/6787708677
Geschäftsstelle ASB Baden-Württemberg e. V. Region Karlsruhe,https://www.asb-ka.de/,,association,49.0039851,8.4684216,4732.1,node,4109424155,https://www.openstreetmap.org/node/4109424155
OBERMEYER Infrastruktur GmbH & Co. KG,https://www.obermeyer-group.com/kontakt/nationale-standorte,Karlsruhe@obermeyer-group.com,company,49.0009267,8.4679378,4732.7,node,2673463493,https://www.openstreetmap.org/node/2673463493
Grether Delp Steuerberater,https://www.grether-delp.de/,info@grether-delp.de,tax_advisor,49.0464818,8.379734,4735.5,node,10228958009,https://www.openstreetmap.org/node/10228958009
Elektro Schmitt,https://www.elektroschmitt-durlach.de/,elektro@durlachweb.de,electrician,48.9996079,8.4677542,4742.3,node,4127537297,https://www.openstreetmap.org/node/4127537297
Rhenus Port Logistics Karlsruhe Verwaltungs GmbH,,,yes,49.0165498,8.3402886,4747.7,node,5896664839,https://www.openstreetmap.org/node/5896664839
Frey Fenster + Türen,https://www.fenster-frey.de/,,window_construction,49.0217096,8.46488,4756.0,node,5523202518,https://www.openstreetmap.org/node/5523202518
HaKü Werbetechnik,http://hakue-werbetechnik.de/,,marketing,49.0239381,8.463681,4766.9,node,6030288424,https://www.openstreetmap.org/node/6030288424
Ramboll Deutschland,,,company,49.0011902,8.4685077,4769.8,node,11806468886,https://www.openstreetmap.org/node/11806468886
Ed. Züblin AG,,,company,49.0254121,8.462743,4772.6,node,3215970711,https://www.openstreetmap.org/node/3215970711
STRABAG,,,company,49.0254438,8.4627752,4776.2,node,3215970712,https://www.openstreetmap.org/node/3215970712
Pfarramt Laurentiusgemeinde,,,religion,49.0282765,8.4605945,4781.7,node,6716835673,https://www.openstreetmap.org/node/6716835673
SAT Spezialbau GmbH,https://www.sat-roads.com,,company,49.0255197,8.4628449,4784.4,node,9907317333,https://www.openstreetmap.org/node/9907317333
Power Projekt,http://www.powerprojekt.de/,,company,49.0221379,8.4651335,4790.0,node,6597595145,https://www.openstreetmap.org/node/6597595145
AAT Controls GmbH,http://www.aat-gmbh.de,,company,49.0201072,8.3411604,4791.7,node,6689780037,https://www.openstreetmap.org/node/6689780037
AAT Automation GmbH,http://www.aat-gmbh.de,,company,49.0201811,8.3409888,4806.1,node,6689780038,https://www.openstreetmap.org/node/6689780038
Pinar Karasu,https://www.rundumwohnen.de,info@rundumwohnen.de,estate_agent,49.0415963,8.4433962,4823.1,node,10827679660,https://www.openstreetmap.org/node/10827679660
Falc Immobilien,,,estate_agent,48.9992096,8.4689956,4839.2,node,8356609535,https://www.openstreetmap.org/node/8356609535
ZG Raiffeisen Agrar,,,company,49.0158327,8.3385962,4851.1,node,6680277941,https://www.openstreetmap.org/node/6680277941
Polsterei Benz,,,upholsterer,49.0419836,8.4432648,4851.9,node,10827679654,https://www.openstreetmap.org/node/10827679654
Weber Parkett Bodenbeläge,http://weber-parkettboden.de,,floorer,49.0314386,8.4588759,4861.5,node,6157021390,https://www.openstreetmap.org/node/6157021390
"Obermeier, Hubert & Co.",https://www.q-cnc.de/,,metal_construction,49.0194281,8.4675799,4862.7,node,5962690944,https://www.openstreetmap.org/node/5962690944
Evangelische Hoffnungsgemeinde Karlsruhe,https://hoffnungsgemeinde-karlsruhe.de,,religion,48.9969841,8.3385619,4877.9,node,25642789,https://www.openstreetmap.org/node/25642789
4you GmbH,http://4you-gmbh.eu/,info@4you-gmbh.eu,company,49.0193684,8.4678391,4878.9,node,5962690935,https://www.openstreetmap.org/node/5962690935
SWG Objektgesellschaft mbH,,,company,49.0422555,8.443565,4889.2,node,6254552790,https://www.openstreetmap.org/node/6254552790
HAL Objektgesellschaft mbH,,,company,49.0422489,8.4435941,4889.9,node,6254552789,https://www.openstreetmap.org/node/6254552789
GUF Objektgesellschaft mbH,,,company,49.0422423,8.4436232,4890.6,node,6254552788,https://www.openstreetmap.org/node/6254552788
KA Real Estate GmbH,https://ka-real-estate.de/,,estate_agent,49.0422714,8.4435734,4891.0,node,6254552785,https://www.openstreetmap.org/node/6254552785
KA Immo Management GmbH,https://www.ka-immo.eu/,,estate_agent,49.0422649,8.4436025,4891.7,node,6254552786,https://www.openstreetmap.org/node/6254552786
BP Projektentwicklung GmbH,https://www.bp-projektentwicklung.de/,,estate_agent,49.0422583,8.4436316,4892.4,node,6254552787,https://www.openstreetmap.org/node/6254552787
VBK - Betriebshof West II,,,depot,49.0202683,8.3397277,4896.6,way,1245534771,https://www.openstreetmap.org/way/1245534771
M. Gebhardt,,,shoemaker,48.9988896,8.4697472,4899.5,node,13725328583,https://www.openstreetmap.org/node/13725328583
weisenburger Bemusterungszentrum baustein,,,architect,49.0202893,8.4679686,4917.9,node,7391666045,https://www.openstreetmap.org/node/7391666045
EF Logistik GmbH,https://www.emilfrey.de/de/ef-logistik-gmbh,,company,49.0197924,8.4682783,4923.1,node,5962690664,https://www.openstreetmap.org/node/5962690664
Julialacht Fotografie,https://julialacht.de/,info@julialacht.de,photographer,48.9780336,8.4557722,4973.7,node,12865393434,https://www.openstreetmap.org/node/12865393434
Fotostudio Graf,,,photographer,49.0493161,8.3820426,4973.8,node,6512038013,https://www.openstreetmap.org/node/6512038013
Imkerei Junge,http://www.bienen-junge.de/,imker@bienen-junge.de,beekeeper,49.030463,8.3457185,4974.2,node,5893368181,https://www.openstreetmap.org/node/5893368181
BGV Servicebüro,,,yes,49.0494462,8.381865,4991.6,way,132386601,https://www.openstreetmap.org/way/132386601
Hubert Michel Haus und Garten,https://michel-hug.de/,info@michel-hug.de,yes,48.9752321,8.4527062,5018.5,node,9707559374,https://www.openstreetmap.org/node/9707559374
Pontis Versicherungsmakler,https://www.pontisfinanz.de/,,insurance,49.0517587,8.3956522,5022.5,node,7124708985,https://www.openstreetmap.org/node/7124708985
Noor Fotostudio,https://www.sd-fotografie.de/noor-studio,info@sd-fotografie.de,photographer,48.9984958,8.4713531,5022.8,node,13327116317,https://www.openstreetmap.org/node/13327116317
Enke iTS,https://enkeonline.de,,it,49.0517974,8.3956421,5026.8,node,6066154972,https://www.openstreetmap.org/node/6066154972
Blum Immobilien,https://www.immobilien-blum.com/,,estate_agent,48.9993045,8.4716339,5027.0,node,1673731938,https://www.openstreetmap.org/node/1673731938
BOKA Sanitär- & Heizungstechnik,https://boka-sanitaer.de/,,plumber,49.0494559,8.3801849,5033.0,node,13144072501,https://www.openstreetmap.org/node/13144072501
Joas Immobilien,,info@joas-immobilien.de,estate_agent,48.999028,8.4717805,5042.8,node,1254138518,https://www.openstreetmap.org/node/1254138518
Atelier Schaukasten,https://atelier-schaukasten.de/,,atelier,48.9989773,8.4717692,5042.9,node,6873464834,https://www.openstreetmap.org/node/6873464834
Muffenrohr,https://www.muffenrohr.de/karlsruhe/,,company,49.0094308,8.3346426,5044.8,node,6779255233,https://www.openstreetmap.org/node/6779255233
Studio le Photographe,http://www.le-photographe1.com/index.html,,photographer,49.0363085,8.3510089,5045.4,node,8898777509,https://www.openstreetmap.org/node/8898777509
Rathaus Wolfartsweier,,wolfartsweier@karlsruhe.de,government,48.9746162,8.452432,5052.7,way,104387291,https://www.openstreetmap.org/way/104387291
Arnold,https://www.arnold-bauing.de/,info@arnold-bauing.de,engineer,48.9971067,8.3360596,5052.9,node,13806337078,https://www.openstreetmap.org/node/13806337078
Blossom Kreativmanufaktur,https://blossom-kreativmanufaktur.de/,hallo@blsmkm.de,atelier,49.0482293,8.3746708,5059.6,node,6644594703,https://www.openstreetmap.org/node/6644594703
Zahntechnik Lauber,https://zahntechnik-lauber.de,,dental_technician,49.0378782,8.3527877,5064.3,node,9529346183,https://www.openstreetmap.org/node/9529346183
Dr. Bechtold Kieninger & Kollegen Rechtsanwaltskanzlei,,,lawyer,49.0379273,8.3528005,5067.4,node,5643610464,https://www.openstreetmap.org/node/5643610464
Romanowski Architekten GmbH.,,,architect,49.0379725,8.3528235,5069.6,node,5643610463,https://www.openstreetmap.org/node/5643610463
STUMPF OHG Allianz,,,insurance,49.0380178,8.3528382,5072.2,node,5643610462,https://www.openstreetmap.org/node/5643610462
Steuerberatungsgesellschaft mbH,,,tax_advisor,49.0380617,8.3528661,5074.0,node,5643610461,https://www.openstreetmap.org/node/5643610461
Strabag BMTI,http://bmti.strabag.com/,,company,49.0229731,8.4688399,5075.6,node,4431385726,https://www.openstreetmap.org/node/4431385726
Uhren Benesch,https://uhrenbenesch.de/,,watchmaker,48.9992792,8.4724423,5085.6,node,406509733,https://www.openstreetmap.org/node/406509733
Ingenieurbüro Wagner GmbH,http://www.IBW-KA.de,Inf@IBW-KA.de,engineer,49.0035667,8.4732944,5089.9,node,6207344165,https://www.openstreetmap.org/node/6207344165
SIVIS GmbH Softwareentwichlung,,,company,49.0382651,8.3526501,5101.0,node,4519305942,https://www.openstreetmap.org/node/4519305942
Honig aus eigener Imkerei,,,beekeeper,49.0381194,8.3523898,5103.8,node,5805121863,https://www.openstreetmap.org/node/5805121863
Raben,,,logistics,49.0165647,8.3350514,5120.8,way,807325903,https://www.openstreetmap.org/way/807325903
Derichebourg Umwelt,https://www.derichebourg-umwelt.de,,company,49.013997,8.3342645,5125.4,node,6655368557,https://www.openstreetmap.org/node/6655368557
MBV,https://www.mbv-ka.de/,info@mbv-ka.de,cooperative,48.9959888,8.3353619,5130.7,node,13806518789,https://www.openstreetmap.org/node/13806518789
Isenmann,,,company,49.0229533,8.4696691,5131.5,node,4431428950,https://www.openstreetmap.org/node/4431428950
Vollack,http://www.vollack.de/,,company,49.0143364,8.473196,5135.7,way,365826332,https://www.openstreetmap.org/way/365826332
Pfarrbüro Heilig Kreuz,https://kath-karlsruhe.de/,,religion,49.0308164,8.3431391,5155.2,way,108254619,https://www.openstreetmap.org/way/108254619
pratec,https://www.pratec.de/,,company,49.038337,8.3512538,5181.1,node,11191591778,https://www.openstreetmap.org/node/11191591778
BLUM Immobilien,https://www.immobilien-blum.com/,,estate_agent,48.9992303,8.4738493,5187.7,node,4128399131,https://www.openstreetmap.org/node/4128399131
Freunde der Erziehungskunst Rudolf Steiners e.V.,https://www.freunde-waldorf.de,,association,49.0354856,8.4599347,5188.3,way,611846937,https://www.openstreetmap.org/way/611846937
Interpneu Abholer / Anmeldung,,,logistics,49.0238084,8.4701914,5200.8,node,7529357588,https://www.openstreetmap.org/node/7529357588
Trausaal Karlsburg Standesamt Durlach,,,government,48.9988361,8.4739368,5201.4,node,10294884305,https://www.openstreetmap.org/node/10294884305
Finanzamt Karlsruhe-Durlach,https://finanzamt-bw.fv-bwl.de/fa_kadurlach,poststelle@fa-karlsruhe-durlach.bwl.de,government,48.9972771,8.4739476,5234.9,way,22927285,https://www.openstreetmap.org/way/22927285
SAB Sachwerte Anlage Beratungsgesellschaft,https://sab-gmbh.de,kontakt@sab-gmbh.de,company,48.9857519,8.4678466,5237.5,node,10647428187,https://www.openstreetmap.org/node/10647428187
VBK - Betriebshof West I,,,depot,49.0231538,8.335951,5261.0,way,4842209,https://www.openstreetmap.org/way/4842209
THW Regionalstelle Karlsruhe,https://www.thw.de/,poststelle.rst_karlsruhe@thw.de,government,49.039228,8.3501713,5306.3,node,9176595295,https://www.openstreetmap.org/node/9176595295
Barmenia Versicherung,https://agentur.barmenia.de/iasmin_ied,,insurance,48.9994438,8.4759138,5332.5,way,105840256,https://www.openstreetmap.org/way/105840256
Jobcenter Karlsruhe-Durlach,,,government,48.9992536,8.4761708,5354.4,way,105840255,https://www.openstreetmap.org/way/105840255
Honorarkonsulat der Republik Armenien,http://www.honorarkonsulat-armenien.de/,,diplomatic,49.0134421,8.330959,5355.1,node,7549832723,https://www.openstreetmap.org/node/7549832723
JACOB Elektronik,https://www.jacob.de,,company,49.0257374,8.4716043,5376.8,node,6003206272,https://www.openstreetmap.org/node/6003206272
Verband der Kleingärtner Baden-Württemberg,http://www.kleingarten-bawue.de,,association,49.037813,8.4604959,5382.1,node,4743894019,https://www.openstreetmap.org/node/4743894019
Gartenfreunde Karlsruhe,http://www.kleingarten-karlsruhe.de,,association,49.0378745,8.4604838,5385.8,node,4743894020,https://www.openstreetmap.org/node/4743894020
Schreinerei Glaserei Potaczek,https://www.schreinerei-glaserei-potaczek.de/,,carpenter,49.0085811,8.3298106,5392.7,node,9674849628,https://www.openstreetmap.org/node/9674849628
Manuel Custodero,https://www.sizilien-recht.com/,info@sizilien-recht.com,lawyer,48.999322,8.476899,5405.7,node,8012933796,https://www.openstreetmap.org/node/8012933796
Pneuhage Unternehmensgruppe,,,company,49.0260372,8.4719262,5411.4,node,7006499227,https://www.openstreetmap.org/node/7006499227
Industriebau Schauenberg,https://www.industriebau-schauenberg.de,,company,49.0266554,8.4715305,5412.4,node,6003206249,https://www.openstreetmap.org/node/6003206249
generic.de,https://www.generic.de/,team@generic.de,it,49.0553805,8.3956787,5422.4,way,1056411958,https://www.openstreetmap.org/way/1056411958
CAD Spanke,https://www.cad-spanke.de,,company,49.0262639,8.472083,5431.9,node,7006499207,https://www.openstreetmap.org/node/7006499207
Hölzer,https://hoelzergmbh.de/,info@hoelzergmbh.de,car_painter,49.0552394,8.392891,5432.6,node,12258341695,https://www.openstreetmap.org/node/12258341695
Mercer,https://www.mercer.de/,,company,49.0262962,8.4721164,5435.6,node,7006499208,https://www.openstreetmap.org/node/7006499208
Büdenbender,https://www.buedenbender-hausbau.de/unternehmen/fachberater/karlsruhe/,,company,49.0263285,8.4721498,5439.2,node,7006499209,https://www.openstreetmap.org/node/7006499209
xDSB Datenschutz,https://xdsb.de/,,company,49.0263609,8.4721833,5442.9,node,7006499210,https://www.openstreetmap.org/node/7006499210
avk edv,https://avk.net/,,company,49.0263932,8.4722167,5446.5,node,7006499211,https://www.openstreetmap.org/node/7006499211
Maler Gros GmbH,http://www.maler-gros.de,,painter,49.0345066,8.3417564,5461.3,node,5607375725,https://www.openstreetmap.org/node/5607375725
NaturFreunde Baden e.V.,,,association,49.0032481,8.4784627,5468.5,node,5964515993,https://www.openstreetmap.org/node/5964515993
STS Silo-Tankfahrzeug Service GmbH,https://www.sts-heilbronn.de/,,logistics,49.0089452,8.3287579,5470.9,node,6221740813,https://www.openstreetmap.org/node/6221740813
MHC Anlagentechnik GmbH,,,company,49.017839,8.4769164,5476.6,node,5983632296,https://www.openstreetmap.org/node/5983632296
Lampe,,,yes,49.0557024,8.3929708,5482.7,node,10972181195,https://www.openstreetmap.org/node/10972181195
Güdler Datenservice,http://www.guedler.de/,,company,49.017802,8.4770183,5483.0,node,5983632295,https://www.openstreetmap.org/node/5983632295
Lebensräume,,,yes,49.0557155,8.3928928,5484.9,node,10972181196,https://www.openstreetmap.org/node/10972181196
Leonhard,,,yes,49.0557383,8.3929658,5486.7,node,10972181194,https://www.openstreetmap.org/node/10972181194
Transneu Internationale Spedition,http://www.transneu.de,,company,49.0175636,8.4771766,5488.5,node,4730839096,https://www.openstreetmap.org/node/4730839096
Fahnen Kreisel,http://fahnen-kreisel.de,,company,49.0428491,8.4555796,5503.5,node,4743688059,https://www.openstreetmap.org/node/4743688059
BELL Computer-Netzwerke GmbH,https://www.bell.de/,,company,49.0256997,8.4735654,5507.2,node,10891793481,https://www.openstreetmap.org/node/10891793481
Werner Tantzky GmbH,https://www.tantzky.de,,company,49.0560473,8.3935904,5514.4,way,631272765,https://www.openstreetmap.org/way/631272765
Steiner Transporte,http://www.steiner-transporte.com,,company,49.0561901,8.3949494,5517.8,node,7124708994,https://www.openstreetmap.org/node/7124708994
Theo Seulberger-Chemie,https://www.fischer-chemie.de/seulberger,,logistics,49.0097,8.3281463,5519.6,node,9674849650,https://www.openstreetmap.org/node/9674849650
Barco Control Rooms GmbH,https://www.barco.com/de/,,company,49.0283971,8.4720573,5528.4,node,4730839031,https://www.openstreetmap.org/node/4730839031
Genthner GmbH,https://genthner.de/,,company,49.0247542,8.4745219,5533.3,way,697605167,https://www.openstreetmap.org/way/697605167
Barco GmbH,https://www.barco.com/de/,,company,49.0284938,8.4721404,5538.5,node,4730839032,https://www.openstreetmap.org/node/4730839032
Die Wärmedämmer,http://waermedaemmer.de/,,insulation,49.0304524,8.4706638,5541.2,node,6848086065,https://www.openstreetmap.org/node/6848086065
Prof. Dr.-Ing. Uwe Görisch GmbH Ingenieurbüro für Abfallwirtschaft,https://goerisch.de/,,company,49.0169682,8.4781247,5542.3,node,7006396469,https://www.openstreetmap.org/node/7006396469
it-structure,https://www.it-structure.de/,,company,49.0566858,8.3993188,5545.1,node,6254205221,https://www.openstreetmap.org/node/6254205221
visuelo,https://www.visuelo.de,,plasterer,49.0305048,8.4706843,5545.2,node,6848086064,https://www.openstreetmap.org/node/6848086064
Seeger Beratungs und Treuhand GmbH,https://www.seeger-consulting.com/,,tax_advisor,49.0567068,8.3996862,5546.0,node,6254205222,https://www.openstreetmap.org/node/6254205222
THE MAK'ED TEAM,https://www.the-maked-team.com,info@the-maked-team.com,company,49.0567063,8.3994768,5546.8,node,10181438580,https://www.openstreetmap.org/node/10181438580
Jegle,https://www.jegle.de/,,painter,49.0305571,8.4707048,5549.3,node,6848086063,https://www.openstreetmap.org/node/6848086063
ristav,http://ristav.de/,,company,49.0567508,8.399469,5551.7,node,6254205225,https://www.openstreetmap.org/node/6254205225
Bodynova,https://bodynova.de/,,handicraft,49.0095971,8.3276917,5552.0,node,9674849651,https://www.openstreetmap.org/node/9674849651
Research 4 You,http://www.research4you.de,,company,49.0567613,8.3996674,5552.1,node,6254205224,https://www.openstreetmap.org/node/6254205224
Rothweiler & Mall,https://www.rmgmbh.de/,,stonemason,49.017395,8.4781742,5555.6,way,633950799,https://www.openstreetmap.org/way/633950799
Schneller Inkasso,http://www.schneller-inkasso.de/,,lawyer,49.0567895,8.3992517,5556.9,node,6254205223,https://www.openstreetmap.org/node/6254205223
Gehlen Gastroverpackungen Hygieneartikel,http://www.gehlen-verpackungen.de,,company,49.0310794,8.4706561,5573.9,node,5339505245,https://www.openstreetmap.org/node/5339505245
T&N Änderungsschneiderei,,,tailor,48.9996,8.4793165,5575.3,node,13585444457,https://www.openstreetmap.org/node/13585444457
Mulaku GmbH Bauunternehmung,https://www.mulaku-bau.de,,builder,49.0567033,8.3941314,5581.6,node,9707045491,https://www.openstreetmap.org/node/9707045491
Rückert+Müller Elektrotechnik,http://www.ruemue.de,,company,49.0567033,8.3934635,5587.9,node,7925805525,https://www.openstreetmap.org/node/7925805525
Leverkus. Der Maler.,http://www.leverkus.de/,,painter,49.0294228,8.4722292,5589.8,node,6534340848,https://www.openstreetmap.org/node/6534340848
Völlinger & Partner,https://www.voellinger-partner.de,,lawyer,49.0566778,8.3928265,5591.5,node,6498306296,https://www.openstreetmap.org/node/6498306296
Burst & Zick,https://www.burst-und-zick.de/,,metal_construction,49.0304173,8.4715627,5597.2,node,7006492578,https://www.openstreetmap.org/node/7006492578
Mobile Jugendarbeit West,,,government,48.9901678,8.3312993,5599.9,node,12474342809,https://www.openstreetmap.org/node/12474342809
Armbruster,https://www.armbruster-fenster.de/,,window_construction,49.0301763,8.4718258,5601.7,node,7006492584,https://www.openstreetmap.org/node/7006492584
Sozial- und Jugendbehörde Sozialer Dienst,,,government,48.9901071,8.3312888,5602.9,node,12474342808,https://www.openstreetmap.org/node/12474342808
docpharm,http://docpharm.de/,,company,49.0286392,8.4730178,5603.2,node,4731236625,https://www.openstreetmap.org/node/4731236625
AWO Bezirksverband Baden e.V.,https://www.awo-baden.de/,,association,49.0572627,8.3993905,5608.9,way,1081245752,https://www.openstreetmap.org/way/1081245752
Netze BW Betriebsstelle Karlsruhe,,,company,49.0275455,8.47396,5614.5,node,4730839095,https://www.openstreetmap.org/node/4730839095
Smart Energysystems International AG,https://www.smart-energy.ag,,company,49.0259955,8.4750395,5619.2,node,6551377235,https://www.openstreetmap.org/node/6551377235
Rheinhafen,,,port,49.0147744,8.3275579,5622.0,relation,7906688,https://www.openstreetmap.org/relation/7906688
Lohmeyer GmbH,https://www.lohmeyer.de,,company,49.0315546,8.4710652,5625.6,node,7006499187,https://www.openstreetmap.org/node/7006499187
NetCom BW,,,company,49.0276377,8.4740639,5625.6,node,9759420090,https://www.openstreetmap.org/node/9759420090
epr edelstahl präzision reinholz,https://www.epr-reinholz.de/,,metal_construction,49.0265139,8.4748779,5630.3,node,6551377214,https://www.openstreetmap.org/node/6551377214
TelemaxX IPC3,,,it,49.0200971,8.4782667,5632.7,way,334161493,https://www.openstreetmap.org/way/334161493
Taxi-Funk-Zentrale Karlsruhe eG,http://www.taxi-zentrale-karlsruhe.de/,,taxi,49.0177976,8.4791507,5634.6,node,4730839097,https://www.openstreetmap.org/node/4730839097
ad Gebäudedienste GmbH,,,company,49.0294887,8.4729467,5639.9,node,7006499188,https://www.openstreetmap.org/node/7006499188
VEMA,https://www.vema-eg.de,,insurance,49.0575499,8.3992086,5641.5,node,6808361707,https://www.openstreetmap.org/node/6808361707
VHH Versicherungsservice für Handel & Handwerk GmbH,https://www.vhh.de/,,insurance,49.0575595,8.3994195,5641.7,node,6808361706,https://www.openstreetmap.org/node/6808361706
Schmidt Rollladen - Markisen,https://www.schmidt-markisen.de/markisen-in-karlsruhe.html,,sun_protection,49.0289347,8.4734228,5644.0,node,6284643901,https://www.openstreetmap.org/node/6284643901
ICP,http://icp-ing.de,,company,49.0178222,8.4794296,5655.1,node,5983631683,https://www.openstreetmap.org/node/5983631683
AFS Strahltechnik,https://www.afs-strahltechnik.de/,,company,49.0294254,8.4732351,5655.6,node,7143298331,https://www.openstreetmap.org/node/7143298331
Astrid Maier Metall- und Tribünenbau GmbH,http://www.maier-tribuenen.de/,,event_technology,49.0291159,8.4735073,5658.4,node,7143298330,https://www.openstreetmap.org/node/7143298330
Glas Schmid,https://www.glasschmid.de/,,glaziery,49.0302985,8.4731186,5691.7,way,695872316,https://www.openstreetmap.org/way/695872316
Peter Gross Bau,https://gross-bau.de/,,company,49.032146,8.4718631,5708.5,node,6534340828,https://www.openstreetmap.org/node/6534340828
Private Storage,https://private-storage.de/,private-storage@web.de,company,49.0120654,8.3258185,5709.4,node,13099128477,https://www.openstreetmap.org/node/13099128477
Theisinger & Probst Bau GmbH,http://theisinger-probst.de/,,company,49.0322605,8.4719081,5717.6,node,6534340827,https://www.openstreetmap.org/node/6534340827
Bautrans GmbH & Co. KG,http://bautrans.de/,,company,49.032375,8.4719532,5726.8,node,6534340826,https://www.openstreetmap.org/node/6534340826
Erdbörse Karlsruhe GmbH & Co. KG,http://www.erdboerse-karlsruhe.de,,company,49.0324894,8.4719982,5735.9,node,6534340825,https://www.openstreetmap.org/node/6534340825
Stützle & Partner,,,consulting,49.0035332,8.3251832,5739.5,node,10698231499,https://www.openstreetmap.org/node/10698231499
Blumen Mosch,https://www.blumen-mosch.de/,,gardener,49.0027436,8.4823365,5754.6,way,158050112,https://www.openstreetmap.org/way/158050112
Holub Werbetechnik,http://www.holub.de/,,company,49.0329109,8.472134,5767.9,node,5659366530,https://www.openstreetmap.org/node/5659366530
Rudolf Kopp und Söhne GmbH,https://www.kopp-schlosserei.de/,,metal_construction,49.0304964,8.4741577,5769.2,node,6284643902,https://www.openstreetmap.org/node/6284643902
Emil Ganz GmbH Schrottgroßhandel,https://www.ganz-containerdienst.de/,info@ganz-containerdienst.de,scrap_yard,49.0022526,8.3247906,5779.1,way,160218824,https://www.openstreetmap.org/way/160218824
Feinkost Kirbas,,,company,49.0331386,8.4722172,5785.8,node,5659366531,https://www.openstreetmap.org/node/5659366531
Ingeburg Praxis-Cosmetic GmbH,http://www.praxis-cosmetic.de,,company,49.033369,8.4723338,5806.1,node,5659366532,https://www.openstreetmap.org/node/5659366532
Global Protection Intelligence,http://gpi-int.com/,info@gpi-int.com,company,49.0310556,8.4743616,5810.9,node,6245572917,https://www.openstreetmap.org/node/6245572917
Alba Nordbaden GmbH,,,company,49.0081435,8.3239726,5816.9,node,12712835130,https://www.openstreetmap.org/node/12712835130
Deutsche Transalpine Oelleitung GmbH,https://www.tal-oil.com,,company,49.0485448,8.3553456,5820.0,node,4827877965,https://www.openstreetmap.org/node/4827877965
Kern,https://www.steinmetz-kern.de/,info@steinmetz-kern.de,stonemason,48.9552202,8.3898716,5834.5,way,86370134,https://www.openstreetmap.org/way/86370134
Druckhaus Karlsruhe,http://www.druck-verlag-sw.de/,,company,48.9788892,8.3358301,5850.0,node,4621072691,https://www.openstreetmap.org/node/4621072691
Wall GmbH,,,company,49.0336592,8.4727992,5851.7,node,5659366533,https://www.openstreetmap.org/node/5659366533
VPL Vegetationspflege Landschaftsbau GmbH,http://www.vpl-vegetationspflege.de,info@vpl-vegetationspflege.de,gardener,48.9543379,8.4077295,5852.0,way,85692737,https://www.openstreetmap.org/way/85692737
DZ Service,https://www.dzservice.de/,,financial,48.9571374,8.3774936,5854.5,node,12076108017,https://www.openstreetmap.org/node/12076108017
Assekuranz Herrmann,https://www.artus-gruppe.com/versicherungsmakler-ettlingen,,insurance,48.9570806,8.3776096,5857.7,node,12076108018,https://www.openstreetmap.org/node/12076108018
Pneuhage,http://www.pneu.com/,,company,49.0340768,8.4726128,5863.8,node,5339505271,https://www.openstreetmap.org/node/5339505271
Interpneu,https://www.interpneu.de,,company,49.0341559,8.4726423,5870.2,node,5339505270,https://www.openstreetmap.org/node/5339505270
NGE,,,company,48.9565647,8.3788192,5884.2,node,9940251520,https://www.openstreetmap.org/node/9940251520
HydroWatt,https://hydrowatt.de,,company,49.0191617,8.3252107,5884.5,node,6680653715,https://www.openstreetmap.org/node/6680653715
Rittershofer Bedachungen und Malerfachbetrieb,http://www.rittershofer-bedachungen.de/,,roofer,49.0322954,8.4745266,5886.4,node,7143298335,https://www.openstreetmap.org/node/7143298335
IGIENAIR,https://igienair.de/,anfrage@igienair.com,company,48.9564703,8.3787798,5895.1,node,12076115404,https://www.openstreetmap.org/node/12076115404
Opsytec Dr. Gröbel,,,company,48.9564223,8.378567,5904.9,node,12076108016,https://www.openstreetmap.org/node/12076108016
Seica,https://www.seica.com/,,company,48.9563852,8.3787428,5904.9,node,12076115405,https://www.openstreetmap.org/node/12076115405
Leitz Service,http://www.leitz.org,,company,49.0344628,8.4729977,5910.0,node,5339522821,https://www.openstreetmap.org/node/5339522821
Knettenbrech Gurdulic,https://www.knettenbrech-gurdulic.de/standorte/karlsruhe,,company,49.013354,8.3232674,5910.1,node,6779255340,https://www.openstreetmap.org/node/6779255340
Hauptfleisch,https://www.hauptfleisch.de,,company,49.0347081,8.4727952,5911.6,node,5339522830,https://www.openstreetmap.org/node/5339522830
Actemium Energy Projects,https://www.actemium.de/standort/actemium-energy-projects-karlsruhe/,,company,49.0327397,8.4747998,5927.6,node,7160183503,https://www.openstreetmap.org/node/7160183503
Koehler & Leutwein Ingenieurbüro für Verkehrswesen,http://www.koehler-leutwein.de,,engineer,49.032657,8.4748761,5928.0,node,7160183507,https://www.openstreetmap.org/node/7160183507
Conuti,https://conuti.de/,,company,49.0325796,8.4749816,5930.6,node,7667592712,https://www.openstreetmap.org/node/7667592712
Lantzerath Tankstellentechnik GmbH,https://lantzerath-group.com,,company,49.0341471,8.4736253,5931.2,node,5659366536,https://www.openstreetmap.org/node/5659366536
Hitex Embedded Tools and Solutions,https://www.hitex.com,,company,49.0325545,8.4750124,5931.3,node,7160183506,https://www.openstreetmap.org/node/7160183506
Löffler Grabmale,https://www.grabmale-loeffler.de/,,stonemason,49.0020847,8.4848084,5940.5,way,288535003,https://www.openstreetmap.org/way/288535003
MB-International Worldwide Geodata,https://www.mbi-geodata.com,,company,49.0327407,8.4750046,5940.7,node,7160183504,https://www.openstreetmap.org/node/7160183504
Jungheinrich Vertriebszentrum Süd – Niederlassung Karlsruhe,http://www.jungheinrich.de/vertrieb-deutschland/karlsruhe/,,company,49.0332477,8.4747264,5950.5,node,4934579316,https://www.openstreetmap.org/node/4934579316
Konecny Gerätebau GmbH,http://www.eurotec-ks.cz,,company,49.0338359,8.4742784,5954.7,node,5659366534,https://www.openstreetmap.org/node/5659366534
PSI GridConnect,https://www.psigridconnect.com,,company,49.0328136,8.4752069,5957.6,node,7160183505,https://www.openstreetmap.org/node/7160183505
hilzinger,https://www.hilzinger.de/fensterbauer-karlsruhe/,,window_construction,49.0084242,8.3220101,5960.8,node,13121364789,https://www.openstreetmap.org/node/13121364789
Atruvia,,,it,48.9785409,8.3343522,5961.9,way,39505249,https://www.openstreetmap.org/way/39505249
rösberg,https://roesberg.com/,info.ka@roesberg.com,engineering,49.008003,8.3218665,5970.2,node,13121409710,https://www.openstreetmap.org/node/13121409710
Goldschmiede Müller-Gawenat,www.goldschmiede.eshop.t-online.de,,goldsmith,49.0341089,8.3329889,5978.4,node,12015064062,https://www.openstreetmap.org/node/12015064062
Kuhnle Laborbedarf,https://www.kuhnle-laborbedarf.de/,,company,49.0337646,8.4748456,5986.5,node,8091414872,https://www.openstreetmap.org/node/8091414872
abrechnung.immo,https://abrechnung.immo,,service,48.9938018,8.4838336,6024.5,node,9932241919,https://www.openstreetmap.org/node/9932241919
Bechtle IT-Systemhaus Karlsruhe,https://www.bechtle.com/ueber-bechtle/unternehmen/standorte/bechtle-it-systemhaus-karlsruhe,karlsruhe@bechtle.com,it,48.9532595,8.3905943,6040.8,node,11417968316,https://www.openstreetmap.org/node/11417968316
merlin.zwo InfoDesign,https://www.merlin-zwo.de/,info@merlin-zwo.de,it,48.971766,8.4670837,6054.1,node,6388314740,https://www.openstreetmap.org/node/6388314740
Rolladen Klingler,https://www.rolladen-klingler.de/,,sun_protection,49.0058831,8.320262,6087.1,node,9780117109,https://www.openstreetmap.org/node/9780117109
Sabolini,,sabolini.couture@gmail.com,tailor,49.0456559,8.4630468,6107.0,node,9518872387,https://www.openstreetmap.org/node/9518872387
Kleingartenverein Ettlingen e.V. Geschäftsstelle,https://kv-ettlingen.de/,vorstand@kv-ettlingen.de,club,48.954038,8.3792136,6143.6,node,13722073382,https://www.openstreetmap.org/node/13722073382
Mateco,https://www.mateco.de/de/standorte/deutschland/karlsruhe,Karlsruhe@mateco.de,company,48.9546414,8.37605,6151.3,node,13339568087,https://www.openstreetmap.org/node/13339568087
Badischer Fußballverband e.V.,,,association,48.9972291,8.4872684,6190.2,node,7902837317,https://www.openstreetmap.org/node/7902837317
Hatz Bäckereibetriebe GmbH,http://www.ich-geh-zum-hatz.de,info@bäcker-hatz.de,bakery,49.0185258,8.3205516,6200.4,node,5896633822,https://www.openstreetmap.org/node/5896633822
Scholpp,https://www.scholppkran.de/,info@scholppkran.de,company,48.9541763,8.3756723,6209.2,node,13339568085,https://www.openstreetmap.org/node/13339568085
Draht-Jäger GmbH,https://www.draht-jaeger.de,info@draht-jaeger.de,metal_works,48.9672448,8.3437761,6209.9,node,10940737262,https://www.openstreetmap.org/node/10940737262
Perez Haustechnik,https://perez-haustechnik.de/,info@perez-haustechnik.de,plumber,49.0052733,8.3185404,6214.3,node,9780160349,https://www.openstreetmap.org/node/9780160349
Auto-Bissinger,https://www.auto-bissinger.de/,info@auto-bissinger.de,company,48.9539971,8.3761891,6215.7,node,13339568086,https://www.openstreetmap.org/node/13339568086
Leipziger,https://leipziger-logistik.com/,,logistics,48.9511849,8.3932872,6241.7,node,13643746543,https://www.openstreetmap.org/node/13643746543
becker,https://www.beckergmbh.de,info@beckergmbh.de,company,49.0062681,8.3180706,6246.3,node,11949618350,https://www.openstreetmap.org/node/11949618350
Trautmann GmbH,https://www.trautmann-bauunternehmen.de,,builder,49.0049882,8.3181132,6246.5,node,9775087886,https://www.openstreetmap.org/node/9775087886
Zeppelin Rental,https://www.zeppelin-rental.de/ansprechpartner/standorte/karlsruhe,miete.karlsruhe@zeppelin.com,company,48.9541292,8.3738787,6258.4,node,10916869674,https://www.openstreetmap.org/node/10916869674
Oiltanking Tanklager Karlsruhe,,,oil,49.0122353,8.3182545,6260.3,way,445116667,https://www.openstreetmap.org/way/445116667
VuS-Diamanttechnik,https://www.vus-diamanttechnik.de,info@vus-diamanttechnik.de,yes,49.0475388,8.4632076,6264.5,node,11272624334,https://www.openstreetmap.org/node/11272624334
Daniel Rittershofer,https://rittershofer-bedachungen.de/,,roofer,48.9508847,8.3935872,6272.2,node,13643746544,https://www.openstreetmap.org/node/13643746544
Trüb Fensterbau GmbH,https://www.trueb-fensterbau.de,info@trueb-fensterbau.de,window_construction,49.0050675,8.3177013,6276.2,node,9780169632,https://www.openstreetmap.org/node/9780169632
Joos Tief+Straßenbau,https://joos-gruppe.de/joos-tief-und-strassenbau-gmbh-co-kg/,,company,49.0180165,8.3186261,6326.6,node,13103535276,https://www.openstreetmap.org/node/13103535276
Joos Umwelttechnik,https://joos-gruppe.de/joos-umwelttechnik-gmbh/,,company,49.018448,8.3186148,6336.9,node,13103535277,https://www.openstreetmap.org/node/13103535277
Ute's Änderungsschneiderei,,,tailor,49.0486387,8.4634376,6364.8,node,3147894474,https://www.openstreetmap.org/node/3147894474
Jürgen Hemmann,,maler-hemmann@gmx.de,painter,49.0495665,8.4619143,6365.8,node,3147893527,https://www.openstreetmap.org/node/3147893527
Töpferladen,http://www.toepferladen-karlsruhe.de/,info@toepferladen-karlsruhe.de,pottery,49.0487389,8.4635266,6377.3,node,3185547309,https://www.openstreetmap.org/node/3185547309
PIR,https://www.pir-galabau.de,info@pir-galabau.de,gardener,49.0071041,8.3162087,6381.7,node,10698189917,https://www.openstreetmap.org/node/10698189917
Straßenmeisterei Ettlingen,https://www.landkreis-karlsruhe.de/,,depot,48.9528557,8.3737245,6395.3,way,1066261099,https://www.openstreetmap.org/way/1066261099
AppSphere,https://appsphere.com/,info@appsphere.com,it,48.949393,8.4073722,6400.1,node,10820446258,https://www.openstreetmap.org/node/10820446258
ScriptRunner,https://www.scriptrunner.com,info@scriptrunner.com,it,48.9493895,8.4076324,6401.3,node,10820446259,https://www.openstreetmap.org/node/10820446259
Joos,,,construction_company,49.0181106,8.3173656,6418.8,way,22998987,https://www.openstreetmap.org/way/22998987
Health and Beauty,https://www.health-and-beauty.com,info@health-and-beauty.com,yes,48.9491182,8.4073749,6430.6,node,10820446260,https://www.openstreetmap.org/node/10820446260
RBS wave,https://www.rbs-wave.de,,engineer,48.9491235,8.4076404,6430.9,node,10820446261,https://www.openstreetmap.org/node/10820446261
Zahnwerk Ettlingen,https://www.zahnarztpraxis-ettlingen.de/,,dental_technician,48.9490064,8.4023309,6438.3,node,12710863589,https://www.openstreetmap.org/node/12710863589
Bodylife Medien,https://bodylife-medien.com/,,yes,48.9490213,8.4073829,6441.4,node,10820446262,https://www.openstreetmap.org/node/10820446262
Bauer,http://www.db-dach.de/,,roofer,49.0505141,8.4618544,6441.8,node,4833442122,https://www.openstreetmap.org/node/4833442122
Inapa,https://inapa.de/,,company,48.9489809,8.390608,6510.8,node,11998474804,https://www.openstreetmap.org/node/11998474804
Immobilien Günter GmbH,https://www.immobilien-guenter.de/,info@immobilien-guenter.de,estate_agent,48.9483294,8.4023054,6513.6,node,4702169609,https://www.openstreetmap.org/node/4702169609
Pfarramt Heilig-Geist-Gemeinde Büchig,,,religion,49.0489499,8.4660662,6522.2,node,3096522311,https://www.openstreetmap.org/node/3096522311
IntegraCeram,http://www.integraceram.de/,info@integraceram.de,dental_technician,49.006344,8.4933664,6540.6,node,5166249803,https://www.openstreetmap.org/node/5166249803
Leipziger,https://leipziger-logistik.com/,info@LLL-KA.com,logistics,48.9518186,8.3718203,6551.8,node,13340582388,https://www.openstreetmap.org/node/13340582388
BAFA,https://www.bafa-gmbh.de/,kontakt@bafa-neu.de,company,48.9517153,8.3717462,6564.5,node,13340635885,https://www.openstreetmap.org/node/13340635885
REMEX,https://www.remex.de/,,company,49.0132414,8.3141608,6568.6,node,2937490241,https://www.openstreetmap.org/node/2937490241
Partyservice Bruns,http://www.bruns-partyservice.de,Bruns.Maria@web.de,caterer,48.9653942,8.3396129,6570.4,node,10152179228,https://www.openstreetmap.org/node/10152179228
Wetterwarte Rheinstetten,,,government,48.9728908,8.3299883,6574.8,way,37690165,https://www.openstreetmap.org/way/37690165
RLP Timeline,,,company,48.9636006,8.3423286,6575.5,node,12683800383,https://www.openstreetmap.org/node/12683800383
BUCHEN,https://www.buchen.net/,,company,49.0133261,8.313967,6583.6,node,2937489654,https://www.openstreetmap.org/node/2937489654
Horizon Microtechnologies,,,metal_construction,48.9634778,8.3418764,6608.0,node,12683800378,https://www.openstreetmap.org/node/12683800378
Draht Walput GmbH & Co. KG,,,metal_construction,48.9643425,8.3404655,6609.5,node,12683800382,https://www.openstreetmap.org/node/12683800382
ExpertFab e.K.,https://www.expertfab.de/,,it,48.9473954,8.4027584,6617.0,way,299961081,https://www.openstreetmap.org/way/299961081
Kfz-Zulassungsstelle Ettlingen,,,government,48.9472746,8.408272,6638.4,node,6759035156,https://www.openstreetmap.org/node/6759035156
BKV-Logistik GmbH & Co. KG,,,moving_company,48.9602376,8.3468123,6645.0,way,28884673,https://www.openstreetmap.org/way/28884673
Lang,https://bau-lang.de/,info@bau-lang.de,company,48.9507669,8.3718376,6660.8,node,13340704107,https://www.openstreetmap.org/node/13340704107
Werner Fensterfolien,https://www.fensterfolien-karlsruhe.com/,info@fensterfolien-karlsruhe.com,yes,49.0119615,8.4948098,6669.0,way,151387771,https://www.openstreetmap.org/way/151387771
Dopf,,,painter,49.0104238,8.4949931,6670.2,way,151484037,https://www.openstreetmap.org/way/151484037
Fenster+Türen Braun,,,window_construction,48.9643932,8.3388202,6689.9,node,6142917492,https://www.openstreetmap.org/node/6142917492
Burkart Gerüstbau,,,scaffolder,48.9605239,8.3450544,6701.3,way,176754204,https://www.openstreetmap.org/way/176754204
HDP GmbH,,,electronics,48.9642465,8.3385475,6715.5,node,6142917494,https://www.openstreetmap.org/node/6142917494
InnovationsCampus 2,,,company,49.0141149,8.3117634,6753.2,node,4425676800,https://www.openstreetmap.org/node/4425676800
Krusig,https://www.krusig.de/,,company,49.0675244,8.3976659,6755.5,node,7706739412,https://www.openstreetmap.org/node/7706739412
Landwirtschaftliches Technologiezentrum Augustenberg,,,research,48.9656144,8.3356815,6760.9,way,244102877,https://www.openstreetmap.org/way/244102877
EnBW Energie Baden-Württemberg AG InnovationsCampus Forschung und Entwicklung,,,company,49.0139205,8.3112578,6787.3,node,4425676798,https://www.openstreetmap.org/node/4425676798
Garten- und Landschaftspflege Mohrhardt,http://landschaftspflege-mohrhardt.de/,info@landschaftspflege-mohrhardt.de,gardener,49.0475366,8.4733313,6796.5,node,3146931438,https://www.openstreetmap.org/node/3146931438
Brennerei Reiter,,,distillery,49.0482593,8.4728229,6822.7,node,3547680499,https://www.openstreetmap.org/node/3547680499
Hagsfelder Werkstätten Gärtnerei,http://www.hwk.com,,gardener,49.0234931,8.4939659,6836.6,node,4936027051,https://www.openstreetmap.org/node/4936027051
Persona Concept GmbH,,info@personaconcept.de,employment_agency,48.945927,8.3913633,6839.4,node,6448028040,https://www.openstreetmap.org/node/6448028040
Draht Walput,https://www.draht-walput.com,,metal_construction,48.9632803,8.3371699,6862.6,node,12684810440,https://www.openstreetmap.org/node/12684810440
Gleich Eventtechnik,https://eventtechnik-gleich.de/,m.gleich@eventtechnik-gleich.de,rigger,48.9634699,8.3366089,6876.8,node,5661549895,https://www.openstreetmap.org/node/5661549895
Peter & Mann Metallbau,https://www.schlosserei-peter-mann.de/,info@schlosserei-peter-mann.de,company,49.0655102,8.3725273,6902.0,node,14212977258,https://www.openstreetmap.org/node/14212977258
Schukraft,https://www.schukraft.de/,,joiner,48.9467255,8.3803372,6905.0,way,158683742,https://www.openstreetmap.org/way/158683742
Küffner,https://kueffner.de/,info@kueffner.de,metal_construction,48.9643007,8.3348259,6906.3,node,12023707524,https://www.openstreetmap.org/node/12023707524
Thorsten Reinschmidt - Steuerberater,,,tax_advisor,49.0493593,8.4729772,6913.9,node,9924990911,https://www.openstreetmap.org/node/9924990911
Markisen Kirchenbauer,https://kirchenbauer.de/,info@kirchenbauer.de,company,49.0658206,8.3726893,6930.7,node,14212977257,https://www.openstreetmap.org/node/14212977257
MiRO Mineralölraffinerie Oberrhein - Werk 2,https://www.miro-ka.de/,,oil,49.0557612,8.344677,6930.7,way,14693175,https://www.openstreetmap.org/way/14693175
Maus Rotationsgießformen,http://maus-gmbh.de/,,metal_construction,49.0241421,8.4951487,6939.3,node,4936027052,https://www.openstreetmap.org/node/4936027052
COS Systemhaus OHG / COS Geoinformatik GbR,http://www.cosgeo.de,,yes,48.9443319,8.4085823,6966.4,node,873787695,https://www.openstreetmap.org/node/873787695
svt Schadensanierung,https://svt-sanierung.de,schadensanierung-karlsruhe@svt.de,company,48.9457915,8.382394,6970.6,node,12752443452,https://www.openstreetmap.org/node/12752443452
TransnetBW,,,company,49.0099903,8.3080485,6985.1,node,8568792895,https://www.openstreetmap.org/node/8568792895
Schulz Garten- und Landschaftsbau,https://www.gartenbauschulz.de/,,gardener,49.0314865,8.4919167,6989.8,node,4936027059,https://www.openstreetmap.org/node/4936027059
KUNBUS GmbH,https://www.kunbus.de/,,it,48.9459438,8.3802022,6991.6,node,4290270457,https://www.openstreetmap.org/node/4290270457
Immo Gräßer GmbH,,,property_management,48.946148,8.3787614,6996.2,node,12358099653,https://www.openstreetmap.org/node/12358099653
ZG Raiffeisen Energie,https://www.zg-raiffeisen.de/standorte/standort/karlsruhe/zg-raiffeisen-energie-niederlassung-karlsruhe,,company,49.0416166,8.3236402,6998.5,node,6796844431,https://www.openstreetmap.org/node/6796844431
Kiefer Glas,https://glasraum.business.site/,,glaziery,48.9459762,8.3795193,7000.5,node,10707739076,https://www.openstreetmap.org/node/10707739076
Müller Ingenieurplan GmbH,https://www.mip-ka.de/,info@mip-ka.de,engineer,48.9439696,8.3950406,7026.0,node,13346799823,https://www.openstreetmap.org/node/13346799823
ExpertFab,https://www.expertfab.de,info@expertfab.de,it,48.9439453,8.3954035,7026.4,node,11152568152,https://www.openstreetmap.org/node/11152568152
GGB Gesellschaft für Geomechanik und Baumesstechnik mbH,,,surveyor,48.9625531,8.3350643,7028.6,node,13808007064,https://www.openstreetmap.org/node/13808007064
Gartenservice Haßmann,https://gartenservice-hassmann.de/,info@gartenservice-hassmann.de,gardener,49.0497389,8.4746633,7032.8,node,9872878349,https://www.openstreetmap.org/node/9872878349
Glötzl Gesellschaft für Baumesstechnik mbH,,,surveyor,48.9622881,8.3353016,7037.1,node,13808007065,https://www.openstreetmap.org/node/13808007065
SanLucar,https://sanlucar-group.com,,company,48.9462954,8.3756196,7043.7,node,10916923834,https://www.openstreetmap.org/node/10916923834
Baden Airpark Express GmbH,https://www.badenairparkexpress.de/,anfrage@badenairparkexpress.de,logistics,48.9629956,8.3339073,7054.9,node,12023707526,https://www.openstreetmap.org/node/12023707526
SchwaGe-Druck,https://www.schwagedruck.de/,info@schwagedruck.de,printer,48.9629552,8.333845,7061.3,node,12023707525,https://www.openstreetmap.org/node/12023707525
Malerbetrieb Albert Doldt GmbH,,,painter,48.9619573,8.3351213,7072.4,node,13808007066,https://www.openstreetmap.org/node/13808007066
Sidus Logistics,,,company,48.9622447,8.3343625,7089.2,way,298679856,https://www.openstreetmap.org/way/298679856
MiRO Mineraloelraffinerie Oberrhein Verwaltung,,,company,49.0529593,8.3364263,7091.3,node,7476415607,https://www.openstreetmap.org/node/7476415607
Sidus Media,,,advertising_agency,48.9618889,8.3346013,7104.6,way,654437188,https://www.openstreetmap.org/way/654437188
Immowessi,,,estate_agent,48.9429939,8.4087584,7115.6,node,1520773542,https://www.openstreetmap.org/node/1520773542
Schneider Fassaden GmbH + Co. KG,,,company,48.9621226,8.3339865,7118.3,way,297107335,https://www.openstreetmap.org/way/297107335
AVG,,,railway,48.9435898,8.3884585,7127.1,node,7139182321,https://www.openstreetmap.org/node/7139182321
GROSS DruckArt,,,printmaker,48.9614832,8.3345936,7136.9,node,6142917489,https://www.openstreetmap.org/node/6142917489
Schneider Fassaden GmbH,,,insulation,48.9616151,8.3340045,7157.0,node,14061106134,https://www.openstreetmap.org/node/14061106134
Bürgerbüro,,,government,48.9425277,8.4063132,7160.4,node,531860225,https://www.openstreetmap.org/node/531860225
Ausländerbehörde,,,government,48.9424331,8.406164,7170.7,node,3040867940,https://www.openstreetmap.org/node/3040867940
Messebau Gleich GmbH,,,stand_builder,48.9600958,8.3358996,7180.9,node,6547234096,https://www.openstreetmap.org/node/6547234096
Alber Fensterbau GmbH,,,window_construction,48.9609971,8.3343844,7186.0,node,6142917488,https://www.openstreetmap.org/node/6142917488
Ingenieur-Büro Harald Rapp,,,it,48.9422587,8.4047778,7188.2,node,4185645289,https://www.openstreetmap.org/node/4185645289
Schneider Fassaden GmbH,,,insulation,48.9612383,8.3338731,7193.3,node,14061106133,https://www.openstreetmap.org/node/14061106133
autoVimation,,,toolmaker,48.9600233,8.3357121,7196.2,node,6142917490,https://www.openstreetmap.org/node/6142917490
Messebau Gleich GmbH,,,stand_builder,48.9616681,8.333164,7196.6,node,6142917487,https://www.openstreetmap.org/node/6142917487
MAYER-IT-SOLUTIONS,http://www.mayer-it-solutions.de/,info@mayer-it-solutions.de,yes,48.9575201,8.4674588,7197.1,node,10549644848,https://www.openstreetmap.org/node/10549644848
Finanzamt Ettlingen,"https://fa-ettlingen.fv-bwl.de/pb/,Lde/Startseite",poststelle-31@finanzamt.bwl.de,government,48.9422933,8.4100907,7199.1,node,785125388,https://www.openstreetmap.org/node/785125388
Armin Müller,http://www.gartenbau-rheinstetten.de/,,gardener,48.9768367,8.3157418,7236.1,node,11742150281,https://www.openstreetmap.org/node/11742150281
Gasübergabestelle Karlsruhe West,,,gas,49.0437974,8.3217601,7247.6,way,582378673,https://www.openstreetmap.org/way/582378673
Netze BW,,,company,48.9441588,8.3762985,7257.5,node,10927067007,https://www.openstreetmap.org/node/10927067007
Jens Weber,http://www.jw-stuck.de/,info@jw-stuck.de,plasterer,49.0594137,8.4634082,7283.1,node,3240093188,https://www.openstreetmap.org/node/3240093188
Pfarramt Grötzingen Heilig Kreuz,http://kath-durlach-bergdörfer.de,St.PeterundPaul@kath-durlach-bergdoerfer.de,religion,49.004253,8.5039408,7317.7,node,8759020619,https://www.openstreetmap.org/node/8759020619
Imkerei Windmeier,https://www.imkerei-windmeier.de/,info@imkerei-windmeier.de,beekeeper,49.0572332,8.4684245,7320.5,node,6030637841,https://www.openstreetmap.org/node/6030637841
Apollo-Optik,,,optician,48.9410771,8.4057112,7320.7,node,11569272783,https://www.openstreetmap.org/node/11569272783
IBS-Gruppe,https://www.ibs-gruppe.de/,,company,49.0724589,8.3930189,7331.3,node,7629046664,https://www.openstreetmap.org/node/7629046664
Kombident,https://www.kombident.de/,info@kombident.de,dental_technician,49.0724897,8.393102,7334.1,node,7629046665,https://www.openstreetmap.org/node/7629046665
Applus GmbH,https://www.kuhn-edeka.de/,,company,49.0727062,8.3927339,7360.9,node,7629046660,https://www.openstreetmap.org/node/7629046660
Dental Manufaktur 76,http://www.dentalmanufaktur76.de/,info@dentalmanufaktur76.de,dental_technician,49.0727976,8.3925998,7372.0,node,7629046663,https://www.openstreetmap.org/node/7629046663
entegra AG,https://entegra.de,,it,48.9422646,8.3811302,7373.5,node,6984559295,https://www.openstreetmap.org/node/6984559295
Badische Neueste Nachrichten,,,newspaper,48.9405538,8.4079313,7383.8,node,6448405779,https://www.openstreetmap.org/node/6448405779
Simone Walter Teamtraining für Mensch und Hund,https://teamtraining-walter.de,kontakt@teamtraining-walter.de,company,48.979762,8.3112957,7386.4,node,11295236438,https://www.openstreetmap.org/node/11295236438
Begegnugszentrum Seniorenbüro,,,yes,48.9402087,8.4071637,7420.1,node,300725610,https://www.openstreetmap.org/node/300725610
Malerfachbetrieb Leibold,,,painter,48.9760504,8.3133689,7430.1,node,7141276789,https://www.openstreetmap.org/node/7141276789
Dalloopool Schwimmbadtechnik,https://dalloo-pool.de/,info@dalloo-pool.de,company,48.9747972,8.3137329,7472.2,node,13714739645,https://www.openstreetmap.org/node/13714739645
Firma J. Schäfer,http://www.natursteine-schaefer.com,,stonemason,48.9529716,8.4650987,7485.8,way,257657060,https://www.openstreetmap.org/way/257657060
Birgit's Heissmangel,,,yes,49.0572236,8.4722928,7504.6,node,3147893525,https://www.openstreetmap.org/node/3147893525
Busch & Sohn,https://malerbetrieb-busch.de/,gestalter@malerbetrieb-busch.de,painter,49.058664,8.4703571,7532.9,node,6416919606,https://www.openstreetmap.org/node/6416919606
Gärtnerei Oesterle,,,gardener,49.074912,8.4065046,7565.4,way,46726807,https://www.openstreetmap.org/way/46726807
SV Blankenloch,http://www.sv-blankenloch.de,sv-blankenloch@stutensee.net,association,49.0684424,8.4496196,7618.0,node,9119621224,https://www.openstreetmap.org/node/9119621224
AVG,,,yes,48.9385835,8.4117399,7619.1,node,10696739921,https://www.openstreetmap.org/node/10696739921
Bardusch,,,company,48.9387979,8.4152127,7619.1,way,260901055,https://www.openstreetmap.org/way/260901055
Klimaalarm24.de,,,hvac,48.9743327,8.311663,7629.6,node,12752190755,https://www.openstreetmap.org/node/12752190755
Peter Knobloch,,,hvac,49.07387,8.3803954,7638.0,way,169027647,https://www.openstreetmap.org/way/169027647
Partyservice Stutensee,http://www.party-service-stutensee.de/,info@party-service-stutensee.de,caterer,49.0593362,8.471452,7641.5,node,3817900389,https://www.openstreetmap.org/node/3817900389
Hildenbrand Datensysteme GmbH,http://www.hildenbrand.de/,info@hildenbrand.de,it,49.0606558,8.4692285,7651.8,node,3429143644,https://www.openstreetmap.org/node/3429143644
ALBA Baugenossenschaft eG,https://www.alba-baugenossenschaft.de/,info@alba-baugenossenschaft.de,property_management,48.9380159,8.4072283,7663.9,node,11396969514,https://www.openstreetmap.org/node/11396969514
W+W Consulting GmbH,https://www.ww-cs.de/,team@ww-cs.de,consulting,48.9385868,8.4191059,7678.9,node,13198718446,https://www.openstreetmap.org/node/13198718446
Agentur für Arbeit,,,employment_agency,48.9378383,8.4062402,7681.6,node,4442791369,https://www.openstreetmap.org/node/4442791369
Mille Stelle Group,https://www.millestelle.group/,,company,49.0757618,8.393383,7693.9,node,7629046667,https://www.openstreetmap.org/node/7629046667
Hans Herr GmbH Vogelringfabrikation,,,company,49.0759328,8.3961226,7696.0,node,13048097084,https://www.openstreetmap.org/node/13048097084
KARA Bauelemente und Möbelmontage,,,joiner,49.0758324,8.3926741,7707.0,node,13048097075,https://www.openstreetmap.org/node/13048097075
"Rechtsanwaltskanzlei Karin Atwell-Nosal, Daniela Kraus",www.atwell-nosal.de,nachricht@atwell-nosal.de,lawyer,49.0595728,8.4724262,7707.6,node,4143703444,https://www.openstreetmap.org/node/4143703444
coMbi deZign,,,joiner,49.0758776,8.3905466,7729.7,node,13048097081,https://www.openstreetmap.org/node/13048097081
WOLFSRUDEL Kreativagentur,https://www.wolfsrudel-kreativagentur.com/,info@wrka.de,advertising_agency,48.9390092,8.3807,7733.5,node,9616594590,https://www.openstreetmap.org/node/9616594590
Griesinger+Löwenberger OHG,https://griesinger-löwenberger.de/,info@gl-ohg.de,insurance,49.0758531,8.3892551,7739.2,node,10747767109,https://www.openstreetmap.org/node/10747767109
Erdgas Südwest GmbH,https://www.erdgas-suedwest.de/,,energy_supplier,48.9391622,8.3785077,7753.3,node,13361890103,https://www.openstreetmap.org/node/13361890103
Leber Gastro,,,company,48.9755495,8.308754,7755.2,node,14250886665,https://www.openstreetmap.org/node/14250886665
Kunstofftanks FT-Design,,,company,49.0744299,8.3767992,7760.8,way,622468712,https://www.openstreetmap.org/way/622468712
Fotostudio Rolf Stahl,http://www.foto-stutensee.de/,info@foto-stutensee.de,photographer,49.0614523,8.4701843,7764.4,node,3218388556,https://www.openstreetmap.org/node/3218388556
Zimmer Group,https://www.zimmer-group.com/,,company,48.9377812,8.4191335,7767.8,node,13194688233,https://www.openstreetmap.org/node/13194688233
Badische Backstub',,,bakery,48.9407315,8.3695586,7768.2,way,103580944,https://www.openstreetmap.org/way/103580944
Ski-Club Ettlingen,https://ski-club-ettlingen.de,info@skiclub-ettlingen.de,association,48.9376335,8.3887764,7778.7,node,8415733982,https://www.openstreetmap.org/node/8415733982
Karlheinz Brecht,,,therapist,49.061614,8.4702577,7781.8,node,3244130740,https://www.openstreetmap.org/node/3244130740
Kunststofftanks FT-Design,https://www.ft-design.de/,info@ft-design.de,yes,49.074668,8.3768741,7785.0,node,5879606305,https://www.openstreetmap.org/node/5879606305
Erhard Seitz,,,carpenter,49.062904,8.4684179,7812.7,node,3244130736,https://www.openstreetmap.org/node/3244130736
Siegfried Erndwein,https://www.egg-leo.de/de/umwelt-wirtschaft/wirtschaft/unternehmensverzeichnis/unternehmen/Brennerei-Siegfried-Erndwein.php,,distillery,49.0770016,8.3963859,7813.2,node,6396790617,https://www.openstreetmap.org/node/6396790617
Kleiner & Kieckhäfer,http://rechtsanwalt-stutensee.de/,ra.kuk@t-online.de,lawyer,49.0641545,8.4662855,7832.4,node,6416919608,https://www.openstreetmap.org/node/6416919608
Baloise Versicherungsagentur Zeyd Al Saad,,,insurance,49.0770477,8.392145,7845.4,node,13041908687,https://www.openstreetmap.org/node/13041908687
mm Markisen,https://www.mm-markisen.de/filialen/ettlingen-karlsruhe/,,sun_protection,48.9385947,8.3765468,7849.5,node,6247748353,https://www.openstreetmap.org/node/6247748353
ImmoServices Kay Albrecht,https://WWW.Immoservices.de,,property_management,49.0772458,8.3902203,7883.6,way,236891501,https://www.openstreetmap.org/way/236891501
Kirchliches Rechenzentrum,https://krz-swd.de,,foundation,49.0755002,8.3760308,7890.1,node,7921263653,https://www.openstreetmap.org/node/7921263653
Forstamt Stadt Karlsruhe Revier Ost,,,forestry,49.0310627,8.5055289,7896.8,node,4936080426,https://www.openstreetmap.org/node/4936080426
Dr. Thomas + Partner,http://www.tup.com,,company,49.0705222,8.4523661,7914.1,way,478155749,https://www.openstreetmap.org/way/478155749
MiRO Mineralölraffinerie Oberrhein - Werk 1,https://www.miro-ka.de/,,oil,49.0588495,8.3291374,7932.0,way,162004514,https://www.openstreetmap.org/way/162004514
Rolf Heeger,http://www.ra-heeger.de/,kanzlei@ra-heeger.de,lawyer,49.0656051,8.4658165,7944.5,node,3240093195,https://www.openstreetmap.org/node/3240093195
Rudolf Reiter Gärtnerei,,,gardener,48.9354453,8.404613,7945.7,way,59700142,https://www.openstreetmap.org/way/59700142
Wasserstraßen- und Schifffahrtsamt Oberrhein Außenbezirk Karlsruhe,,,government,49.039308,8.3062622,7966.5,node,7707554559,https://www.openstreetmap.org/node/7707554559
Immego,https://immego-karlsruhe.de/,,estate_agent,49.0778341,8.3880153,7969.9,node,10747766998,https://www.openstreetmap.org/node/10747766998
Ferrotec GmbH,http://www.ferrotec.net/,info@ferrotec.net,company,49.0707136,8.4535074,7970.7,node,4742817099,https://www.openstreetmap.org/node/4742817099
Bauunternehmung Oronzo Piroscia GmbH,http://www.piroscia.de/,oronzo@piroscia.de,construction_company,49.0654266,8.4669332,7975.0,node,3358349640,https://www.openstreetmap.org/node/3358349640
Architekturbüro Nees,,,architect,49.0784192,8.3931276,7989.8,node,13041908688,https://www.openstreetmap.org/node/13041908688
Evangelisches Pfarramt,https://ekiegg.de/,,parish,49.0780112,8.3871019,7999.2,way,166163019,https://www.openstreetmap.org/way/166163019
Andreas Fretz,http://andreasfretz.de/,info@andreasfretz.de,gardener,49.0717403,8.4513945,8004.4,way,445248360,https://www.openstreetmap.org/way/445248360
Sprachmühle,https://www.sprachmuehle.de/,,translation,48.9729492,8.3066391,8025.4,node,6681483881,https://www.openstreetmap.org/node/6681483881
"ROSEN Germany GmbH, Betriebsstätte Stutensee",http://www.rosen-group.com/global/company/explore/we-are/locations/europe/rosen-karlsruhe.html,,company,49.0713041,8.4544543,8060.6,node,4128209779,https://www.openstreetmap.org/node/4128209779
"ROSEN Technology and Research Center GmbH, Betriebsstätte Stutensee",http://www.rosen-group.com/global/company/explore/we-are/locations/europe/rosen-karlsruhe.html,,company,49.0715088,8.4540669,8067.9,node,3780677601,https://www.openstreetmap.org/node/3780677601
Finanz LUPE GmbH,https://www.versicherungsmakler-karlsruhe.info/,,company,48.9523229,8.4772229,8100.6,node,11191621808,https://www.openstreetmap.org/node/11191621808
Pickel Haustechnik,https://pickel-haustechnik.de/,info@pickel-haustechnik.de,hvac,48.9380524,8.3673217,8102.9,way,1037769461,https://www.openstreetmap.org/way/1037769461
e2 Arbogast - Lösche - Hocke GbR,https://e2-karlsruhe.de/,,company,48.9522931,8.4772281,8103.4,node,13680568290,https://www.openstreetmap.org/node/13680568290
artec showtechnik,https://www.artec-showtechnik.de/,info@artec-showtechnik.de,rigger,48.9379624,8.367567,8106.5,way,1037769462,https://www.openstreetmap.org/way/1037769462
Lehmann & Nagel GmbH,,lehmann_nagel@t-online.de,roofer,49.0728211,8.4520664,8133.9,way,221201827,https://www.openstreetmap.org/way/221201827
Balfour Beatty Rail,,,company,48.9356408,8.3773072,8154.5,node,6326179461,https://www.openstreetmap.org/node/6326179461
Otmar Pol,http://www.otmar-pol.de/,info@otmar-pol.de,plumber,49.0669256,8.4681616,8162.7,node,3289500838,https://www.openstreetmap.org/node/3289500838
Tristar,http://tristar-technik.de/,,company,49.0730178,8.4525366,8168.5,node,4427046432,https://www.openstreetmap.org/node/4427046432
Pfarrbüro Michaelisgemeinde,http://www.michaelisgemeinde.de/,,religion,49.0647485,8.4728885,8174.1,node,3353138072,https://www.openstreetmap.org/node/3353138072
Knöll Elektrotechnik,https://www.etknoell.de/,info@etknoell.de,electrician,49.0658914,8.4711084,8196.0,node,13686095521,https://www.openstreetmap.org/node/13686095521
BürgerBüro Stutensee,,buergerbuero@stutensee.de,administrative,49.0666772,8.4697302,8206.7,node,3219494055,https://www.openstreetmap.org/node/3219494055
Malermeisterbetrieb Werner,,oldrich@aol.com,painter,49.0738534,8.4523445,8246.1,way,308179033,https://www.openstreetmap.org/way/308179033
Navaei,http://navaei.de/,info@navaei.de,plumber,49.0737763,8.4527618,8251.5,node,8493881023,https://www.openstreetmap.org/node/8493881023
Pfarramt St. Josef,http://www.kath-stutensee-weingarten.de/,,religion,49.0646094,8.4750314,8259.4,node,3353138071,https://www.openstreetmap.org/node/3353138071
AfB social & green IT,https://www.afb-group.de/,info@afb-group.eu,it,48.9343991,8.3780081,8277.0,node,12947587454,https://www.openstreetmap.org/node/12947587454
GE Pipeline Solutions,http://www.ge.com/,,company,49.0733438,8.4551821,8286.6,way,221201835,https://www.openstreetmap.org/way/221201835
Fahrzeuglogistik ZELTMANN,https://www.kfz-zeltmann.de/,office@kfz-zeltmann.de,logistics,49.0365691,8.2990135,8316.0,node,11495647354,https://www.openstreetmap.org/node/11495647354
Schlosserei NATEK GbR,http://www.schlosserei-natek.de/,,metal_construction,49.0663524,8.4730207,8321.0,node,4194024682,https://www.openstreetmap.org/node/4194024682
Industrieschilder Stachurski GmbH,http://www.stachurski.de/,info@stachurski.de,signmaker,49.0732386,8.4566778,8326.2,node,10800097110,https://www.openstreetmap.org/node/10800097110
Jeschke Umwelttechnik GmbH,http://www.jeschke-umwelttechnik.de/,office@jeschke-umwelttechnik.de,company,49.0742384,8.4539205,8334.6,node,4877429162,https://www.openstreetmap.org/node/4877429162
MG Industrieelektronik GmbH,https://www.mg-industrieelektronik.de/,info@mg-industrieelektronik.de,it,48.9336255,8.3790192,8344.6,node,4068359086,https://www.openstreetmap.org/node/4068359086
iformatics,https://www.iformatics.de/,info@iformatics.de,it,48.9335449,8.3792695,8349.4,node,12947547883,https://www.openstreetmap.org/node/12947547883
HBH Microwave GmbH,http://www.hbhmw.de/,info@hbhmw.de,company,49.0745028,8.4535798,8350.2,node,4877429145,https://www.openstreetmap.org/node/4877429145
Imkerei Stiefel,,,beekeeper,49.0684599,8.4695438,8360.2,node,2819486449,https://www.openstreetmap.org/node/2819486449
Kintzel Akustik,https://www.kintzel-akustik.de/,kintzel@kintzel-akustik.de,engineer,48.9334618,8.3789129,8364.0,node,12947547884,https://www.openstreetmap.org/node/12947547884
abilis GmbH,http://www.abilis.de/,info@abilis.de,it,49.0739688,8.4557273,8366.6,way,670887491,https://www.openstreetmap.org/way/670887491
becomeCloud,https://www.becomecloud.com/,support@becomecloud.com,it,48.9333772,8.3791538,8369.4,node,12947547885,https://www.openstreetmap.org/node/12947547885
Evelyns Katzensteine,,,handicraft,49.0693049,8.4679515,8371.8,node,2826614832,https://www.openstreetmap.org/node/2826614832
Medlab medizinische Diagnosegeräte GmbH,http://www.medlab.eu,,company,49.0746952,8.4536657,8372.2,node,4877429163,https://www.openstreetmap.org/node/4877429163
Thomas Schell,,,plumber;timsmith,49.0688709,8.4690517,8377.2,node,3147894473,https://www.openstreetmap.org/node/3147894473
Grether Delp Steuerberater,https://www.grether-delp.de/,info@grether-delp.de,tax_advisor,49.0666335,8.4737458,8377.9,node,3244130748,https://www.openstreetmap.org/node/3244130748
HKR Garten-und Landschaftsbau,http://www.hkr-garten.de/,info@hkr-garten.de,gardener,49.07359,8.4574114,8385.7,node,9359043575,https://www.openstreetmap.org/node/9359043575
ELOS,https://elosmedtech.com/,,company,48.933235,8.3790648,8386.2,node,12947547886,https://www.openstreetmap.org/node/12947547886
Spectra GmbH,http://www.spectra-gmbh.de/,info@spectra-gmbh.de,company,49.0738808,8.4569246,8397.8,node,9999664879,https://www.openstreetmap.org/node/9999664879
visuell GmbH,,,advertising_agency,48.9640185,8.3088028,8407.7,way,192161447,https://www.openstreetmap.org/way/192161447
Schmidt und Seitz & Co. GmbH,http://www.schmidt-seitz.com/,info@schmidt-seitz.com,plumber,49.0675447,8.472717,8413.4,node,2823508586,https://www.openstreetmap.org/node/2823508586
oxaion gmbh,https://www.oxaion.de/,,it,48.9349332,8.4392998,8413.7,node,8482600495,https://www.openstreetmap.org/node/8482600495
comgrav® technology GmbH & Co. KG,http://www.comgrav.de/,info@comgrav.de,company,49.0750906,8.4537354,8414.0,node,4877429164,https://www.openstreetmap.org/node/4877429164
gbm - Gesellschaft für Baugeologie und -meßtechnik mbH Baugrundinstitut,,,company,48.9346039,8.4394265,8451.4,node,10614949313,https://www.openstreetmap.org/node/10614949313
Rajapack,https://www.rajapack.de/,info@rajapack.de,company,48.932678,8.3785289,8455.2,way,217992509,https://www.openstreetmap.org/way/217992509
Ammann Elba Beton GmbH,,,company,48.9345779,8.4394822,8455.4,node,10614949315,https://www.openstreetmap.org/node/10614949315
walterservices,,,company,48.9345444,8.4394258,8457.6,node,10614949314,https://www.openstreetmap.org/node/10614949314
Akira Handelsgesellschaft m.b.H.,,,company,48.9345673,8.4396545,8460.4,node,10614949312,https://www.openstreetmap.org/node/10614949312
esentri AG,https://esentri.com/,info@esentri.com,it,48.9345373,8.4395848,8462.0,node,9310576517,https://www.openstreetmap.org/node/9310576517
PuRo Lifestyle GmbH,,,company,48.9345325,8.4396531,8464.0,node,10614949311,https://www.openstreetmap.org/node/10614949311
Deutsche Beratungsgesellschaft für Finanzplanung GmbH,,,company,48.9345013,8.439509,8464.1,node,10614949310,https://www.openstreetmap.org/node/10614949310
Patricia D. Kappler,https://www.patricia-kappler.de/,,physician,48.967341,8.3042493,8485.9,node,12105688637,https://www.openstreetmap.org/node/12105688637
Gerüstbau Kammerer,http://www.geruestbau-kammerer.de/,k@mmerer.de,scaffolder,49.0746844,8.4586838,8536.6,way,308232221,https://www.openstreetmap.org/way/308232221
Finck & Rau,https://fundr.com/,info@fundr.com,advertising_agency,48.9466395,8.4762619,8540.8,node,8578618137,https://www.openstreetmap.org/node/8578618137
Wildenmann Consulting GmbH & Co. KG,,,company,48.9341539,8.4421911,8563.1,node,7514369650,https://www.openstreetmap.org/node/7514369650
Caspar Doll GmbH,http://www.doll-der-maler.de/,info@doll-der-maler.de,painter,49.0718438,8.466881,8565.0,node,2819581058,https://www.openstreetmap.org/node/2819581058
BOA Metal Solutions GmbH,https://www.boagroup.com/,,company,49.0761033,8.4553399,8566.3,node,4427046429,https://www.openstreetmap.org/node/4427046429
Hottenrot Heizunsbau,,,hvac,48.966469,8.3037356,8568.5,node,12752231418,https://www.openstreetmap.org/node/12752231418
ProMtec,,,company,48.9338896,8.4419712,8585.6,node,7514369651,https://www.openstreetmap.org/node/7514369651
IGT AG,,,company,48.9339363,8.442694,8598.0,node,7514369648,https://www.openstreetmap.org/node/7514369648
PROMATIS software GmbH,,,it,48.9339001,8.4425747,8598.9,node,7514369649,https://www.openstreetmap.org/node/7514369649
IWK Verpackungstechnik GmbH,https://iwk.de,,company,49.0759779,8.4571472,8612.6,node,9999664880,https://www.openstreetmap.org/node/9999664880
Klaus Lerch,,,beekeeper,49.0718509,8.4683655,8624.3,node,10282190195,https://www.openstreetmap.org/node/10282190195
kreativdesign,https://kreativdesign-karlsruhe.de,info@kreativdesign-ka.de,company,48.9628385,8.3064003,8626.6,node,9410061622,https://www.openstreetmap.org/node/9410061622
WIFO,,,insurance,48.9636378,8.3055548,8627.5,way,96021522,https://www.openstreetmap.org/way/96021522
Manfred Hofheinz,https://www.hofheinz-steuerberater.de/,info@hofheinz-steuerberater.de,tax_advisor,49.0699,8.4729414,8634.2,node,7921212739,https://www.openstreetmap.org/node/7921212739
Die Werbetechniker Karlsruhe,,,advertising_agency,48.9631162,8.3058878,8639.9,node,8355603965,https://www.openstreetmap.org/node/8355603965
Höllmüller GmbH,https://www.hoellmueller.de/,info@hoellmueller.de,roofer,49.0685732,8.4759892,8648.5,node,3185533359,https://www.openstreetmap.org/node/3185533359
Bernfried Fischer,,,stonemason,49.0319002,8.5163019,8669.0,node,4345071789,https://www.openstreetmap.org/node/4345071789
digitaltest,http://www.digitaltest.de/,info@digitaltest.de,company,49.0758398,8.4592604,8669.8,node,4427046433,https://www.openstreetmap.org/node/4427046433
BOA Metal Solutions GmbH / IWK Verpackungstechnik GmbH,http://www.atsautomation.com/,,factory,49.0767515,8.4568779,8680.6,way,310574559,https://www.openstreetmap.org/way/310574559
race result AG,https://www.raceresult.com/,,company,49.014476,8.5222357,8686.3,node,7342648821,https://www.openstreetmap.org/node/7342648821
tonish,https://www.tonish.com/,,it,49.0342039,8.2915438,8723.8,node,817523510,https://www.openstreetmap.org/node/817523510
IMA Dairy & Food Holding GmbH,https://www.imadairyfood.com,,company,49.0765825,8.4591263,8738.3,node,4427046431,https://www.openstreetmap.org/node/4427046431
Alleima,,,company,49.0772939,8.4572527,8746.7,node,4427046430,https://www.openstreetmap.org/node/4427046430
Jochen Müller,,,tiler,48.9319166,8.3668892,8760.1,node,13568449072,https://www.openstreetmap.org/node/13568449072
Lindner & Walter Software GmbH,http://www.lwsoft.de/,info@lwsoft.de,it,49.0763314,8.4608817,8773.6,way,221204418,https://www.openstreetmap.org/way/221204418
Bäder Singer,http://www.baeder-singer.de/,info@baeder-singer.de,plumber,49.0761637,8.4614233,8776.1,way,491940994,https://www.openstreetmap.org/way/491940994
Markus Schmidt GmbH,https://schmidtstallateur.de/,,heating_engineer,48.9655065,8.301238,8779.9,node,12659958560,https://www.openstreetmap.org/node/12659958560
Dentallabor Mansky,,,dental_technician,49.0858838,8.4026829,8782.9,node,1355086771,https://www.openstreetmap.org/node/1355086771
CSE Center of Safety Excellence,https://cse-engineering.de,,company,49.0143849,8.5238832,8805.0,node,7342648820,https://www.openstreetmap.org/node/7342648820
Herrmann und Kutscher GmbH,http://www.herrmann-kutscher.de/,kontakt@herrmann-kutscher.de,metal_construction,49.0766438,8.4610434,8809.8,way,221204417,https://www.openstreetmap.org/way/221204417
Rappold & Rappold GbR,,,surveyor,48.9323047,8.4443765,8810.0,node,10586503926,https://www.openstreetmap.org/node/10586503926
Test- und Weiterbildungszentrum Wärmepumpen und Kältetechnik,https://www.twk-karlsruhe.de/,info@twk-karlsruhe.de,company,49.0780241,8.4573566,8822.8,way,549728067,https://www.openstreetmap.org/way/549728067
Adrian Gebäudereinigung,,,cleaning,48.9322296,8.4447731,8827.7,node,10586501862,https://www.openstreetmap.org/node/10586501862
Delta Personalmanagement GmbH & Co. KG,,,employment_agency,49.0710366,8.4750908,8828.5,node,3385272440,https://www.openstreetmap.org/node/3385272440
Helmut Berger Metallbau GmbH,https://www.bergermetallbau.de/,bergermetallbau@t-online.de,metal_construction,48.9474874,8.4840137,8831.9,node,11395128283,https://www.openstreetmap.org/node/11395128283
Architekturbüro Markus Kornmüller,,,architect,48.9618464,8.3039148,8838.6,node,5609412733,https://www.openstreetmap.org/node/5609412733
Computer SuppliesTeam,http://www.cst24.de,,online_shop,49.074986,8.4665108,8847.5,node,4896970985,https://www.openstreetmap.org/node/4896970985
InkTec,https://www.inktec-megastore.de,,online_shop,49.0750379,8.4665334,8853.3,node,3542522068,https://www.openstreetmap.org/node/3542522068
MS Security & Service Cooperation GmbH,https://www.sicherheit-ms.de/,,company,49.0038428,8.5253665,8881.2,node,3973163958,https://www.openstreetmap.org/node/3973163958
BGV Hauptvertretung Jens Wagner,http://www.pfinztal.versicherung,wagner.jens@bgv.de,insurance,49.0036013,8.5255061,8892.5,node,4954263349,https://www.openstreetmap.org/node/4954263349
Schuhmann Straßenbau,http://www.schumann-strassenbau.de,,road_builder,49.0754675,8.4665207,8893.7,way,348027229,https://www.openstreetmap.org/way/348027229
Mihm-Vogt GmbH & Co.KG,http://www.mihm-vogt.de/,info@mihm-vogt.de,company,49.078745,8.4576734,8904.9,way,221204533,https://www.openstreetmap.org/way/221204533
Abbund Center Stutensee,http://www.abbund-center.de/,,carpenter,49.0757806,8.4663777,8918.2,way,348027216,https://www.openstreetmap.org/way/348027216
Burkart Gerüstbau,,,scaffolder,48.9600365,8.3044416,8923.0,node,5615181105,https://www.openstreetmap.org/node/5615181105
Steuerberater Breitbarth,https://steuer-pfinztal.de/,,tax_advisor,49.0037408,8.5260916,8934.5,node,321575890,https://www.openstreetmap.org/node/321575890
NDT Global GmbH & Co. KG,http://www.ndt-global.com/,info@ndt-global.com,company,49.0785887,8.4592651,8941.3,relation,4114757,https://www.openstreetmap.org/relation/4114757
Evangelisches Pfarramt Berghausen,https://www.evki-berghausen-woe.de/,,religion,49.0028705,8.5261566,8943.6,node,280310090,https://www.openstreetmap.org/node/280310090
Süd-Überdachung,http://www.sued-ueberdachung.de,,roofer,49.0768335,8.4648196,8962.0,node,4802510495,https://www.openstreetmap.org/node/4802510495
Altenis,https://www.altenis.de/,,signmaker,49.0761898,8.4669121,8977.3,node,3558135619,https://www.openstreetmap.org/node/3558135619
PT Bauunternehmen GmbH,http://www.pt-massivbau.de/,info@pt-massivbau.de,construction_company,49.0764294,8.4663418,8978.9,node,6414512761,https://www.openstreetmap.org/node/6414512761
Ugan Immobilien,http://ugan.de/,,company,49.0763301,8.4669928,8993.7,node,3542522070,https://www.openstreetmap.org/node/3542522070
Kafa Bul,http://www.kafabul.de,,company,49.0764058,8.4670129,9001.6,node,3542522069,https://www.openstreetmap.org/node/3542522069
Deutsche Rote Kreuz Ortsverein Berghausen,http://www.drk-berghausen.de/,kontakt@drk-berghausen.de,association,49.0060783,8.5271128,9002.3,way,84975423,https://www.openstreetmap.org/way/84975423
Demus GmbH,,,gardener;road_builder,49.0767403,8.4670624,9035.4,way,348027219,https://www.openstreetmap.org/way/348027219
Metallwerkstatt Joachim Epp,http://www.metallwerkstatt-epp.de/,,metal_construction,49.0770852,8.4670675,9068.6,way,348027228,https://www.openstreetmap.org/way/348027228
Bäckerei-Konditorei Visel GmbH,http://www.baeckerei-visel.de/,backkultur@baeckerei-visel.de,bakery,49.079945,8.459065,9069.5,node,6282523476,https://www.openstreetmap.org/node/6282523476
TG-Datennetze,http://www.tg-datennetze.de/,team@tg-datennetze.de,company,49.0773224,8.4666769,9076.9,node,4802510478,https://www.openstreetmap.org/node/4802510478
ZIEMANN Sicherheit GmbH,http://www.ziemann-gruppe.de/,,company,49.0776427,8.4671446,9124.8,way,348027230,https://www.openstreetmap.org/way/348027230
ritterweiß,https://ritterweiss.de/,info@ritterweiss.de,tax_advisor,49.040969,8.2896268,9139.8,node,12223089398,https://www.openstreetmap.org/node/12223089398
Kudoke,https://www.vermessung-kudoke.de/,vermessung.kudoke@t-online.de,engineer,49.0410173,8.2896253,9142.1,node,12223089399,https://www.openstreetmap.org/node/12223089399
medienundwerk,,,company,48.9450224,8.4878737,9224.1,node,6391993761,https://www.openstreetmap.org/node/6391993761
M.D.S. Transport,http://www.mds-transport.de/,info@mds-transport.de,company,49.0809183,8.461078,9232.0,node,9999664881,https://www.openstreetmap.org/node/9999664881
Powergy Energielösungen,,,electrician,49.0043725,8.5303626,9243.3,node,1578715769,https://www.openstreetmap.org/node/1578715769
Michael Eckhard Müller,,,lawyer,48.9268921,8.3690292,9249.5,way,259131450,https://www.openstreetmap.org/way/259131450
die netzwerft,https://dienetzwerft.de/,,it,48.9241166,8.3910586,9251.2,node,2624038742,https://www.openstreetmap.org/node/2624038742
BEON Teilecenter,,,company,48.9293949,8.4498473,9253.1,node,9202547188,https://www.openstreetmap.org/node/9202547188
Wolfgang Schmitt Elektrotechnik,,,electrician,49.0790418,8.4670233,9254.8,way,221198012,https://www.openstreetmap.org/way/221198012
Uwe Rudolph Schreinerei und Innenausbau,,,joiner,49.0793159,8.4668895,9276.4,node,3605906675,https://www.openstreetmap.org/node/3605906675
WMD GmbH,http://wmdgmbh.de/,info@wmdgmbh.de,metal_construction,49.0800522,8.4649363,9278.2,node,8923394635,https://www.openstreetmap.org/node/8923394635
SN-Finanzplanung,https://www.sn-finanzplanung.de/,mail@sn-finanzplanung.de,financial_advisor,49.0903174,8.3987117,9282.7,node,8895941445,https://www.openstreetmap.org/node/8895941445
Bauamt/Baubetrieb,,,administrative,49.0730805,8.4814453,9288.1,node,4878463632,https://www.openstreetmap.org/node/4878463632
Bauhof,,,administrative,49.0730559,8.4815124,9288.9,node,4878463631,https://www.openstreetmap.org/node/4878463631
Zweckverband Wasserversorgung Mitte/Hardt Bereich Technik,,,administrative,49.0730383,8.4815821,9290.5,node,4878463630,https://www.openstreetmap.org/node/4878463630
Kentner GmbH,http://kentner-schrankwaende.de/,info@kentner-schrankwaende.de,carpenter,49.0800733,8.4652998,9293.1,node,8923394632,https://www.openstreetmap.org/node/8923394632
Buchbinderei H-G,https://buchbinderei-gussmann.de/,kontakt@buchbinderei-gussmann.de,bookbinder,49.0811432,8.4635617,9337.5,node,4896970949,https://www.openstreetmap.org/node/4896970949
Bambeela,,,company,49.010902,8.5316568,9343.5,node,11360126110,https://www.openstreetmap.org/node/11360126110
bringe,https://bringe.com/,info@bringe.com,company,48.9441021,8.4890129,9355.8,way,1301620412,https://www.openstreetmap.org/way/1301620412
Jamit GmbH,https://jamit.de,mail@jamit.de,company,48.9518251,8.5006706,9358.8,node,5552152334,https://www.openstreetmap.org/node/5552152334
Fahrzeuglackierung Titz e.k.,,,yes,49.0385053,8.2846836,9362.9,node,11416722419,https://www.openstreetmap.org/node/11416722419
Pink Event Service,https://www.pink-event-service.de/,,company,49.0107291,8.5321517,9378.6,node,11360126109,https://www.openstreetmap.org/node/11360126109
Klar GmbH,https://klar-online.de/,info@klar-online.de,roofer;plumber,49.0813891,8.464314,9387.4,node,4896970950,https://www.openstreetmap.org/node/4896970950
rbs Redaktionsbüro Stutensee,https://fachpressetexte.rbsonline.de/,kontakt@rbsonline.de,advertising_agency,49.0814401,8.4653269,9427.3,node,3566162821,https://www.openstreetmap.org/node/3566162821
René Miceli,https://www.rene-miceli.de,info@rene-miceli.de,tiler,49.0815546,8.4650526,9429.0,node,13745508964,https://www.openstreetmap.org/node/13745508964
Horn Deutschland Zentrale,http://www.horn-gmbh.com,,company,49.0811036,8.4676695,9477.3,node,4069223108,https://www.openstreetmap.org/node/4069223108
Cosma AG,http://www.cosma-gruppe.de/,,company,49.0815654,8.4670727,9500.8,node,3412381194,https://www.openstreetmap.org/node/3412381194
HG,,,telecommunication,49.0817238,8.46683,9507.6,node,4896970965,https://www.openstreetmap.org/node/4896970965
"Schilling, Peters",http://www.schilling-peters.de/rechtsanwaelte/,info@schilling-peters.de,lawyer,49.0817089,8.4671169,9516.3,node,6258777656,https://www.openstreetmap.org/node/6258777656
Contargo Wörth-Karlsruhe GmbH,,,port,49.0570162,8.2977739,9523.1,way,257764228,https://www.openstreetmap.org/way/257764228
Zeeh Design,http://www.zeeh-design.com,,company,49.0814489,8.4681281,9527.2,node,4896970955,https://www.openstreetmap.org/node/4896970955
Riedle Heiztech & Bäderwelten,https://www.riedle-heiztech.de/,info@riedle-heiztech.de,plumber,49.081805,8.4674166,9536.3,node,10939231437,https://www.openstreetmap.org/node/10939231437
Technisches Rathaus,https://www.rheinstetten.de/,,government,48.9591838,8.2946569,9564.1,node,4761292123,https://www.openstreetmap.org/node/4761292123
Vin's Catering,https://www.vins-catering.de,,caterer,48.9583117,8.2954466,9570.7,node,12541224748,https://www.openstreetmap.org/node/12541224748
!pages,https://impressive-pages.de,,company,49.0473747,8.5202972,9619.0,node,7963469529,https://www.openstreetmap.org/node/7963469529
NetPlans GmbH,,,company,48.9224008,8.3738393,9645.5,way,118616733,https://www.openstreetmap.org/way/118616733
DCS-consult,,,it,48.9349625,8.4775556,9646.1,node,7514307664,https://www.openstreetmap.org/node/7514307664
ORGAKOM,,,consulting,48.9348815,8.4775663,9654.0,node,7514307665,https://www.openstreetmap.org/node/7514307665
Marius Schrömbgens,,,lawyer,48.9347934,8.4775609,9662.0,node,7514307666,https://www.openstreetmap.org/node/7514307666
FlipPen,,,company,48.9347018,8.4775502,9670.0,node,7514307667,https://www.openstreetmap.org/node/7514307667
NetPlans GmbH,,,company,48.9219879,8.3739768,9687.9,node,1701359511,https://www.openstreetmap.org/node/1701359511
Schneider-Schäfte,http://www.schneider-schaefte.de,info@schneider-schaefte.de,shoemaker,49.0552348,8.5150642,9736.8,way,212387494,https://www.openstreetmap.org/way/212387494
Pickert GmbH,https://www.pickert.gmbh/,,company,49.0042729,8.5373687,9754.5,way,242833420,https://www.openstreetmap.org/way/242833420
Mantel & Groppe Elektrotechnik,https://elektro-mg.de,info@elektro-mg.de,electrician,49.0553588,8.5153038,9758.9,node,13630872610,https://www.openstreetmap.org/node/13630872610
RNT Rausch GmbH,https://rnt.de/,,it,48.9209912,8.3763253,9759.4,node,10185409229,https://www.openstreetmap.org/node/10185409229
ISCAR Germany GmbH,https://www.iscar.de/newarticles.aspx/countryid/7/newarticleid/10892,,company,48.9213062,8.3739843,9761.7,node,11971494600,https://www.openstreetmap.org/node/11971494600
IMKO Micromodultechnik GmbH,,,company,48.9209306,8.3741157,9800.3,way,118616749,https://www.openstreetmap.org/way/118616749
Leibniz-Institut für Informationsinfrastruktur,https://www.fiz-karlsruhe.de,,research,49.0934367,8.4304356,9817.7,node,983514329,https://www.openstreetmap.org/node/983514329
ISCAR Germany GmbH,https://www.iscar.de/newarticles.aspx/countryid/7/newarticleid/10892,,company,48.9205468,8.3751339,9825.9,node,11971494599,https://www.openstreetmap.org/node/11971494599
FIM Fachbüro,,,estate_agent,48.929769,8.4711513,9889.4,node,12495518243,https://www.openstreetmap.org/node/12495518243
Institut für Astroteilchenphysik,https://www.iap.kit.edu/,,research,49.0940678,8.430657,9889.7,node,1163751087,https://www.openstreetmap.org/node/1163751087
M.K Fahrradteile,,,locksmith,49.0959966,8.4028603,9907.3,node,6466746518,https://www.openstreetmap.org/node/6466746518
Institut für Experimentelle Teilchenphysik,https://www.etp.kit.edu/,,research,49.0942731,8.4307297,9913.1,node,2636976820,https://www.openstreetmap.org/node/2636976820
Institut für Thermische Energietechnik und Sicherheit,https://www.ites.kit.edu/,secretary@ites.kit.edu,research,49.0936185,8.4356598,9920.0,node,1163750478,https://www.openstreetmap.org/node/1163750478
Institut für Technische Physik,https://www.itep.kit.edu,,research,49.0938787,8.4341937,9923.6,node,1163751257,https://www.openstreetmap.org/node/1163751257
telematis Netzwerke GmbH,https://www.telematis.de/,,it,49.0581184,8.5155429,9945.8,way,198772627,https://www.openstreetmap.org/way/198772627
Institut für Meteorologie und Klimaforschung,http://www.imk.kit.edu/,,research,49.0939241,8.4364486,9966.6,node,6565037669,https://www.openstreetmap.org/node/6565037669
Katholisches Pfarramt St. Antonius,,,religion,49.0964877,8.397647,9971.5,way,219469918,https://www.openstreetmap.org/way/219469918
Institut für Hochleistungsimpuls- und Mikrowellentechnik,https://www.ihm.kit.edu,,research,49.0950212,8.4310554,9999.4,node,1177014550,https://www.openstreetmap.org/node/1177014550
Institut für QuantenMaterialien und Technologien,https://www.iqmt.kit.edu,,research,49.0949014,8.4333089,10020.4,node,1177014540,https://www.openstreetmap.org/node/1177014540
irmand planer und ingenieure Planung von Gewerbeküchen,,,yes,49.0562309,8.5196463,10076.8,way,238647450,https://www.openstreetmap.org/way/238647450
Goraieb Versuchstechnik,http://www.goraieb.de/,,company,49.0949984,8.4363202,10080.4,node,3977827937,https://www.openstreetmap.org/node/3977827937
Karlsruher Beryllium Handling Facility,http://www.kbhf.org,,company,49.0950138,8.4363547,10082.7,node,3977827939,https://www.openstreetmap.org/node/3977827939
Südroh Recycling GmbH,https://www.suedroh.com,,company,48.9623883,8.283,10103.2,way,38259691,https://www.openstreetmap.org/way/38259691
Tritiumlabor Karlsruhe,https://www.itep.kit.edu/80.php,,research,49.0954218,8.4354977,10112.3,node,13533507372,https://www.openstreetmap.org/node/13533507372
Institut für Beschleunigerphysik und Technologie (IBPT),https://www.ibpt.kit.edu/,,research,49.0963573,8.4297759,10127.1,node,13027023801,https://www.openstreetmap.org/node/13027023801
Institut für Angewandte Informatik,https://www.iai.kit.edu,,research,49.0958353,8.4337063,10128.0,node,1146299807,https://www.openstreetmap.org/node/1146299807
KITTEN,https://www.kitten.kit.edu,,research,49.0966539,8.4282334,10139.1,node,13026996671,https://www.openstreetmap.org/node/13026996671
Karlsruhe Research Accelerator (KARA),https://www.ibpt.kit.edu/,,research,49.0968546,8.4282798,10161.6,node,13026996670,https://www.openstreetmap.org/node/13026996670
Institute for Advanced Membrane Technology (IAMT),http://www.iamt.kit.edu/64.php,,research,49.096962,8.4274386,10162.8,node,8128913121,https://www.openstreetmap.org/node/8128913121
Institut für Biologische Grenzflächen 2,http://www.ibg.kit.edu/64.php,,research,49.0970854,8.4274328,10176.2,node,1176970158,https://www.openstreetmap.org/node/1176970158
Particle Accelerator Test Facility (FLUTE),https://www.ibpt.kit.edu/,,research,49.0972208,8.4266916,10182.0,way,1417588291,https://www.openstreetmap.org/way/1417588291
Bürgerbüro,,,government,48.9866362,8.5403875,10223.5,node,13254194870,https://www.openstreetmap.org/node/13254194870
KWK Kabelwerk Karlsruhe,,,company,48.9611379,8.281735,10252.2,way,289417657,https://www.openstreetmap.org/way/289417657
Institut für Mikroverfahrenstechnik,,,research,49.0972435,8.4319676,10254.8,node,1146299899,https://www.openstreetmap.org/node/1146299899
Institut für Biologische Grenzflächen Ⅰ,https://www.ibg.kit.edu/ibg1,,research,49.097381,8.4323128,10274.8,node,1146299303,https://www.openstreetmap.org/node/1146299303
"Standesamt, Friedhofswesen, Grundbucheinsichtsstelle",,,government,48.9858838,8.5412736,10305.3,node,13279688491,https://www.openstreetmap.org/node/13279688491
gSofa,https://www.gsofa.de/,,consulting,48.9591187,8.2822197,10335.3,node,8948409442,https://www.openstreetmap.org/node/8948409442
PPG Industries Lackfabrik GmbH,,,yes,49.059795,8.5204285,10344.5,node,9054434773,https://www.openstreetmap.org/node/9054434773
Deutscher Immobilien Verbund International,,,estate_agent,49.0537335,8.5264784,10355.9,node,3123590465,https://www.openstreetmap.org/node/3123590465
Elektrotechnik Aloisi,https://www.elektrotechnik-aloisi.de/,,electrician,49.053355,8.5269307,10363.4,node,3112819771,https://www.openstreetmap.org/node/3112819771
n.able GmbH,https://www.n-able-innovation.com,,company,49.0981823,8.4327136,10368.0,node,7028532196,https://www.openstreetmap.org/node/7028532196
My Häppy Garten,https://www.myhaeppygarten.com/,,gardener,48.9862503,8.5427934,10404.2,node,13254259244,https://www.openstreetmap.org/node/13254259244
Kerntechnische Entsorgung Karlsruhe GmbH,https://www.kte-karlsruhe.de/,,company,49.0989816,8.4299172,10415.7,way,683728085,https://www.openstreetmap.org/way/683728085
Kerntechnische Entsorgung Karlsruhe GmbH,,,nuclear,49.099172,8.4291511,10426.5,way,1004929221,https://www.openstreetmap.org/way/1004929221
Die VideoAgentur,https://www.dievideoagentur.de/,info@dievideoagentur.de,advertising_agency,49.1005759,8.3899771,10464.2,node,7900704432,https://www.openstreetmap.org/node/7900704432
ImmoBlue,,,estate_agent,49.0519826,8.5301729,10495.4,node,3705795351,https://www.openstreetmap.org/node/3705795351
Winzergenossenschaft Weingarten,,,winery,49.0488244,8.5333062,10536.9,way,234006758,https://www.openstreetmap.org/way/234006758
Human Touch Interiors,,,company,48.9234928,8.4723781,10542.9,node,12587752574,https://www.openstreetmap.org/node/12587752574
Stadtbrauhaus Herrmannsbräu,http://www.stadtbrauhaus.de/,,brewery,49.009284,8.2587442,10576.2,way,192060065,https://www.openstreetmap.org/way/192060065
Steuerberaterin Brunhilde Krumes,https://www.stb-krumes.de/,steuerberatung@stb-krumes.de,tax_advisor,49.0504143,8.5327911,10582.8,node,6305290701,https://www.openstreetmap.org/node/6305290701
Pfarramt Ev. Kirchengemeinde Weingarten,,,religion,49.0509638,8.5329516,10621.2,node,3710699320,https://www.openstreetmap.org/node/3710699320
mall Umweltsysteme,https://www.mall.info/,info@mall.info,company,48.9141488,8.3684476,10629.8,node,11970892263,https://www.openstreetmap.org/node/11970892263
Pfarrbüro Kath. Kirche Weingarten,,,religion,49.0518851,8.5328068,10659.4,node,3710699319,https://www.openstreetmap.org/node/3710699319
Blechnerei Nock,https://blechnerei-nock.de/,kontakt@blechnerei-nock.de,tinsmith,48.9139042,8.3673272,10676.2,node,11970817538,https://www.openstreetmap.org/node/11970817538
ABD Dreherei,https://www.abd-dreherei.de/,info@abd-dreherei.de,company,48.9135104,8.367792,10710.3,node,11971470273,https://www.openstreetmap.org/node/11971470273
Sautter,https://www.sautter-elektrotechnik.de/,info@sautter.gmbh,company,48.9134215,8.3676942,10721.6,node,11971470272,https://www.openstreetmap.org/node/11971470272
LVM Versicherung Mathias Schmidt,,,insurance,49.0549397,8.5317393,10755.1,node,12467051843,https://www.openstreetmap.org/node/12467051843
Pöschl,http://www.pöschl-stahlbau.de/,poeschl-juergen@t-online.de,construction_company,48.9129182,8.3677766,10774.4,node,11971470271,https://www.openstreetmap.org/node/11971470271
Johnson Controls,https://www.johnsoncontrols.com/,,company,48.9126933,8.3669374,10813.7,node,4558632367,https://www.openstreetmap.org/node/4558632367
Thomas Schneider,https://www.malerbetrieb-thomas-schneider.de/,,painter,49.051946,8.5351918,10816.4,node,13336495313,https://www.openstreetmap.org/node/13336495313
Atelier 77,,,architect,48.9156504,8.4553666,10825.0,node,3461277945,https://www.openstreetmap.org/node/3461277945
Klingelnberg,https://klingelnberg.com/,info@klingelnberg.com,company,48.9118602,8.3668862,10904.4,node,11970817537,https://www.openstreetmap.org/node/11970817537
Apleona,https://www.apleona.com/ueber-apleona/,,property_management,48.9119743,8.3660157,10908.0,node,11970744249,https://www.openstreetmap.org/node/11970744249
Personendosimetrie KTE,,,yes,49.1035098,8.4300631,10913.0,node,13026015461,https://www.openstreetmap.org/node/13026015461
Fabry Holzbau,https://www.fabry-holzbau.de/,,carpenter,49.0584258,8.531844,10959.0,node,5586501916,https://www.openstreetmap.org/node/5586501916
Hölscher Wasserbau,https://www.hoelscher-wasserbau.de/,,company,48.9112548,8.3662116,10981.8,node,11970744250,https://www.openstreetmap.org/node/11970744250
SPSE Schieberstation TW Wörth,,,oil,49.0732057,8.2920392,10982.0,way,279574012,https://www.openstreetmap.org/way/279574012
Semilution GmbH,http://www.semilution.de/,mink@semilution.de,it,49.0965778,8.4690059,11049.2,node,3146905252,https://www.openstreetmap.org/node/3146905252
Newill,https://www.stuckateur-newill.de/,kontakt@stuckateur-newill.de,plasterer,48.9872083,8.2551869,11053.8,node,14181708521,https://www.openstreetmap.org/node/14181708521
Weickum Bauunternehmen GmbH,http://www.weickum-bau.de/,,builder,49.0620095,8.5311064,11127.3,node,5586501903,https://www.openstreetmap.org/node/5586501903
Protestantisches Pfarramt Wörth-Hagenbach,,,parish,49.0519118,8.2664489,11188.5,node,2340458780,https://www.openstreetmap.org/node/2340458780
Arndt Immobilien,,,estate_agent,49.0509975,8.2639553,11307.1,node,2340458762,https://www.openstreetmap.org/node/2340458762
Ginex Espressomaschienen,https://ginex-espressomaschinen.de/,info@ginex-espressomaschinen.de,company,48.9731644,8.5498899,11307.1,node,8819992917,https://www.openstreetmap.org/node/8819992917
DRK Ortsverein Hagenbach,,,association,49.0219182,8.2500377,11330.2,way,309712354,https://www.openstreetmap.org/way/309712354
Allianz Generalvertretung Patrik Hirsch,https://vertretung.allianz.de/patrik.hirsch/index.html,,insurance,49.0183568,8.2487667,11371.2,node,2742279153,https://www.openstreetmap.org/node/2742279153
Kristina Fetzner,https://www.stb-fetzner.de/,k.fetzner@stb-fetzner.de,tax_advisor,49.0995023,8.4707128,11396.2,node,4748711885,https://www.openstreetmap.org/node/4748711885
P-Neo Personal GmbH,https://p-neo.de,,employment_agency,49.0500702,8.2612277,11443.0,node,30640360,https://www.openstreetmap.org/node/30640360
Kardex Software GmbH,,,company,49.0571221,8.2651808,11539.8,node,2344697759,https://www.openstreetmap.org/node/2344697759
Grabmale Christ,,,stonemason,49.0577763,8.2656698,11544.0,way,88218340,https://www.openstreetmap.org/way/88218340
Geißer GmbH Sanitärfachmarkt,,,company,49.0571456,8.2650745,11547.8,node,2344697757,https://www.openstreetmap.org/node/2344697757
Energetisches Heiler- & Lichtzentrum,,,company,49.0573621,8.2649514,11567.3,node,2344697754,https://www.openstreetmap.org/node/2344697754
Fachblechnerei Uwe Becker,,,tinsmith,48.947242,8.5346614,11634.6,node,4020079973,https://www.openstreetmap.org/node/4020079973
Heike Ingenkamp,,,lawyer,49.101706,8.4713001,11636.1,node,9583971451,https://www.openstreetmap.org/node/9583971451
E. Braumandl Isolierungen,,,company,49.0601592,8.266118,11647.8,node,2344697742,https://www.openstreetmap.org/node/2344697742
Hugo Knoblauch System-Bau,,,company,49.0600916,8.2654945,11683.2,node,2344697737,https://www.openstreetmap.org/node/2344697737
Fruchtcargo,https://www.fruchtcargo.de/,,company,49.0602675,8.2656494,11683.3,node,2344697739,https://www.openstreetmap.org/node/2344697739
Schreinerei Rimmelspacher e.K.,,,carpenter,48.9090877,8.4633769,11716.5,node,3084846921,https://www.openstreetmap.org/node/3084846921
Rollotronic,https://max-simmel.de/,info@max-simmel.de,yes,48.9223866,8.5003744,11752.5,node,13159956403,https://www.openstreetmap.org/node/13159956403
Taxi und Mietwagen Lukas Cevik,,,company,49.1030081,8.4715962,11776.5,node,9159054310,https://www.openstreetmap.org/node/9159054310
GÜNTER RUPP,https://www.rupp-siebe.com/,info@rupp-siebsysteme.de,toolmaker,48.9221511,8.5012128,11810.2,way,114713991,https://www.openstreetmap.org/way/114713991
Ortsverwaltung,,,government,48.9666375,8.5534718,11810.3,node,13245616590,https://www.openstreetmap.org/node/13245616590
BGV,,,insurance,48.9218671,8.5007211,11813.9,node,13159956405,https://www.openstreetmap.org/node/13159956405
Snack TEC,,,company,48.9215705,8.5005368,11832.3,node,472294390,https://www.openstreetmap.org/node/472294390
Barmenia Versicherung - Alexandra Pilyus,https://agentur.barmenia.de/alexandra_pilyus,,insurance,49.1018655,8.4771936,11840.1,node,11690958941,https://www.openstreetmap.org/node/11690958941
Glaserei Bauer,,,window_construction,48.9397725,8.277738,11842.4,node,6048323925,https://www.openstreetmap.org/node/6048323925
riess,https://www.riess.de/,box@riess.de,it,48.9220129,8.5018345,11849.9,way,114713989,https://www.openstreetmap.org/way/114713989
Riedle HeizTech,http://www.riedle-heiztech.de/,info@riedle-heiztech.de,hvac,49.1042633,8.4701815,11860.8,node,3157447588,https://www.openstreetmap.org/node/3157447588
EPIKUR,http://lernhilfe-epikur.de/,info@lernhilfe-epikur.de,educational_institution,49.0884932,8.508604,11864.6,node,5237290908,https://www.openstreetmap.org/node/5237290908
Maler Kleiber,,,painter,48.9386813,8.529363,11902.5,node,4086843413,https://www.openstreetmap.org/node/4086843413
MiNo,,,painter,49.0889371,8.5091049,11925.8,node,5298221194,https://www.openstreetmap.org/node/5298221194
Grabmale Martin Faass,https://martin-faass-grabmale.de,info@martin-faass-grabmale.de,stonemason,48.9212,8.5024785,11950.3,node,13108602784,https://www.openstreetmap.org/node/13108602784
Gasübergabestelle Hardt-Nord,,,gas,49.1115298,8.4452994,12022.7,way,511354379,https://www.openstreetmap.org/way/511354379
Guthmann,https://www.guthmann-gmbh.com/,info@guthmann-gmbh.com,painter,48.9394295,8.5325966,12033.2,node,4086840529,https://www.openstreetmap.org/node/4086840529
Sparkassen Versicherung,https://www.sparkassenversicherung.de/bernd.kuenzler,,insurance,48.9208968,8.5037997,12035.6,node,13159956401,https://www.openstreetmap.org/node/13159956401
Steuerring,https://www.steuerring.de/arbeitnehmer-steuererklaerung/martin/karlsbad.html,,tax_advisor,48.9206386,8.5037533,12056.3,node,13158362038,https://www.openstreetmap.org/node/13158362038
Obstbrennerei Fränkle,,,distillery,48.9403333,8.5342707,12067.0,node,3556037897,https://www.openstreetmap.org/node/3556037897
LVM,,,insurance,48.9396438,8.5339714,12097.1,node,4086852009,https://www.openstreetmap.org/node/4086852009
Gamerbräu,https://gamerbraeu.de/,info@gamerbraeu.de,brewery,49.0903287,8.5103435,12102.3,node,9402194954,https://www.openstreetmap.org/node/9402194954
Gartenarbeit König & Schlienz,,,gardener,48.9392403,8.5338193,12116.2,node,4033155010,https://www.openstreetmap.org/node/4033155010
Elektro Wiens,http://www.elektro-wiens.de/,,electrician,49.0909145,8.5098119,12127.5,node,3331092049,https://www.openstreetmap.org/node/3331092049
Gotman Fliesenfachbetrieb,https://www.fliesenleger-stutensee.de,gotman75@gmail.com,tiler,49.1023741,8.484339,12134.0,node,3331092051,https://www.openstreetmap.org/node/3331092051
Goldland Immobilien UG,,,estate_agent,49.1046587,8.4780214,12144.7,node,8003300544,https://www.openstreetmap.org/node/8003300544
Fliesenverlegung Oliver Megerle,https://megerle.info/,oliver.megerle@web.de,tiler,49.0921836,8.5079955,12153.3,node,5212306798,https://www.openstreetmap.org/node/5212306798
Helmut Ruf,,,gardener,49.0918784,8.5093759,12190.1,node,3331092052,https://www.openstreetmap.org/node/3331092052
HHAC Labor Dr. Heusler,https://hhac.de/,hhac@hhac.de,laboratory,49.1041169,8.4811696,12195.3,node,12069253160,https://www.openstreetmap.org/node/12069253160
Helius Drive Systems,,,company,49.1040874,8.481358,12198.7,node,11992001020,https://www.openstreetmap.org/node/11992001020
Haus Garten Montage,https://www.haus-garten-montage.de/,info@haus-garten-montage.de,gardener,49.1078448,8.4697402,12212.6,node,12071271495,https://www.openstreetmap.org/node/12071271495
AB-Fotodesign,https://www.ab-fotodesign.de/,info@ab-fotodesign.de,photographer,49.1081842,8.4693596,12236.4,node,10099251202,https://www.openstreetmap.org/node/10099251202
Katholisches Pfarramt,,,religion,48.9380321,8.2728706,12240.6,node,12454136359,https://www.openstreetmap.org/node/12454136359
Crossing Steuerberatungsgesellschaft,https://www.crossing-gmbh.de/,,tax_advisor,49.0925067,8.5094181,12246.3,node,8071787384,https://www.openstreetmap.org/node/8071787384
Scheffler,https://scheffler-haustechnik.de/,info@scheffler-haustechnik.de,hvac,49.0910894,8.5120891,12248.9,way,296436385,https://www.openstreetmap.org/way/296436385
BürgerBüro Staffort,,staffort@stutensee.de,government,49.0916177,8.5118416,12282.2,node,3219494054,https://www.openstreetmap.org/node/3219494054
Brennerei Heidt,https://www.brennerei-heidt.de/,info@brennerei-heidt.de,distillery,49.092887,8.5098311,12298.1,node,6039797247,https://www.openstreetmap.org/node/6039797247
Metallbau Model,https://metallbau-model.de/,,metal_construction,49.1085327,8.4709508,12317.7,node,14088278584,https://www.openstreetmap.org/node/14088278584
Brecht Garten- & Landschaftsbau,https://www.brecht-galabau.de/,info@brecht-galabau.de,gardener,49.0929362,8.5101748,12318.1,node,11010226404,https://www.openstreetmap.org/node/11010226404
Hannemann Montageservice,https://www.hannemann.biz/,info@hannemann.biz,joiner,49.1095226,8.4674971,12321.7,node,3327214325,https://www.openstreetmap.org/node/3327214325
Jochen Strumm,,,hvac,49.1095219,8.4682919,12343.5,node,3244130739,https://www.openstreetmap.org/node/3244130739
Timo Rehorn,https://www.timo-rehorn.de/,info@timo-rehorn.de,company,49.1178541,8.4153631,12366.8,node,8736356159,https://www.openstreetmap.org/node/8736356159
Evangelische Kirchengemeinde Langensteinbach (Evang. Pfarrhaus),https://evkila.de/,,religion,48.9178674,8.505435,12376.3,node,5219794721,https://www.openstreetmap.org/node/5219794721
Pfarramt Evangelische Kirchengemeinde Friedrichstal,https://www.ev-kirche-friedrichstal.de/,sekretariat@ev-kirche-friedrichstal.de,religion,49.1061988,8.4811569,12400.5,node,10613672481,https://www.openstreetmap.org/node/10613672481
Brennerei Nagel,,,distillery,49.0937064,8.5108879,12417.3,node,6039797246,https://www.openstreetmap.org/node/6039797246
Natur- und Vogelfreunde Staffort,http://www.vogelfreunde-staffort.de/,vogelfreunde-staffort@web.de,club,49.0911991,8.5154557,12417.7,node,7997438271,https://www.openstreetmap.org/node/7997438271
Lid's Catering und Partyservice,,,caterer,49.0912281,8.5155697,12425.6,node,7997438272,https://www.openstreetmap.org/node/7997438272
Fotostudio W. Mayrhofer,http://www.foto-mayrhofer.de/,walter@foto-mayrhofer.de,photographer,49.0348651,8.568815,12435.2,way,547224365,https://www.openstreetmap.org/way/547224365
Bagpipemaker,,,yes,48.9349384,8.5345105,12457.8,node,4033409279,https://www.openstreetmap.org/node/4033409279
Cultura hominis,,,consulting,49.1077339,8.4788364,12477.5,node,3185533357,https://www.openstreetmap.org/node/3185533357
Helvetia Generalagentur Volker Meyer & Marcel Höniges,https://www.helvetia.com/de/web/de/ueber-uns/ueber-helvetia/deutschland/agenturen/volker-meyer.html,volker.meyer@partner.helvetia.de,insurance,49.107265,8.4803657,12480.2,node,10665633944,https://www.openstreetmap.org/node/10665633944
Trockenmacher,https://trockenmacher.de/,info@trockenmacher.de,water_damage_restoration,48.9164045,8.5060243,12532.5,node,5121858721,https://www.openstreetmap.org/node/5121858721
Geissler Bad & Dach,http://www.bad-dach.de/,,roofer;plumber,49.0937007,8.5134579,12535.5,node,3185533358,https://www.openstreetmap.org/node/3185533358
SK Holzbau,https://www.sk-holzbau.com/,,carpenter,48.942882,8.2622458,12540.5,way,155352959,https://www.openstreetmap.org/way/155352959
Geggus,,,cleaning,49.0935088,8.5141052,12549.3,node,9139493444,https://www.openstreetmap.org/node/9139493444
Jörg Hoffmann,https://www.stukkateurhoffmann.de/,info@stukkateurhoffmann.de,plasterer,49.1103332,8.4729521,12559.5,node,12462740255,https://www.openstreetmap.org/node/12462740255
in'cept GmbH,,,company,49.0919449,8.5173473,12570.8,node,4162090591,https://www.openstreetmap.org/node/4162090591
Ratzel Steuerberatungsgesellschaft,https://ratzel-stb.de/,info@kanzlei-ratzel.de,tax_advisor,49.1198706,8.4126479,12578.7,node,9422040405,https://www.openstreetmap.org/node/9422040405
Daferner,https://www.daferner-gmbh.de/,info@daferner-gmbh.de,joiner,48.893828,8.4109146,12584.1,node,12070644879,https://www.openstreetmap.org/node/12070644879
Holzbau Breyer GmbH,http://www.breyer-holzbau.de/,info@holzbau-breyer.de,carpenter,49.1103123,8.4738852,12584.9,node,3240210918,https://www.openstreetmap.org/node/3240210918
48DESIGN GmbH - Agentur für neue Medien,https://www.48design.de/,info@48design.de,company,49.0339259,8.5715148,12600.8,node,3675643815,https://www.openstreetmap.org/node/3675643815
Lernhilfe Fabian,https://www.lernhilfefabian.de/,nachhilfe.info@lernhilfefabian.de,educational_institution,49.1072637,8.4840323,12601.9,node,5139607927,https://www.openstreetmap.org/node/5139607927
Ochs Schreinerei,,,joiner,48.8936216,8.4113159,12608.3,node,12070644878,https://www.openstreetmap.org/node/12070644878
Malerfachbetrieb Joachim Rebholz,,,painter,48.8934386,8.4115744,12629.4,node,12070619736,https://www.openstreetmap.org/node/12070619736
Bürgert & Richter,,,insurance,48.9344231,8.2704619,12630.7,node,9718412518,https://www.openstreetmap.org/node/9718412518
Energieberatung & Schornsteinfeger M. Jung,http://www.energieberater-jung.de/,info@energieberater-jung.de,chimney_sweeper,49.0942575,8.5152837,12668.2,node,3196094986,https://www.openstreetmap.org/node/3196094986
Blechblasinstrumente-Karlsbad,https://www.blechblasinstrumente-karlsbad.de,info@blechblasinstrumente-karlsbad.de,musical_instrument,48.9149932,8.5062846,12670.1,node,10815321911,https://www.openstreetmap.org/node/10815321911
Neumeister,https://neumeister-gmbh.de/,kontakt@neumeister-gmbh.de,plumber,48.8930719,8.4121239,12672.1,node,12070619734,https://www.openstreetmap.org/node/12070619734
Schlanz Schleiftechnik,http://www.schanz-schleiftechnik.de/,info@schanz-messer.de,tool_sharpening,49.1113127,8.4737135,12681.5,node,3240093197,https://www.openstreetmap.org/node/3240093197
Pius Ochs und Söhne,,,tiler,48.8929136,8.412406,12690.7,node,12070619725,https://www.openstreetmap.org/node/12070619725
ISB GmbH,https://www.isb.net/,info@isb.net,company,49.1211778,8.4145884,12731.9,node,13544167095,https://www.openstreetmap.org/node/13544167095
Erb GaLaBau,https://www.erb-galabau.de/,info@erb-galabau.de,company,49.1207987,8.4221209,12735.9,node,13989621108,https://www.openstreetmap.org/node/13989621108
Physiolinkenheim,https://www.physiolinkenheim.de/,kontakt@physiolinkenheim.de,therapist,49.1211891,8.4152666,12736.3,node,10576902416,https://www.openstreetmap.org/node/10576902416
Wittemann GmbH,https://www.ihrbad.de/,info@ihrbad.de,hvac,49.1117695,8.4740448,12737.7,way,194491171,https://www.openstreetmap.org/way/194491171
Thomas Schückle,,,electrician,49.0933129,8.5184829,12739.7,node,3451272548,https://www.openstreetmap.org/node/3451272548
ELL,,,tiler,48.9407429,8.2608583,12759.9,node,661506082,https://www.openstreetmap.org/node/661506082
Steuerberaterin Anette Merk-Thiel,https://merk-thiel.de/,info@merk-thiel.de,accountant,49.1130321,8.4723238,12816.9,node,3170010497,https://www.openstreetmap.org/node/3170010497
Perfekt Gebäudereinigung,,,company,49.1222982,8.408283,12836.1,node,9437258083,https://www.openstreetmap.org/node/9437258083
dieBergerDesigner,https://www.diebergerdesigner.de/,hallo@diebergerdesigner.de,advertising_agency,49.1221878,8.413279,12838.4,node,9422040406,https://www.openstreetmap.org/node/9422040406
"Four Wheel Travel Co., Ltd. Niederlassung Deutschland",https://expedition.4wheel.travel,info@fourwheeltravel.co.th,company,48.9111044,8.5028328,12878.3,node,9368610517,https://www.openstreetmap.org/node/9368610517
Alkandu,,,shoemaker,49.1228533,8.4080808,12897.4,node,4868203807,https://www.openstreetmap.org/node/4868203807
i-Tüpfelchen Events & Dekoration mit Herz,https://www.i-tuepfelchen-shop.de,i-tuepfelchen-shop@onlinehome.de,event_management,48.912872,8.50757,12916.1,node,5121892822,https://www.openstreetmap.org/node/5121892822
Roos Spedition GmbH,,,company,48.9184963,8.2886982,12927.4,way,144255121,https://www.openstreetmap.org/way/144255121
Holiday Land Reise-Box,,,guide,48.9309051,8.2684485,12995.4,node,802380537,https://www.openstreetmap.org/node/802380537
Mahler-Transporte,http://www.mahler-transporte.de,,company,49.1137531,8.4760487,12998.4,node,4462240614,https://www.openstreetmap.org/node/4462240614
Evangelisches Pfarramt Linkenheim,,,religion,49.1238422,8.4078109,13006.8,way,192391270,https://www.openstreetmap.org/way/192391270
Rechtsanwaltskanzlei Rolf Schweiger,https://ra-schweiger.de/,,lawyer,49.1239352,8.4086546,13018.7,node,11476627085,https://www.openstreetmap.org/node/11476627085
Horvath Tief- und Straßenbau,,,builder,49.0817405,8.2656804,13055.7,node,10061345013,https://www.openstreetmap.org/node/10061345013
Freshfood,https://www.freshfood-catering.de/,info@freshfood-catering.de,caterer,48.9427405,8.2537639,13063.5,node,12304211132,https://www.openstreetmap.org/node/12304211132
Zapf Metallbau,,,metal_construction,49.0816008,8.2653384,13065.0,node,10061398242,https://www.openstreetmap.org/node/10061398242
Help & Clean,https://www.helpandclean.de/,helpandclean19@gmail.com,cleaning,49.1242438,8.4154718,13076.2,node,3571901393,https://www.openstreetmap.org/node/3571901393
Dr. Willmar Schwabe,,,company,48.9268297,8.2724726,13078.1,node,6927723899,https://www.openstreetmap.org/node/6927723899
TreeVitalis,http://www.TreeVitalis.de,,physician,48.9299969,8.2678019,13097.0,node,2710544949,https://www.openstreetmap.org/node/2710544949
Nees GmbH & Co. KG,https://nees-bauen.de/,info@nees-bauen.de,construction_company,49.1246941,8.411165,13109.4,node,10033954808,https://www.openstreetmap.org/node/10033954808
huks.digital,https://huks.digital,,advertising_agency,48.9093429,8.5047592,13119.4,way,240143575,https://www.openstreetmap.org/way/240143575
Reisebüro Anita Deigentasch-Stein,,,travel_agent,49.0923394,8.2795364,13120.2,way,216257091,https://www.openstreetmap.org/way/216257091
BB Zerspanungstechnik,,,metal_construction,49.0812249,8.2638605,13122.0,node,10061398287,https://www.openstreetmap.org/node/10061398287
Bodo Metz Stukkateurmeisterbetrieb,https://metz-stukkateurmeisterbetrieb.de/,info@metz-stukkateurmeisterbetrieb.de,company,49.124766,8.4135475,13125.7,node,10603838361,https://www.openstreetmap.org/node/10603838361
Gundolf Hertweck,,,tinsmith,48.9476301,8.2479809,13137.6,way,348035287,https://www.openstreetmap.org/way/348035287
Schlosserei und Metallbau Busch,https://www.busch-schlosserei.de,info@busch-schlosserei.de,metal_construction,48.9450748,8.2499298,13161.2,node,10749494859,https://www.openstreetmap.org/node/10749494859
Holcim Kies- und Trockensandwerk,https://www.holcim-sued.de/de/sueddeutschlandstandorte/3/1553,,gravel_plant,48.9071034,8.3067368,13162.9,way,39761734,https://www.openstreetmap.org/way/39761734
Tischlerei Oliver Gräßle,,,joiner,48.9571483,8.5679848,13203.8,way,123939230,https://www.openstreetmap.org/way/123939230
Allianz Generalvertretung Zahn OHG,http://www.allianz-zahn.de,agentur.zahn@allianz.de,insurance,49.0373911,8.5787407,13206.3,node,4891534052,https://www.openstreetmap.org/node/4891534052
Uwe und Bernd Stadler GdbR,,,joiner,48.8961116,8.4689445,13208.3,way,268400503,https://www.openstreetmap.org/way/268400503
Theapiezenturm Sproß Gmbh,https://www.therapiezentrum-spross.de/,info@therapiezentrum-spross.de,therapist,48.9057958,8.4987318,13211.2,node,13104021209,https://www.openstreetmap.org/node/13104021209
Wagner Gipser- und Stukkateurgeschäft,,,plasterer,49.1260697,8.4017275,13251.9,node,14027270678,https://www.openstreetmap.org/node/14027270678
Holcim Kies- und Trockensandwerk Malsch Verwaltung,https://www.holcim-sued.de/de/sueddeutschlandstandorte/3/1553,,company,48.9065444,8.3049168,13287.0,way,148890251,https://www.openstreetmap.org/way/148890251
Claas Landtechnik Jöhlingen,,,agricultural_engines,49.038239,8.579767,13302.9,node,5276181795,https://www.openstreetmap.org/node/5276181795
Honig vom Imker,,,beekeeper,49.0915934,8.2746629,13308.8,node,8283580763,https://www.openstreetmap.org/node/8283580763
Glasbläserei Glashalm,https://www.glashalm.de/,info@glashalm.de,glassblower,49.1266944,8.4072492,13323.1,node,12598913731,https://www.openstreetmap.org/node/12598913731
Zimmerei Meisterbetrieb Manfred Antoni,,,carpenter,49.1119068,8.3127023,13427.5,way,116480470,https://www.openstreetmap.org/way/116480470
Fotodesign Di Nunzio,https://www.fotodesign-dinunzio.de/,,photographer,48.9064036,8.5084457,13541.2,node,3239609588,https://www.openstreetmap.org/node/3239609588
Pädagogischer Fachdienst für Sprache und Kommunikation,,,yes,49.088929,8.5420156,13594.6,node,12155636384,https://www.openstreetmap.org/node/12155636384
Lau & Partner,https://www.lau-partner.de/,,estate_agent,49.094404,8.2730646,13612.8,node,2404853769,https://www.openstreetmap.org/node/2404853769
BAFzA-Bildungszentrum Büchenau,https://bundesfreiwilligendienst.de,BiZ-Buechenau@bafza.bund.de,educational_institution,49.0986605,8.5275322,13621.3,node,13755756154,https://www.openstreetmap.org/node/13755756154
Frank Raupp,,,painter,49.1108244,8.5030562,13636.3,node,3240093187,https://www.openstreetmap.org/node/3240093187
B.M Gartengestaltung,,,gardener,49.1111924,8.5022458,13639.8,node,9159054311,https://www.openstreetmap.org/node/9159054311
Schneider Gebäudetechnik GmbH,https://www.swhs.de/,,plumber,49.0980017,8.5294771,13661.3,node,4460859286,https://www.openstreetmap.org/node/4460859286
Hangar Süd von Aircraft Simulation Technology,https://www.hangar-sued.de/,,it,48.9222802,8.2678142,13672.6,node,10095770159,https://www.openstreetmap.org/node/10095770159
Giacomo Cammalleri Fliesenleger,https://gc-fliesen-karlsruhe.de/,gc@gc-fliesen-karlsruhe.de,company,49.1294785,8.4188099,13674.5,node,13987892856,https://www.openstreetmap.org/node/13987892856
Bolz,http://www.bolz-stutensee.de/,info@bolz-stutensee.de,property_management,49.1091416,8.508034,13676.4,node,5237290912,https://www.openstreetmap.org/node/5237290912
TSE GmbH,http://www.tse-informatik.de,,it,49.0902963,8.542142,13703.7,way,371473527,https://www.openstreetmap.org/way/371473527
Malerbetrieb Metz,https://www.malerbetrieb-metz.de/,info@malerbetrieb-metz.de,company,49.1300733,8.4139739,13716.7,node,10603838360,https://www.openstreetmap.org/node/10603838360
Steuerberatung Judith Frit,,info@steuerberater-fritzj.de,tax_advisor,49.0928822,8.2682383,13742.9,node,6419523775,https://www.openstreetmap.org/node/6419523775
Gudrun Süß,http://www.rechtsanwaeltin-suess-stutensee.de/,,lawyer,49.1111968,8.5068536,13819.9,node,3244130738,https://www.openstreetmap.org/node/3244130738
Invat Werkzeugschärfdienst,,,company,49.1011829,8.5276235,13836.9,node,4460859139,https://www.openstreetmap.org/node/4460859139
Saurano - Officemanagement,http://www.saurano.de/,dialog@saurano.de,company,49.1118262,8.5059467,13843.0,node,3429143645,https://www.openstreetmap.org/node/3429143645
Klaus Mangold,http://www.stb-mangold.de/,info@stb-mangold.de,tax_advisor,49.112365,8.50646,13913.6,node,4108196590,https://www.openstreetmap.org/node/4108196590
Anke Such,http://www.asr-web.de/,anke.such@asr-web.de,upholsterer,49.1126808,8.5057264,13914.6,node,3303274561,https://www.openstreetmap.org/node/3303274561
Hecht Steuerberatungsbüro,https://www.steuerbuero-hecht.de/,h.hecht@steuerbuero-hecht.de,tax_advisor,48.9139984,8.532144,13951.7,node,10197435481,https://www.openstreetmap.org/node/10197435481
Bedios GmbH,https://www.bedios.de,,advertising_agency,48.9141316,8.5324941,13958.0,node,14233779674,https://www.openstreetmap.org/node/14233779674
Magnie Personalservice e.K.,https://www.magnie.de/,,yes,49.0862649,8.5528122,13999.5,node,5224002428,https://www.openstreetmap.org/node/5224002428
engelschreiner,,,cabinet_maker,48.9444968,8.5709013,14038.2,node,4951258864,https://www.openstreetmap.org/node/4951258864
Eura Personal GmbH,http://www.eura-personal.de/de/standorte/standorte_bruchsal.php,,company,49.0866935,8.5534111,14063.4,node,3774060845,https://www.openstreetmap.org/node/3774060845
Süss,http://rolandsuess.de/,info@rolandsuess.de,plumber,49.1120259,8.5110176,14063.7,node,3221238766,https://www.openstreetmap.org/node/3221238766
Coban,,,tiler,49.1128451,8.5091339,14064.1,node,3146931436,https://www.openstreetmap.org/node/3146931436
Baublechnerei Helmut Feth,http://www.feth-blechnerei.de/,info@feth-blechnerei.de,tinsmith,49.1143922,8.5054415,14064.8,node,3817900388,https://www.openstreetmap.org/node/3817900388
Klotz Immobilien,,,estate_agent,49.0869476,8.5532746,14073.5,node,7554187296,https://www.openstreetmap.org/node/7554187296
Schreinerei Klöbel,,,joiner,49.1120079,8.5116279,14086.9,node,3196094989,https://www.openstreetmap.org/node/3196094989
BürgerBüro Spöck,http://www.stutensee.de/rathaus/ansprech/ap_spoec.html,spoeck@stutensee.de,government,49.1119239,8.5119362,14091.7,node,3219494053,https://www.openstreetmap.org/node/3219494053
Pailer,https://pailer.com/,,hvac,48.9476252,8.5744763,14099.3,way,1388462253,https://www.openstreetmap.org/way/1388462253
Dimos Panidis,,,plumber,49.1115181,8.5131866,14105.6,node,6285671349,https://www.openstreetmap.org/node/6285671349
Perfekt Gebäudereinigung,https://www.perfekt-gbr.de/,,company,49.1337403,8.4120057,14117.0,node,9437258084,https://www.openstreetmap.org/node/9437258084
Dietrich Concept,https://ds-concepts.de/,info@ds-concepts.de,stand_builder,49.1337607,8.412057,14119.4,node,13975357474,https://www.openstreetmap.org/node/13975357474
Baron Sicherheit & Service,https://baron-sicherheit-service.de/,,company,49.1339549,8.4120284,14140.9,node,9437258082,https://www.openstreetmap.org/node/9437258082
Bau Imperium,,,company,49.0914889,8.5489485,14160.6,node,6396688269,https://www.openstreetmap.org/node/6396688269
ElektroTechnik Michael Hoffner,http://www.etmh.de/,info@etmh.de,electrician,49.1132672,8.5108296,14171.1,node,4804504817,https://www.openstreetmap.org/node/4804504817
EntrümpelX,https://entruempelx.de,info@entruempelx.de,company,49.0882481,8.5535966,14183.4,node,13980166930,https://www.openstreetmap.org/node/13980166930
Xeno-Data GmbH,,,company,49.1125202,8.5134656,14209.1,node,6848233635,https://www.openstreetmap.org/node/6848233635
persolog GmbH,https://persolog.com,mail@persolog.com,company,48.9499787,8.5783722,14232.7,node,13285206001,https://www.openstreetmap.org/node/13285206001
plakartiv,http://www.plakartiv.de/,info@plakartiv.de,advertising_agency,49.1151809,8.5080649,14240.5,node,4358107241,https://www.openstreetmap.org/node/4358107241
Langhof GmbH,,,roofer,48.9571379,8.5836061,14247.4,node,10013695620,https://www.openstreetmap.org/node/10013695620
Drobny's Maler- und Stuckateurbetrieb,,,painter,49.113161,8.5142675,14300.8,node,5844471297,https://www.openstreetmap.org/node/5844471297
Alter Bahnhof Malsch,https://alterbahnhofmalsch.de/,,brewery,48.8894385,8.3238155,14304.7,way,106647445,https://www.openstreetmap.org/way/106647445
Allianz,www.ocker-steinmetz-allianz.de,ocker.steinmetz@allianz.de,insurance,48.9447311,8.5755261,14320.0,node,13241108349,https://www.openstreetmap.org/node/13241108349
jost-artwork,http://www.jost-artwork.de/,info@jost-artwork.de,advertising_agency,49.010057,8.6002179,14337.9,node,10818940565,https://www.openstreetmap.org/node/10818940565
Schlosserei Willi Bauer,https://www.wb-metallbau.de/,,metal_construction,48.9485564,8.2284517,14341.4,way,192712676,https://www.openstreetmap.org/way/192712676
Fliesen Grimm,http://fliesengrimm.net/,Info@fliesengrimm.de,company,49.1355513,8.4222758,14369.2,node,13988123797,https://www.openstreetmap.org/node/13988123797
Wertholzlager Landesforsten RLP,,,forestry,49.0559862,8.2212388,14378.5,node,5141477623,https://www.openstreetmap.org/node/5141477623
Oberacker Natur & Technik,https://www.oberacker.de/,,company,49.1363024,8.4120155,14401.7,node,13125117693,https://www.openstreetmap.org/node/13125117693
Cuffaro Immobilien,https://www.cuffaro-immobilien.de/,post@cuffaro-immobilien.de,estate_agent,49.1361415,8.4188795,14413.5,node,10694780163,https://www.openstreetmap.org/node/10694780163
Kastner Holzbau,,,carpenter,48.8895325,8.3196944,14420.6,way,192415547,https://www.openstreetmap.org/way/192415547
H+W,https://meisteramwerk.de/,,hvac,49.1141806,8.5150279,14425.7,node,6416919604,https://www.openstreetmap.org/node/6416919604
United Autoglas,,,company,48.886487,8.3300118,14430.3,node,14245122620,https://www.openstreetmap.org/node/14245122620
Zimmerei und Holzbau Stengel GmbH,,,carpenter,48.9513588,8.5824327,14432.3,way,441438844,https://www.openstreetmap.org/way/441438844
Wima Tische,,,carpenter,48.8897356,8.3185271,14436.7,way,192415649,https://www.openstreetmap.org/way/192415649
Fanara,,,window_construction,48.9507169,8.5820547,14438.2,node,3526899114,https://www.openstreetmap.org/node/3526899114
GAMERDINGER Glaserei - Fensterbau,,,glaziery,48.8897355,8.3179655,14454.4,way,192415610,https://www.openstreetmap.org/way/192415610
Evangelisches Pfarramt Hochstetten,,,religion,49.1369417,8.4144944,14481.4,node,13955153030,https://www.openstreetmap.org/node/13955153030
Schreinerei Kastner,https://www.schreinerei-kastner.de/,,carpenter,48.9509031,8.5830189,14492.7,way,563290509,https://www.openstreetmap.org/way/563290509
Profiltech Stufenbandprofile GmbH,https://www.profiltech.com/,,metal_construction,48.9519887,8.5840694,14510.6,way,1415126033,https://www.openstreetmap.org/way/1415126033
HS Treuhand GmbH,https://www.hs-gmbh-stb.de/,,tax_advisor,48.8852734,8.3316097,14512.9,node,9439730317,https://www.openstreetmap.org/node/9439730317
Gartenservice Haubl; Brennholz Stutensee,https://www.gartenservicewh.de/,gartenservicewh@gmail.de,gardener,49.1165677,8.5119908,14524.4,node,3303274562,https://www.openstreetmap.org/node/3303274562
Zimmerei Scheitl,https://zimmereischeitl.de/,info@zimmereischeitl.de,company,49.1368081,8.4248013,14526.7,node,13975357450,https://www.openstreetmap.org/node/13975357450
Klotz-Immobilien,,,estate_agent,49.0899072,8.558001,14548.2,node,4705996153,https://www.openstreetmap.org/node/4705996153
Mönch Holzbau,https://www.mönch-holzbau.de/,kontakt@moench-bau.de,company,49.1372017,8.4245759,14568.5,node,13975357451,https://www.openstreetmap.org/node/13975357451
MC Building GmbH,https://www.mc-building.de/,info@mc-building.de,company,49.137107,8.4260013,14569.2,node,13975357468,https://www.openstreetmap.org/node/13975357468
Gartenwerk Erb,https://gartenwerk-erb.de/,info@gartenwerk-erb.de,company,49.1372109,8.4253101,14575.2,node,13975357462,https://www.openstreetmap.org/node/13975357462
Baumpflege Dennig,https://baumpflege-dennig.de/,,gardener,48.951189,8.5845452,14579.8,way,397084065,https://www.openstreetmap.org/way/397084065
PS Solutions,,,consulting,48.8913799,8.3088292,14594.4,node,9939045474,https://www.openstreetmap.org/node/9939045474
MB Solartechnik,https://www.mb-solartechnik.de/,info@mb-solartechnik.de,photovoltaic,49.1183111,8.5098263,14603.4,node,13319283015,https://www.openstreetmap.org/node/13319283015
JB Elektro,https://www.jb-elektro.com/,info@jb-elektro.com,company,49.1377167,8.4239681,14620.9,node,10694372710,https://www.openstreetmap.org/node/10694372710
REBSTO GmbH,,,metal_construction,48.8912921,8.3082758,14622.2,node,2031854094,https://www.openstreetmap.org/node/2031854094
Unimess Duhr GmbH,,,company,48.8835702,8.3339996,14627.9,node,14245028755,https://www.openstreetmap.org/node/14245028755
Cuffaro Unternehmensgruppe,https://www.cuffaro-gruppe.de/,,company,49.1377929,8.4240613,14630.0,node,10706320297,https://www.openstreetmap.org/node/10706320297
Vi2vi GmbH,,,it,48.8909108,8.3091229,14630.2,node,2031854098,https://www.openstreetmap.org/node/2031854098
novemberWeb Internetdientleistungen,https://www.novemberweb.de,info@novemberweb.de,graphic_design,49.013058,8.6040776,14630.8,node,10791087309,https://www.openstreetmap.org/node/10791087309
Matthes Transporte,,,logistics,48.9636311,8.5935644,14666.4,node,491442088,https://www.openstreetmap.org/node/491442088
Generalagentur Björn Tremmel,https://www.sparkassenversicherung.de/,,insurance,49.1381828,8.4259589,14687.8,node,10033954809,https://www.openstreetmap.org/node/10033954809
Meisterklempnerei Alpeisow,http://www.aw-meisterklempnerei.de/,info@aw-meisterklempnerei.de,company,49.138298,8.4249555,14692.6,node,13978522950,https://www.openstreetmap.org/node/13978522950
SAN BAU,http://www.san-bau.de/,info@sanbau.de,plasterer;tiler,49.1174772,8.5141374,14694.5,node,3146931440,https://www.openstreetmap.org/node/3146931440
Perle Teppichwäscherei,https://www.teppichwaesche-karlsruhe.de/,info@teppichwaesche-karlsruhe.de,company,49.1382841,8.4255746,14695.9,node,10674747595,https://www.openstreetmap.org/node/10674747595
Maler Valencia,http://www.maler-valencia.de/,info@maler-valencia.de,painter,49.1175098,8.5141451,14697.8,node,3146931439,https://www.openstreetmap.org/node/3146931439
Dietmar Backes Holzwerkstatt,,,joiner,48.8832532,8.3325237,14698.7,node,5711073244,https://www.openstreetmap.org/node/5711073244
Arin Transporte,https://arin-ka.de/,,company,49.1383331,8.4269682,14712.7,node,11134237196,https://www.openstreetmap.org/node/11134237196
K&R Lackierung,,,company,49.138505,8.4251551,14717.0,node,10033954810,https://www.openstreetmap.org/node/10033954810
Eugen Geyer GmbH,https://www.geyer-gmbh.de,vertrieb@eugengeyer.de,company,48.9624521,8.5937434,14722.4,node,447489790,https://www.openstreetmap.org/node/447489790
Stuckateur Meisterbetrieb Ratzel,http://www.ratzel-gipser.de/,,company,49.1394774,8.4088943,14746.8,node,10748772426,https://www.openstreetmap.org/node/10748772426
Maler Berndt,,,painter,49.0149193,8.6059801,14780.1,way,229578346,https://www.openstreetmap.org/way/229578346
Zimmerei Ratzel,https://www.zimmerei-ratzel.de/,info@zimmerei-ratzel.de,company,49.1397714,8.4136264,14792.3,node,13975357477,https://www.openstreetmap.org/node/13975357477
W+W Holzelementbau,https://holzelementbau-nordbaden.de/,info@holzelementbau-nordbaden.de,company,49.139162,8.4260495,14796.7,node,13975357465,https://www.openstreetmap.org/node/13975357465
Tachlinski Elektrotechnik,http://tachlinski-elektro.de/,info@tachlinski-elektro.de,company,49.1398138,8.4142703,14799.4,node,13975357479,https://www.openstreetmap.org/node/13975357479
Stober Metallbau,,info@stober-mw.com,company,49.1398766,8.413248,14802.7,node,13978522951,https://www.openstreetmap.org/node/13978522951
Deutsche Vermögensberatung Bärbel Gessler,https://www.dvag.de/baerbel.gessler/index.html,Baerbel.Gessler@dvag.de,financial,48.8815612,8.3346434,14821.5,node,13927144325,https://www.openstreetmap.org/node/13927144325
Holzwerkstatt Max Geiger,https://www.holzwerkstatt-geiger.de/,mail@holzwerkstatt-geiger.de,company,49.1400211,8.4142873,14822.5,node,13975357473,https://www.openstreetmap.org/node/13975357473
Metallbau Greulich,https://www.metallbau-greulich.de/,,company,49.140309,8.4143011,14854.5,node,13975357475,https://www.openstreetmap.org/node/13975357475
Ambiente,,,painter,48.8809525,8.3355927,14861.8,node,2525196248,https://www.openstreetmap.org/node/2525196248
TRG design,https://trg-design.de/,,advertising_agency,48.884692,8.3209213,14873.0,node,9336517933,https://www.openstreetmap.org/node/9336517933
Heinrich Schmid,https://www.heinrich-schmid.com/,linkenheim@heinrich-schmid.de,company,49.1405044,8.4144006,14876.6,node,13978522954,https://www.openstreetmap.org/node/13978522954
Büro TV Hochstetten,,,club,49.1406409,8.4100443,14878.5,node,14247903266,https://www.openstreetmap.org/node/14247903266
Henninger Konstruktionstechnik,http://www.henninger-konstruktionstechnik.de/,mail@henninger-konstruktionstechnik.de,metal_construction,49.1222183,8.5075553,14888.8,node,4833442123,https://www.openstreetmap.org/node/4833442123
MF Gebäudetechnik,https://www.mf-gebaeudetechnik.de/,info@mf-gebaeudetechnik.de,electrician,48.9285278,8.5691417,14892.8,node,11527627619,https://www.openstreetmap.org/node/11527627619
Gruber,http://www.stukkateur-gruber.de/,info@stukkateur-gruber.de,plasterer,49.1224769,8.507257,14902.5,node,3231809101,https://www.openstreetmap.org/node/3231809101
Immobilien & Hausverwaltung Weiß e.K.,https://www.hausverwaltung-weiss.de,info@hausverwaltung-weiss.de,property_management,49.0078507,8.6082121,14917.4,way,319637950,https://www.openstreetmap.org/way/319637950
Buchmann Elektrotechnik,https://buchmann-elektro.de/,info@buchmann-elektro.de,company,49.1409263,8.4144863,14923.8,node,13975357476,https://www.openstreetmap.org/node/13975357476
LELE Production GbR,http://www.lele-pr.com/,,company,49.1226923,8.5073735,14927.5,node,9017961370,https://www.openstreetmap.org/node/9017961370
Avnet Embedded,https://embedded.avnet.com/,avnetembedded@avnet.eu,company,49.1231573,8.5062182,14929.8,node,5403451752,https://www.openstreetmap.org/node/5403451752
Hans Huber Grabmale,,,stonemason,49.0777233,8.5779351,14943.3,way,126063319,https://www.openstreetmap.org/way/126063319
Kurt Sauter,,,carpenter,49.0145136,8.6082859,14945.4,way,229441448,https://www.openstreetmap.org/way/229441448
Holz-Ruf,,,sawmill,48.9248192,8.5658507,14947.2,node,4338981484,https://www.openstreetmap.org/node/4338981484
MR Garten- und Landschaftsbau,,,company,49.1411815,8.4140693,14950.5,node,13975357472,https://www.openstreetmap.org/node/13975357472
Zwecker Heizungsbau,,,company,49.1412653,8.4126311,14954.9,node,13975357486,https://www.openstreetmap.org/node/13975357486
Mödinger & Motk GdbR,http://www.moedinger-motk.de/,kontakt@moedinger-motk.de,company,49.1218375,8.510391,14958.7,node,3173706672,https://www.openstreetmap.org/node/3173706672
Delta Leonis Mediendesign,http://www.delta-leonis.de/,,graphic_design,49.1236322,8.50611,14971.6,node,3393841875,https://www.openstreetmap.org/node/3393841875
Regulus Service GmbH,http://www.regulus-service.de/,info@regulus-service.de,plumber; electrician; painter,49.123544,8.5065477,14979.0,node,3473638239,https://www.openstreetmap.org/node/3473638239
Keramikstudio Baer,http://www.baer-zahntechnik.de/,info@baer-zahntechnik.de,company,49.1415266,8.4127677,14984.4,node,13975357481,https://www.openstreetmap.org/node/13975357481
Flex Dienstleistungen,https://flexdienstleistungen.de/,info@flexdienstleistungen.de,moving_company,49.0949783,8.5593532,14986.4,node,13617484701,https://www.openstreetmap.org/node/13617484701
Glashandlung Walter,https://www.glas-walter.de/,info@glas-walter.de,company,49.1415233,8.4142623,14989.2,node,13975357480,https://www.openstreetmap.org/node/13975357480
Stahlbau Ritz,http://www.stahlbau-ritz.de/,,company,49.14164,8.4117564,14993.9,node,13975357488,https://www.openstreetmap.org/node/13975357488
Steuerkanzlei Haag,https://www.steuerkanzlei-haag.de,info@steuerkanzlei-haag.de,tax_advisor,49.0760748,8.5802962,14995.2,node,4769826578,https://www.openstreetmap.org/node/4769826578
